2026-07-11 18:44:08.696  INFO 30424 --- [main] c.forgemind.ForgemindApplicationTests    : [ | ] Starting ForgemindApplicationTests using Java 21.0.11 with PID 30424 (started by varun in C:\Users\varun\OneDrive\Documents\flutter1\Forgemind\ForgeMind\backend)
2026-07-11 18:44:08.714 DEBUG 30424 --- [main] c.forgemind.ForgemindApplicationTests    : [ | ] Running with Spring Boot v3.3.1, Spring v6.1.10
2026-07-11 18:44:08.716  INFO 30424 --- [main] c.forgemind.ForgemindApplicationTests    : [ | ] The following 1 profile is active: "test"
2026-07-11 18:44:20.547 DEBUG 30424 --- [main] org.hibernate.SQL                        : [ | ] 
    drop table if exists public.activities cascade 
2026-07-11 18:44:20.558 DEBUG 30424 --- [main] org.hibernate.SQL                        : [ | ] 
    drop table if exists public.projects cascade 
2026-07-11 18:44:20.559 DEBUG 30424 --- [main] org.hibernate.SQL                        : [ | ] 
    drop table if exists public.refresh_tokens cascade 
2026-07-11 18:44:20.559 DEBUG 30424 --- [main] org.hibernate.SQL                        : [ | ] 
    drop table if exists public.roles cascade 
2026-07-11 18:44:20.560 DEBUG 30424 --- [main] org.hibernate.SQL                        : [ | ] 
    drop table if exists public.tasks cascade 
2026-07-11 18:44:20.560 DEBUG 30424 --- [main] org.hibernate.SQL                        : [ | ] 
    drop table if exists public.team_members cascade 
2026-07-11 18:44:20.561 DEBUG 30424 --- [main] org.hibernate.SQL                        : [ | ] 
    drop table if exists public.teams cascade 
2026-07-11 18:44:20.561 DEBUG 30424 --- [main] org.hibernate.SQL                        : [ | ] 
    drop table if exists public.user_roles cascade 
2026-07-11 18:44:20.561 DEBUG 30424 --- [main] org.hibernate.SQL                        : [ | ] 
    drop table if exists public.users cascade 
2026-07-11 18:44:20.572 DEBUG 30424 --- [main] org.hibernate.SQL                        : [ | ] 
    create table public.activities (
        actor_id bigint not null,
        created_at timestamp(6) with time zone not null,
        id uuid not null,
        project_id uuid,
        task_id uuid,
        team_id uuid,
        message TEXT not null,
        metadata TEXT,
        activity_type enum ('PROJECT_CREATED','PROJECT_DELETED','PROJECT_UPDATED','TASK_ASSIGNED','TASK_COMPLETED','TASK_CREATED','TASK_DELETED','TASK_STATUS_CHANGED','TASK_UPDATED','TEAM_CREATED','TEAM_MEMBER_ADDED','TEAM_MEMBER_REMOVED','USER_UPDATED') not null,
        primary key (id)
    )
2026-07-11 18:44:20.584 DEBUG 30424 --- [main] org.hibernate.SQL                        : [ | ] 
    create table public.projects (
        created_at timestamp(6) with time zone not null,
        owner_id bigint not null,
        updated_at timestamp(6) with time zone not null,
        id uuid not null,
        name varchar(100) not null,
        description TEXT,
        status enum ('ACTIVE','ARCHIVED','COMPLETED') not null,
        primary key (id)
    )
2026-07-11 18:44:20.587 DEBUG 30424 --- [main] org.hibernate.SQL                        : [ | ] 
    create table public.refresh_tokens (
        revoked boolean not null,
        created_at timestamp(6) with time zone not null,
        expires_at timestamp(6) with time zone not null,
        id bigint generated by default as identity,
        user_id bigint not null,
        token_hash varchar(255) not null unique,
        primary key (id)
    )
2026-07-11 18:44:20.597 DEBUG 30424 --- [main] org.hibernate.SQL                        : [ | ] 
    create table public.roles (
        created_at timestamp(6) with time zone not null,
        id bigint generated by default as identity,
        name varchar(50) not null unique,
        description varchar(255),
        primary key (id)
    )
2026-07-11 18:44:20.600 DEBUG 30424 --- [main] org.hibernate.SQL                        : [ | ] 
    create table public.tasks (
        assignee_id bigint,
        created_at timestamp(6) with time zone not null,
        created_by bigint not null,
        due_date timestamp(6) with time zone,
        updated_at timestamp(6) with time zone not null,
        id uuid not null,
        project_id uuid not null,
        description TEXT,
        title varchar(255) not null,
        priority enum ('CRITICAL','HIGH','LOW','MEDIUM') not null,
        status enum ('BLOCKED','DONE','IN_PROGRESS','IN_REVIEW','TODO') not null,
        primary key (id)
    )
2026-07-11 18:44:20.603 DEBUG 30424 --- [main] org.hibernate.SQL                        : [ | ] 
    create table public.team_members (
        joined_at timestamp(6) with time zone not null,
        user_id bigint not null,
        id uuid not null,
        team_id uuid not null,
        role enum ('ADMIN','MEMBER','OWNER') not null,
        primary key (id),
        unique (team_id, user_id)
    )
2026-07-11 18:44:20.605 DEBUG 30424 --- [main] org.hibernate.SQL                        : [ | ] 
    create table public.teams (
        created_at timestamp(6) with time zone not null,
        updated_at timestamp(6) with time zone not null,
        id uuid not null,
        description TEXT,
        name varchar(255) not null,
        primary key (id)
    )
2026-07-11 18:44:20.607 DEBUG 30424 --- [main] org.hibernate.SQL                        : [ | ] 
    create table public.user_roles (
        role_id bigint not null,
        user_id bigint not null,
        primary key (role_id, user_id)
    )
2026-07-11 18:44:20.612 DEBUG 30424 --- [main] org.hibernate.SQL                        : [ | ] 
    create table public.users (
        enabled boolean not null,
        created_at timestamp(6) with time zone not null,
        id bigint generated by default as identity,
        updated_at timestamp(6) with time zone not null,
        username varchar(50) not null unique,
        first_name varchar(100) not null,
        last_name varchar(100) not null,
        email varchar(255) not null unique,
        password_hash varchar(255) not null,
        primary key (id)
    )
2026-07-11 18:44:20.616 DEBUG 30424 --- [main] org.hibernate.SQL                        : [ | ] 
    alter table if exists public.activities 
       add constraint FKmfjrc8jdvy0yrr7x67qmrxkue 
       foreign key (actor_id) 
       references public.users
2026-07-11 18:44:20.638 DEBUG 30424 --- [main] org.hibernate.SQL                        : [ | ] 
    alter table if exists public.projects 
       add constraint FKmueqy6cpcwpfl8gnnag4idjt9 
       foreign key (owner_id) 
       references public.users
2026-07-11 18:44:20.641 DEBUG 30424 --- [main] org.hibernate.SQL                        : [ | ] 
    alter table if exists public.refresh_tokens 
       add constraint FK1lih5y2npsf8u5o3vhdb9y0os 
       foreign key (user_id) 
       references public.users
2026-07-11 18:44:20.643 DEBUG 30424 --- [main] org.hibernate.SQL                        : [ | ] 
    alter table if exists public.tasks 
       add constraint FKekr1dgiqktpyoip3qmp6lxsit 
       foreign key (assignee_id) 
       references public.users
2026-07-11 18:44:20.645 DEBUG 30424 --- [main] org.hibernate.SQL                        : [ | ] 
    alter table if exists public.tasks 
       add constraint FK9dgm9t7wn4w3gh57h63g712lo 
       foreign key (created_by) 
       references public.users
2026-07-11 18:44:20.647 DEBUG 30424 --- [main] org.hibernate.SQL                        : [ | ] 
    alter table if exists public.tasks 
       add constraint FKsfhn82y57i3k9uxww1s007acc 
       foreign key (project_id) 
       references public.projects
2026-07-11 18:44:20.650 DEBUG 30424 --- [main] org.hibernate.SQL                        : [ | ] 
    alter table if exists public.team_members 
       add constraint FKtgca08el3ofisywcf11f0f76t 
       foreign key (team_id) 
       references public.teams
2026-07-11 18:44:20.652 DEBUG 30424 --- [main] org.hibernate.SQL                        : [ | ] 
    alter table if exists public.team_members 
       add constraint FKee8x7x5026imwmma9kndkxs36 
       foreign key (user_id) 
       references public.users
2026-07-11 18:44:20.654 DEBUG 30424 --- [main] org.hibernate.SQL                        : [ | ] 
    alter table if exists public.user_roles 
       add constraint FKh8ciramu9cc9q3qcqiv4ue8a6 
       foreign key (role_id) 
       references public.roles
2026-07-11 18:44:20.656 DEBUG 30424 --- [main] org.hibernate.SQL                        : [ | ] 
    alter table if exists public.user_roles 
       add constraint FKhfh9dx7w3ubf1co1vdev94g3f 
       foreign key (user_id) 
       references public.users
2026-07-11 18:44:22.734  INFO 30424 --- [main] c.forgemind.modules.ai.config.AiConfig   : [ | ] Initializing AI Provider: MOCK
2026-07-11 18:44:22.981  INFO 30424 --- [main] c.f.modules.ai.tools.ToolExecutor        : [ | ] ToolExecutor initialized with 5 tools: [activity.recent, team.fetch, task.list, metrics.compute, project.fetch]
2026-07-11 18:44:23.034  INFO 30424 --- [main] c.f.modules.ai.agent.AgentRegistry       : [ | ] AgentRegistry initialized with 5 agents: [PLANNING, DOCUMENTATION, RISK_ANALYSIS, SPRINT_PLANNING, STANDUP]
2026-07-11 18:44:24.186  INFO 30424 --- [main] eAuthenticationProviderManagerConfigurer : [ | ] Global AuthenticationManager configured with AuthenticationProvider bean with name authenticationProvider
2026-07-11 18:44:24.187  WARN 30424 --- [main] r$InitializeUserDetailsManagerConfigurer : [ | ] Global AuthenticationManager configured with an AuthenticationProvider bean. UserDetailsService beans will not be used for username/password login. Consider removing the AuthenticationProvider bean. Alternatively, consider using the UserDetailsService in a manually instantiated DaoAuthenticationProvider.
2026-07-11 18:44:28.244  INFO 30424 --- [main] org.springframework.web.SimpLogging      : [ | ] Starting...
2026-07-11 18:44:28.246  INFO 30424 --- [main] org.springframework.web.SimpLogging      : [ | ] BrokerAvailabilityEvent[available=true, SimpleBrokerMessageHandler [org.springframework.messaging.simp.broker.DefaultSubscriptionRegistry@4e572e47]]
2026-07-11 18:44:28.248  INFO 30424 --- [main] org.springframework.web.SimpLogging      : [ | ] Started.
2026-07-11 18:44:28.284  INFO 30424 --- [main] c.forgemind.ForgemindApplicationTests    : [ | ] Started ForgemindApplicationTests in 20.535 seconds (process running for 23.037)
2026-07-11 18:44:28.608  INFO 30424 --- [main] c.f.modules.ai.agent.AgentRegistry       : [ | ] AgentRegistry initialized with 1 agents: [STANDUP]
2026-07-11 18:44:28.624  INFO 30424 --- [main] c.f.modules.ai.agent.AgentRegistry       : [ | ] AgentRegistry initialized with 2 agents: [PLANNING, RISK_ANALYSIS]
2026-07-11 18:44:28.627  INFO 30424 --- [main] c.f.modules.ai.agent.AgentRegistry       : [ | ] AgentRegistry initialized with 1 agents: [STANDUP]
2026-07-11 18:44:29.183  INFO 30424 --- [main] c.f.modules.ai.agent.AbstractAgent       : [ | ] Agent[PLANNING] starting execution 7d541635-fa93-4c87-98b7-3dd0fc83153d
2026-07-11 18:44:29.336  INFO 30424 --- [main] c.f.modules.ai.agent.AbstractAgent       : [ | ] Agent[PLANNING] completed execution 7d541635-fa93-4c87-98b7-3dd0fc83153d in 153ms
2026-07-11 18:44:29.361  INFO 30424 --- [main] c.f.modules.ai.agent.AbstractAgent       : [ | ] Agent[PLANNING] starting execution 87f4816a-24f9-42cb-a7ef-155e8b4ee83e
2026-07-11 18:44:29.362 ERROR 30424 --- [main] c.f.modules.ai.agent.AbstractAgent       : [ | ] Agent[PLANNING] failed execution 87f4816a-24f9-42cb-a7ef-155e8b4ee83e: PlannerAgent requires a non-blank 'featureDescription' parameter.
2026-07-11 18:44:29.563  INFO 30424 --- [main] c.f.modules.ai.tools.ToolExecutor        : [ | ] ToolExecutor initialized with 4 tools: [metrics.compute, project.fetch, task.list, activity.recent]
2026-07-11 18:44:29.565  INFO 30424 --- [main] c.f.modules.ai.agent.AbstractAgent       : [ | ] Agent[RISK_ANALYSIS] starting execution 22baff73-d2be-4d12-a9b1-343a6bfb4bc2
2026-07-11 18:44:29.566  WARN 30424 --- [main] c.f.m.a.agent.security.AgentAccessGuard  : [ | ] Agent access denied: user 999 attempted to run an agent on project d1c09f15-1b99-405d-a5bc-ca7c8e3b8376 owned by 42
2026-07-11 18:44:29.567 ERROR 30424 --- [main] c.f.modules.ai.agent.AbstractAgent       : [ | ] Agent[RISK_ANALYSIS] failed execution 22baff73-d2be-4d12-a9b1-343a6bfb4bc2: You do not have permission to run AI agents on this project.
2026-07-11 18:44:29.578  INFO 30424 --- [main] c.f.modules.ai.tools.ToolExecutor        : [ | ] ToolExecutor initialized with 4 tools: [metrics.compute, project.fetch, task.list, activity.recent]
2026-07-11 18:44:29.585  INFO 30424 --- [main] c.f.modules.ai.agent.AbstractAgent       : [ | ] Agent[RISK_ANALYSIS] starting execution 278410cc-8c05-4fb3-992f-64ffd0768987
2026-07-11 18:44:29.587 DEBUG 30424 --- [main] c.f.modules.ai.tools.ToolExecutor        : [ | ] Tool 'task.list' executed in 1ms
2026-07-11 18:44:29.588 DEBUG 30424 --- [main] c.f.modules.ai.tools.ToolExecutor        : [ | ] Tool 'metrics.compute' executed in 1ms
2026-07-11 18:44:29.590 DEBUG 30424 --- [main] c.f.modules.ai.tools.ToolExecutor        : [ | ] Tool 'activity.recent' executed in 2ms
2026-07-11 18:44:29.590 DEBUG 30424 --- [main] c.f.modules.ai.tools.ToolExecutor        : [ | ] Tool 'project.fetch' executed in 0ms
2026-07-11 18:44:29.672  INFO 30424 --- [main] c.f.modules.ai.agent.AbstractAgent       : [ | ] Agent[RISK_ANALYSIS] completed execution 278410cc-8c05-4fb3-992f-64ffd0768987 in 87ms
2026-07-11 18:44:29.705 ERROR 30424 --- [main] c.f.modules.ai.context.AiContextBuilder  : [ | ] Failed to serialize AI context

com.fasterxml.jackson.databind.exc.InvalidDefinitionException: Java 8 date/time type `java.time.Instant` not supported by default: add Module "com.fasterxml.jackson.datatype:jackson-datatype-jsr310" to enable handling (through reference chain: java.util.ImmutableCollections$MapN["tasks"]->java.util.Collections$UnmodifiableRandomAccessList[0]->com.forgemind.modules.task.dto.response.TaskResponse["createdAt"])
	at com.fasterxml.jackson.databind.exc.InvalidDefinitionException.from(InvalidDefinitionException.java:77)
	at com.fasterxml.jackson.databind.SerializerProvider.reportBadDefinition(SerializerProvider.java:1330)
	at com.fasterxml.jackson.databind.ser.impl.UnsupportedTypeSerializer.serialize(UnsupportedTypeSerializer.java:35)
	at com.fasterxml.jackson.databind.ser.BeanPropertyWriter.serializeAsField(BeanPropertyWriter.java:732)
	at com.fasterxml.jackson.databind.ser.std.BeanSerializerBase.serializeFields(BeanSerializerBase.java:770)
	at com.fasterxml.jackson.databind.ser.BeanSerializer.serialize(BeanSerializer.java:183)
	at com.fasterxml.jackson.databind.ser.impl.IndexedListSerializer.serializeContents(IndexedListSerializer.java:119)
	at com.fasterxml.jackson.databind.ser.impl.IndexedListSerializer.serialize(IndexedListSerializer.java:79)
	at com.fasterxml.jackson.databind.ser.impl.IndexedListSerializer.serialize(IndexedListSerializer.java:18)
	at com.fasterxml.jackson.databind.ser.std.MapSerializer.serializeFields(MapSerializer.java:808)
	at com.fasterxml.jackson.databind.ser.std.MapSerializer.serializeWithoutTypeInfo(MapSerializer.java:764)
	at com.fasterxml.jackson.databind.ser.std.MapSerializer.serialize(MapSerializer.java:720)
	at com.fasterxml.jackson.databind.ser.std.MapSerializer.serialize(MapSerializer.java:35)
	at com.fasterxml.jackson.databind.ser.DefaultSerializerProvider._serialize(DefaultSerializerProvider.java:502)
	at com.fasterxml.jackson.databind.ser.DefaultSerializerProvider.serializeValue(DefaultSerializerProvider.java:341)
	at com.fasterxml.jackson.databind.ObjectWriter$Prefetch.serialize(ObjectWriter.java:1574)
	at com.fasterxml.jackson.databind.ObjectWriter._writeValueAndClose(ObjectWriter.java:1275)
	at com.fasterxml.jackson.databind.ObjectWriter.writeValueAsString(ObjectWriter.java:1140)
	at com.forgemind.modules.ai.context.AiContextBuilder.buildProjectContext(AiContextBuilder.java:44)
	at com.forgemind.modules.ai.context.AiContextBuilderTest.buildProjectContext_ShouldGatherProjectAndTasks(AiContextBuilderTest.java:74)
	at java.base/jdk.internal.reflect.DirectMethodHandleAccessor.invoke(DirectMethodHandleAccessor.java:103)
	at java.base/java.lang.reflect.Method.invoke(Method.java:580)
	at org.junit.platform.commons.util.ReflectionUtils.invokeMethod(ReflectionUtils.java:728)
	at org.junit.jupiter.engine.execution.MethodInvocation.proceed(MethodInvocation.java:60)
	at org.junit.jupiter.engine.execution.InvocationInterceptorChain$ValidatingInvocation.proceed(InvocationInterceptorChain.java:131)
	at org.junit.jupiter.engine.extension.TimeoutExtension.intercept(TimeoutExtension.java:156)
	at org.junit.jupiter.engine.extension.TimeoutExtension.interceptTestableMethod(TimeoutExtension.java:147)
	at org.junit.jupiter.engine.extension.TimeoutExtension.interceptTestMethod(TimeoutExtension.java:86)
	at org.junit.jupiter.engine.execution.InterceptingExecutableInvoker$ReflectiveInterceptorCall.lambda$ofVoidMethod$0(InterceptingExecutableInvoker.java:103)
	at org.junit.jupiter.engine.execution.InterceptingExecutableInvoker.lambda$invoke$0(InterceptingExecutableInvoker.java:93)
	at org.junit.jupiter.engine.execution.InvocationInterceptorChain$InterceptedInvocation.proceed(InvocationInterceptorChain.java:106)
	at org.junit.jupiter.engine.execution.InvocationInterceptorChain.proceed(InvocationInterceptorChain.java:64)
	at org.junit.jupiter.engine.execution.InvocationInterceptorChain.chainAndInvoke(InvocationInterceptorChain.java:45)
	at org.junit.jupiter.engine.execution.InvocationInterceptorChain.invoke(InvocationInterceptorChain.java:37)
	at org.junit.jupiter.engine.execution.InterceptingExecutableInvoker.invoke(InterceptingExecutableInvoker.java:92)
	at org.junit.jupiter.engine.execution.InterceptingExecutableInvoker.invoke(InterceptingExecutableInvoker.java:86)
	at org.junit.jupiter.engine.descriptor.TestMethodTestDescriptor.lambda$invokeTestMethod$7(TestMethodTestDescriptor.java:218)
	at org.junit.platform.engine.support.hierarchical.ThrowableCollector.execute(ThrowableCollector.java:73)
	at org.junit.jupiter.engine.descriptor.TestMethodTestDescriptor.invokeTestMethod(TestMethodTestDescriptor.java:214)
	at org.junit.jupiter.engine.descriptor.TestMethodTestDescriptor.execute(TestMethodTestDescriptor.java:139)
	at org.junit.jupiter.engine.descriptor.TestMethodTestDescriptor.execute(TestMethodTestDescriptor.java:69)
	at org.junit.platform.engine.support.hierarchical.NodeTestTask.lambda$executeRecursively$6(NodeTestTask.java:151)
	at org.junit.platform.engine.support.hierarchical.ThrowableCollector.execute(ThrowableCollector.java:73)
	at org.junit.platform.engine.support.hierarchical.NodeTestTask.lambda$executeRecursively$8(NodeTestTask.java:141)
	at org.junit.platform.engine.support.hierarchical.Node.around(Node.java:137)
	at org.junit.platform.engine.support.hierarchical.NodeTestTask.lambda$executeRecursively$9(NodeTestTask.java:139)
	at org.junit.platform.engine.support.hierarchical.ThrowableCollector.execute(ThrowableCollector.java:73)
	at org.junit.platform.engine.support.hierarchical.NodeTestTask.executeRecursively(NodeTestTask.java:138)
	at org.junit.platform.engine.support.hierarchical.NodeTestTask.execute(NodeTestTask.java:95)
	at java.base/java.util.ArrayList.forEach(ArrayList.java:1596)
	at org.junit.platform.engine.support.hierarchical.SameThreadHierarchicalTestExecutorService.invokeAll(SameThreadHierarchicalTestExecutorService.java:41)
	at org.junit.platform.engine.support.hierarchical.NodeTestTask.lambda$executeRecursively$6(NodeTestTask.java:155)
	at org.junit.platform.engine.support.hierarchical.ThrowableCollector.execute(ThrowableCollector.java:73)
	at org.junit.platform.engine.support.hierarchical.NodeTestTask.lambda$executeRecursively$8(NodeTestTask.java:141)
	at org.junit.platform.engine.support.hierarchical.Node.around(Node.java:137)
	at org.junit.platform.engine.support.hierarchical.NodeTestTask.lambda$executeRecursively$9(NodeTestTask.java:139)
	at org.junit.platform.engine.support.hierarchical.ThrowableCollector.execute(ThrowableCollector.java:73)
	at org.junit.platform.engine.support.hierarchical.NodeTestTask.executeRecursively(NodeTestTask.java:138)
	at org.junit.platform.engine.support.hierarchical.NodeTestTask.execute(NodeTestTask.java:95)
	at java.base/java.util.ArrayList.forEach(ArrayList.java:1596)
	at org.junit.platform.engine.support.hierarchical.SameThreadHierarchicalTestExecutorService.invokeAll(SameThreadHierarchicalTestExecutorService.java:41)
	at org.junit.platform.engine.support.hierarchical.NodeTestTask.lambda$executeRecursively$6(NodeTestTask.java:155)
	at org.junit.platform.engine.support.hierarchical.ThrowableCollector.execute(ThrowableCollector.java:73)
	at org.junit.platform.engine.support.hierarchical.NodeTestTask.lambda$executeRecursively$8(NodeTestTask.java:141)
	at org.junit.platform.engine.support.hierarchical.Node.around(Node.java:137)
	at org.junit.platform.engine.support.hierarchical.NodeTestTask.lambda$executeRecursively$9(NodeTestTask.java:139)
	at org.junit.platform.engine.support.hierarchical.ThrowableCollector.execute(ThrowableCollector.java:73)
	at org.junit.platform.engine.support.hierarchical.NodeTestTask.executeRecursively(NodeTestTask.java:138)
	at org.junit.platform.engine.support.hierarchical.NodeTestTask.execute(NodeTestTask.java:95)
	at org.junit.platform.engine.support.hierarchical.SameThreadHierarchicalTestExecutorService.submit(SameThreadHierarchicalTestExecutorService.java:35)
	at org.junit.platform.engine.support.hierarchical.HierarchicalTestExecutor.execute(HierarchicalTestExecutor.java:57)
	at org.junit.platform.engine.support.hierarchical.HierarchicalTestEngine.execute(HierarchicalTestEngine.java:54)
	at org.junit.platform.launcher.core.EngineExecutionOrchestrator.execute(EngineExecutionOrchestrator.java:198)
	at org.junit.platform.launcher.core.EngineExecutionOrchestrator.execute(EngineExecutionOrchestrator.java:169)
	at org.junit.platform.launcher.core.EngineExecutionOrchestrator.execute(EngineExecutionOrchestrator.java:93)
	at org.junit.platform.launcher.core.EngineExecutionOrchestrator.lambda$execute$0(EngineExecutionOrchestrator.java:58)
	at org.junit.platform.launcher.core.EngineExecutionOrchestrator.withInterceptedStreams(EngineExecutionOrchestrator.java:141)
	at org.junit.platform.launcher.core.EngineExecutionOrchestrator.execute(EngineExecutionOrchestrator.java:57)
	at org.junit.platform.launcher.core.DefaultLauncher.execute(DefaultLauncher.java:103)
	at org.junit.platform.launcher.core.DefaultLauncher.execute(DefaultLauncher.java:85)
	at org.junit.platform.launcher.core.DelegatingLauncher.execute(DelegatingLauncher.java:47)
	at org.apache.maven.surefire.junitplatform.LazyLauncher.execute(LazyLauncher.java:56)
	at org.apache.maven.surefire.junitplatform.JUnitPlatformProvider.execute(JUnitPlatformProvider.java:184)
	at org.apache.maven.surefire.junitplatform.JUnitPlatformProvider.invokeAllTests(JUnitPlatformProvider.java:148)
	at org.apache.maven.surefire.junitplatform.JUnitPlatformProvider.invoke(JUnitPlatformProvider.java:122)
	at org.apache.maven.surefire.booter.ForkedBooter.runSuitesInProcess(ForkedBooter.java:385)
	at org.apache.maven.surefire.booter.ForkedBooter.execute(ForkedBooter.java:162)
	at org.apache.maven.surefire.booter.ForkedBooter.run(ForkedBooter.java:507)
	at org.apache.maven.surefire.booter.ForkedBooter.main(ForkedBooter.java:495)

2026-07-11 18:44:29.756  INFO 30424 --- [main] c.f.m.a.s.AiOrchestratorServiceImpl      : [ | ] Generating tasks for project 2834ec89-5029-400e-a27b-578b4f9ab285 with feature: Build login feature
2026-07-11 18:44:29.793  INFO 30424 --- [main] c.f.modules.ai.tools.ToolExecutor        : [ | ] ToolExecutor initialized with 1 tools: [echo]
2026-07-11 18:44:29.794 DEBUG 30424 --- [main] c.f.modules.ai.tools.ToolExecutor        : [ | ] Tool 'echo' executed in 1ms
2026-07-11 18:44:29.797  INFO 30424 --- [main] c.f.modules.ai.tools.ToolExecutor        : [ | ] ToolExecutor initialized with 1 tools: [echo]
2026-07-11 18:44:29.805  INFO 30424 --- [main] c.f.modules.ai.tools.ToolExecutor        : [ | ] ToolExecutor initialized with 1 tools: [boom]
2026-07-11 18:44:29.807 ERROR 30424 --- [main] c.f.modules.ai.tools.ToolExecutor        : [ | ] Tool 'boom' failed after 0ms

java.lang.IllegalStateException: kaboom
	at com.forgemind.modules.ai.tools.ToolExecutorTest$BoomTool.execute(ToolExecutorTest.java:51)
	at com.forgemind.modules.ai.tools.ToolExecutorTest$BoomTool.execute(ToolExecutorTest.java:38)
	at com.forgemind.modules.ai.tools.ToolExecutor.execute(ToolExecutor.java:73)
	at com.forgemind.modules.ai.tools.ToolExecutorTest.lambda$execute_ShouldWrapToolFailures$1(ToolExecutorTest.java:83)
	at org.junit.jupiter.api.AssertThrows.assertThrows(AssertThrows.java:53)
	at org.junit.jupiter.api.AssertThrows.assertThrows(AssertThrows.java:35)
	at org.junit.jupiter.api.Assertions.assertThrows(Assertions.java:3115)
	at com.forgemind.modules.ai.tools.ToolExecutorTest.execute_ShouldWrapToolFailures(ToolExecutorTest.java:83)
	at java.base/jdk.internal.reflect.DirectMethodHandleAccessor.invoke(DirectMethodHandleAccessor.java:103)
	at java.base/java.lang.reflect.Method.invoke(Method.java:580)
	at org.junit.platform.commons.util.ReflectionUtils.invokeMethod(ReflectionUtils.java:728)
	at org.junit.jupiter.engine.execution.MethodInvocation.proceed(MethodInvocation.java:60)
	at org.junit.jupiter.engine.execution.InvocationInterceptorChain$ValidatingInvocation.proceed(InvocationInterceptorChain.java:131)
	at org.junit.jupiter.engine.extension.TimeoutExtension.intercept(TimeoutExtension.java:156)
	at org.junit.jupiter.engine.extension.TimeoutExtension.interceptTestableMethod(TimeoutExtension.java:147)
	at org.junit.jupiter.engine.extension.TimeoutExtension.interceptTestMethod(TimeoutExtension.java:86)
	at org.junit.jupiter.engine.execution.InterceptingExecutableInvoker$ReflectiveInterceptorCall.lambda$ofVoidMethod$0(InterceptingExecutableInvoker.java:103)
	at org.junit.jupiter.engine.execution.InterceptingExecutableInvoker.lambda$invoke$0(InterceptingExecutableInvoker.java:93)
	at org.junit.jupiter.engine.execution.InvocationInterceptorChain$InterceptedInvocation.proceed(InvocationInterceptorChain.java:106)
	at org.junit.jupiter.engine.execution.InvocationInterceptorChain.proceed(InvocationInterceptorChain.java:64)
	at org.junit.jupiter.engine.execution.InvocationInterceptorChain.chainAndInvoke(InvocationInterceptorChain.java:45)
	at org.junit.jupiter.engine.execution.InvocationInterceptorChain.invoke(InvocationInterceptorChain.java:37)
	at org.junit.jupiter.engine.execution.InterceptingExecutableInvoker.invoke(InterceptingExecutableInvoker.java:92)
	at org.junit.jupiter.engine.execution.InterceptingExecutableInvoker.invoke(InterceptingExecutableInvoker.java:86)
	at org.junit.jupiter.engine.descriptor.TestMethodTestDescriptor.lambda$invokeTestMethod$7(TestMethodTestDescriptor.java:218)
	at org.junit.platform.engine.support.hierarchical.ThrowableCollector.execute(ThrowableCollector.java:73)
	at org.junit.jupiter.engine.descriptor.TestMethodTestDescriptor.invokeTestMethod(TestMethodTestDescriptor.java:214)
	at org.junit.jupiter.engine.descriptor.TestMethodTestDescriptor.execute(TestMethodTestDescriptor.java:139)
	at org.junit.jupiter.engine.descriptor.TestMethodTestDescriptor.execute(TestMethodTestDescriptor.java:69)
	at org.junit.platform.engine.support.hierarchical.NodeTestTask.lambda$executeRecursively$6(NodeTestTask.java:151)
	at org.junit.platform.engine.support.hierarchical.ThrowableCollector.execute(ThrowableCollector.java:73)
	at org.junit.platform.engine.support.hierarchical.NodeTestTask.lambda$executeRecursively$8(NodeTestTask.java:141)
	at org.junit.platform.engine.support.hierarchical.Node.around(Node.java:137)
	at org.junit.platform.engine.support.hierarchical.NodeTestTask.lambda$executeRecursively$9(NodeTestTask.java:139)
	at org.junit.platform.engine.support.hierarchical.ThrowableCollector.execute(ThrowableCollector.java:73)
	at org.junit.platform.engine.support.hierarchical.NodeTestTask.executeRecursively(NodeTestTask.java:138)
	at org.junit.platform.engine.support.hierarchical.NodeTestTask.execute(NodeTestTask.java:95)
	at java.base/java.util.ArrayList.forEach(ArrayList.java:1596)
	at org.junit.platform.engine.support.hierarchical.SameThreadHierarchicalTestExecutorService.invokeAll(SameThreadHierarchicalTestExecutorService.java:41)
	at org.junit.platform.engine.support.hierarchical.NodeTestTask.lambda$executeRecursively$6(NodeTestTask.java:155)
	at org.junit.platform.engine.support.hierarchical.ThrowableCollector.execute(ThrowableCollector.java:73)
	at org.junit.platform.engine.support.hierarchical.NodeTestTask.lambda$executeRecursively$8(NodeTestTask.java:141)
	at org.junit.platform.engine.support.hierarchical.Node.around(Node.java:137)
	at org.junit.platform.engine.support.hierarchical.NodeTestTask.lambda$executeRecursively$9(NodeTestTask.java:139)
	at org.junit.platform.engine.support.hierarchical.ThrowableCollector.execute(ThrowableCollector.java:73)
	at org.junit.platform.engine.support.hierarchical.NodeTestTask.executeRecursively(NodeTestTask.java:138)
	at org.junit.platform.engine.support.hierarchical.NodeTestTask.execute(NodeTestTask.java:95)
	at java.base/java.util.ArrayList.forEach(ArrayList.java:1596)
	at org.junit.platform.engine.support.hierarchical.SameThreadHierarchicalTestExecutorService.invokeAll(SameThreadHierarchicalTestExecutorService.java:41)
	at org.junit.platform.engine.support.hierarchical.NodeTestTask.lambda$executeRecursively$6(NodeTestTask.java:155)
	at org.junit.platform.engine.support.hierarchical.ThrowableCollector.execute(ThrowableCollector.java:73)
	at org.junit.platform.engine.support.hierarchical.NodeTestTask.lambda$executeRecursively$8(NodeTestTask.java:141)
	at org.junit.platform.engine.support.hierarchical.Node.around(Node.java:137)
	at org.junit.platform.engine.support.hierarchical.NodeTestTask.lambda$executeRecursively$9(NodeTestTask.java:139)
	at org.junit.platform.engine.support.hierarchical.ThrowableCollector.execute(ThrowableCollector.java:73)
	at org.junit.platform.engine.support.hierarchical.NodeTestTask.executeRecursively(NodeTestTask.java:138)
	at org.junit.platform.engine.support.hierarchical.NodeTestTask.execute(NodeTestTask.java:95)
	at org.junit.platform.engine.support.hierarchical.SameThreadHierarchicalTestExecutorService.submit(SameThreadHierarchicalTestExecutorService.java:35)
	at org.junit.platform.engine.support.hierarchical.HierarchicalTestExecutor.execute(HierarchicalTestExecutor.java:57)
	at org.junit.platform.engine.support.hierarchical.HierarchicalTestEngine.execute(HierarchicalTestEngine.java:54)
	at org.junit.platform.launcher.core.EngineExecutionOrchestrator.execute(EngineExecutionOrchestrator.java:198)
	at org.junit.platform.launcher.core.EngineExecutionOrchestrator.execute(EngineExecutionOrchestrator.java:169)
	at org.junit.platform.launcher.core.EngineExecutionOrchestrator.execute(EngineExecutionOrchestrator.java:93)
	at org.junit.platform.launcher.core.EngineExecutionOrchestrator.lambda$execute$0(EngineExecutionOrchestrator.java:58)
	at org.junit.platform.launcher.core.EngineExecutionOrchestrator.withInterceptedStreams(EngineExecutionOrchestrator.java:141)
	at org.junit.platform.launcher.core.EngineExecutionOrchestrator.execute(EngineExecutionOrchestrator.java:57)
	at org.junit.platform.launcher.core.DefaultLauncher.execute(DefaultLauncher.java:103)
	at org.junit.platform.launcher.core.DefaultLauncher.execute(DefaultLauncher.java:85)
	at org.junit.platform.launcher.core.DelegatingLauncher.execute(DelegatingLauncher.java:47)
	at org.apache.maven.surefire.junitplatform.LazyLauncher.execute(LazyLauncher.java:56)
	at org.apache.maven.surefire.junitplatform.JUnitPlatformProvider.execute(JUnitPlatformProvider.java:184)
	at org.apache.maven.surefire.junitplatform.JUnitPlatformProvider.invokeAllTests(JUnitPlatformProvider.java:148)
	at org.apache.maven.surefire.junitplatform.JUnitPlatformProvider.invoke(JUnitPlatformProvider.java:122)
	at org.apache.maven.surefire.booter.ForkedBooter.runSuitesInProcess(ForkedBooter.java:385)
	at org.apache.maven.surefire.booter.ForkedBooter.execute(ForkedBooter.java:162)
	at org.apache.maven.surefire.booter.ForkedBooter.run(ForkedBooter.java:507)
	at org.apache.maven.surefire.booter.ForkedBooter.main(ForkedBooter.java:495)

2026-07-11 18:44:29.817  INFO 30424 --- [main] c.f.modules.ai.agent.AgentRegistry       : [ | ] AgentRegistry initialized with 2 agents: [PLANNING, DOCUMENTATION]
2026-07-11 18:44:29.826  INFO 30424 --- [main] c.f.modules.ai.workflow.WorkflowEngine   : [ | ] Workflow[chained] starting with 2 step(s)
2026-07-11 18:44:29.827  INFO 30424 --- [main] c.f.modules.ai.workflow.WorkflowEngine   : [ | ] Workflow[chained] → step 'plan' (PLANNING)
2026-07-11 18:44:29.828  INFO 30424 --- [main] c.f.modules.ai.workflow.WorkflowEngine   : [ | ] Workflow[chained] → step 'document' (DOCUMENTATION)
2026-07-11 18:44:29.829  INFO 30424 --- [main] c.f.modules.ai.workflow.WorkflowEngine   : [ | ] Workflow[chained] completed 2 step(s) in 3ms
2026-07-11 18:44:29.832  INFO 30424 --- [main] c.f.modules.ai.agent.AgentRegistry       : [ | ] AgentRegistry initialized with 2 agents: [PLANNING, DOCUMENTATION]
2026-07-11 18:44:29.833  INFO 30424 --- [main] c.f.modules.ai.workflow.WorkflowEngine   : [ | ] Workflow[plan-then-doc] starting with 2 step(s)
2026-07-11 18:44:29.833  INFO 30424 --- [main] c.f.modules.ai.workflow.WorkflowEngine   : [ | ] Workflow[plan-then-doc] → step 'plan' (PLANNING)
2026-07-11 18:44:29.833  INFO 30424 --- [main] c.f.modules.ai.workflow.WorkflowEngine   : [ | ] Workflow[plan-then-doc] → step 'document' (DOCUMENTATION)
2026-07-11 18:44:29.834  INFO 30424 --- [main] c.f.modules.ai.workflow.WorkflowEngine   : [ | ] Workflow[plan-then-doc] completed 2 step(s) in 1ms
2026-07-11 18:44:30.117  INFO 30424 --- [main] c.f.m.a.c.AuthControllerIntegrationTest  : [ | ] Starting AuthControllerIntegrationTest using Java 21.0.11 with PID 30424 (started by varun in C:\Users\varun\OneDrive\Documents\flutter1\Forgemind\ForgeMind\backend)
2026-07-11 18:44:30.117 DEBUG 30424 --- [main] c.f.m.a.c.AuthControllerIntegrationTest  : [ | ] Running with Spring Boot v3.3.1, Spring v6.1.10
2026-07-11 18:44:30.118  INFO 30424 --- [main] c.f.m.a.c.AuthControllerIntegrationTest  : [ | ] The following 1 profile is active: "test"
2026-07-11 18:44:32.397 DEBUG 30424 --- [main] org.hibernate.SQL                        : [ | ] 
    drop table if exists public.activities cascade 
2026-07-11 18:44:32.401 DEBUG 30424 --- [main] org.hibernate.SQL                        : [ | ] 
    drop table if exists public.projects cascade 
2026-07-11 18:44:32.403 DEBUG 30424 --- [main] org.hibernate.SQL                        : [ | ] 
    drop table if exists public.refresh_tokens cascade 
2026-07-11 18:44:32.404 DEBUG 30424 --- [main] org.hibernate.SQL                        : [ | ] 
    drop table if exists public.roles cascade 
2026-07-11 18:44:32.405 DEBUG 30424 --- [main] org.hibernate.SQL                        : [ | ] 
    drop table if exists public.tasks cascade 
2026-07-11 18:44:32.407 DEBUG 30424 --- [main] org.hibernate.SQL                        : [ | ] 
    drop table if exists public.team_members cascade 
2026-07-11 18:44:32.408 DEBUG 30424 --- [main] org.hibernate.SQL                        : [ | ] 
    drop table if exists public.teams cascade 
2026-07-11 18:44:32.409 DEBUG 30424 --- [main] org.hibernate.SQL                        : [ | ] 
    drop table if exists public.user_roles cascade 
2026-07-11 18:44:32.410 DEBUG 30424 --- [main] org.hibernate.SQL                        : [ | ] 
    drop table if exists public.users cascade 
2026-07-11 18:44:32.412 DEBUG 30424 --- [main] org.hibernate.SQL                        : [ | ] 
    create table public.activities (
        actor_id bigint not null,
        created_at timestamp(6) with time zone not null,
        id uuid not null,
        project_id uuid,
        task_id uuid,
        team_id uuid,
        message TEXT not null,
        metadata TEXT,
        activity_type enum ('PROJECT_CREATED','PROJECT_DELETED','PROJECT_UPDATED','TASK_ASSIGNED','TASK_COMPLETED','TASK_CREATED','TASK_DELETED','TASK_STATUS_CHANGED','TASK_UPDATED','TEAM_CREATED','TEAM_MEMBER_ADDED','TEAM_MEMBER_REMOVED','USER_UPDATED') not null,
        primary key (id)
    )
2026-07-11 18:44:32.414 DEBUG 30424 --- [main] org.hibernate.SQL                        : [ | ] 
    create table public.projects (
        created_at timestamp(6) with time zone not null,
        owner_id bigint not null,
        updated_at timestamp(6) with time zone not null,
        id uuid not null,
        name varchar(100) not null,
        description TEXT,
        status enum ('ACTIVE','ARCHIVED','COMPLETED') not null,
        primary key (id)
    )
2026-07-11 18:44:32.416 DEBUG 30424 --- [main] org.hibernate.SQL                        : [ | ] 
    create table public.refresh_tokens (
        revoked boolean not null,
        created_at timestamp(6) with time zone not null,
        expires_at timestamp(6) with time zone not null,
        id bigint generated by default as identity,
        user_id bigint not null,
        token_hash varchar(255) not null unique,
        primary key (id)
    )
2026-07-11 18:44:32.418 DEBUG 30424 --- [main] org.hibernate.SQL                        : [ | ] 
    create table public.roles (
        created_at timestamp(6) with time zone not null,
        id bigint generated by default as identity,
        name varchar(50) not null unique,
        description varchar(255),
        primary key (id)
    )
2026-07-11 18:44:32.420 DEBUG 30424 --- [main] org.hibernate.SQL                        : [ | ] 
    create table public.tasks (
        assignee_id bigint,
        created_at timestamp(6) with time zone not null,
        created_by bigint not null,
        due_date timestamp(6) with time zone,
        updated_at timestamp(6) with time zone not null,
        id uuid not null,
        project_id uuid not null,
        description TEXT,
        title varchar(255) not null,
        priority enum ('CRITICAL','HIGH','LOW','MEDIUM') not null,
        status enum ('BLOCKED','DONE','IN_PROGRESS','IN_REVIEW','TODO') not null,
        primary key (id)
    )
2026-07-11 18:44:32.423 DEBUG 30424 --- [main] org.hibernate.SQL                        : [ | ] 
    create table public.team_members (
        joined_at timestamp(6) with time zone not null,
        user_id bigint not null,
        id uuid not null,
        team_id uuid not null,
        role enum ('ADMIN','MEMBER','OWNER') not null,
        primary key (id),
        unique (team_id, user_id)
    )
2026-07-11 18:44:32.425 DEBUG 30424 --- [main] org.hibernate.SQL                        : [ | ] 
    create table public.teams (
        created_at timestamp(6) with time zone not null,
        updated_at timestamp(6) with time zone not null,
        id uuid not null,
        description TEXT,
        name varchar(255) not null,
        primary key (id)
    )
2026-07-11 18:44:32.426 DEBUG 30424 --- [main] org.hibernate.SQL                        : [ | ] 
    create table public.user_roles (
        role_id bigint not null,
        user_id bigint not null,
        primary key (role_id, user_id)
    )
2026-07-11 18:44:32.427 DEBUG 30424 --- [main] org.hibernate.SQL                        : [ | ] 
    create table public.users (
        enabled boolean not null,
        created_at timestamp(6) with time zone not null,
        id bigint generated by default as identity,
        updated_at timestamp(6) with time zone not null,
        username varchar(50) not null unique,
        first_name varchar(100) not null,
        last_name varchar(100) not null,
        email varchar(255) not null unique,
        password_hash varchar(255) not null,
        primary key (id)
    )
2026-07-11 18:44:32.431 DEBUG 30424 --- [main] org.hibernate.SQL                        : [ | ] 
    alter table if exists public.activities 
       add constraint FKmfjrc8jdvy0yrr7x67qmrxkue 
       foreign key (actor_id) 
       references public.users
2026-07-11 18:44:32.433 DEBUG 30424 --- [main] org.hibernate.SQL                        : [ | ] 
    alter table if exists public.projects 
       add constraint FKmueqy6cpcwpfl8gnnag4idjt9 
       foreign key (owner_id) 
       references public.users
2026-07-11 18:44:32.435 DEBUG 30424 --- [main] org.hibernate.SQL                        : [ | ] 
    alter table if exists public.refresh_tokens 
       add constraint FK1lih5y2npsf8u5o3vhdb9y0os 
       foreign key (user_id) 
       references public.users
2026-07-11 18:44:32.438 DEBUG 30424 --- [main] org.hibernate.SQL                        : [ | ] 
    alter table if exists public.tasks 
       add constraint FKekr1dgiqktpyoip3qmp6lxsit 
       foreign key (assignee_id) 
       references public.users
2026-07-11 18:44:32.441 DEBUG 30424 --- [main] org.hibernate.SQL                        : [ | ] 
    alter table if exists public.tasks 
       add constraint FK9dgm9t7wn4w3gh57h63g712lo 
       foreign key (created_by) 
       references public.users
2026-07-11 18:44:32.442 DEBUG 30424 --- [main] org.hibernate.SQL                        : [ | ] 
    alter table if exists public.tasks 
       add constraint FKsfhn82y57i3k9uxww1s007acc 
       foreign key (project_id) 
       references public.projects
2026-07-11 18:44:32.444 DEBUG 30424 --- [main] org.hibernate.SQL                        : [ | ] 
    alter table if exists public.team_members 
       add constraint FKtgca08el3ofisywcf11f0f76t 
       foreign key (team_id) 
       references public.teams
2026-07-11 18:44:32.447 DEBUG 30424 --- [main] org.hibernate.SQL                        : [ | ] 
    alter table if exists public.team_members 
       add constraint FKee8x7x5026imwmma9kndkxs36 
       foreign key (user_id) 
       references public.users
2026-07-11 18:44:32.450 DEBUG 30424 --- [main] org.hibernate.SQL                        : [ | ] 
    alter table if exists public.user_roles 
       add constraint FKh8ciramu9cc9q3qcqiv4ue8a6 
       foreign key (role_id) 
       references public.roles
2026-07-11 18:44:32.452 DEBUG 30424 --- [main] org.hibernate.SQL                        : [ | ] 
    alter table if exists public.user_roles 
       add constraint FKhfh9dx7w3ubf1co1vdev94g3f 
       foreign key (user_id) 
       references public.users
2026-07-11 18:44:33.331  INFO 30424 --- [main] c.forgemind.modules.ai.config.AiConfig   : [ | ] Initializing AI Provider: MOCK
2026-07-11 18:44:33.467  INFO 30424 --- [main] c.f.modules.ai.tools.ToolExecutor        : [ | ] ToolExecutor initialized with 5 tools: [activity.recent, team.fetch, task.list, metrics.compute, project.fetch]
2026-07-11 18:44:33.497  INFO 30424 --- [main] c.f.modules.ai.agent.AgentRegistry       : [ | ] AgentRegistry initialized with 5 agents: [PLANNING, DOCUMENTATION, RISK_ANALYSIS, SPRINT_PLANNING, STANDUP]
2026-07-11 18:44:33.641  INFO 30424 --- [main] eAuthenticationProviderManagerConfigurer : [ | ] Global AuthenticationManager configured with AuthenticationProvider bean with name authenticationProvider
2026-07-11 18:44:33.641  WARN 30424 --- [main] r$InitializeUserDetailsManagerConfigurer : [ | ] Global AuthenticationManager configured with an AuthenticationProvider bean. UserDetailsService beans will not be used for username/password login. Consider removing the AuthenticationProvider bean. Alternatively, consider using the UserDetailsService in a manually instantiated DaoAuthenticationProvider.
2026-07-11 18:44:35.368 DEBUG 30424 --- [main] c.f.config.filter.MdcLoggingFilter       : [ | ] Filter 'mdcLoggingFilter' configured for use
2026-07-11 18:44:35.369 DEBUG 30424 --- [main] c.f.m.a.s.JwtAuthenticationFilter        : [ | ] Filter 'jwtAuthenticationFilter' configured for use
2026-07-11 18:44:35.408  INFO 30424 --- [main] org.springframework.web.SimpLogging      : [ | ] Starting...
2026-07-11 18:44:35.409  INFO 30424 --- [main] org.springframework.web.SimpLogging      : [ | ] BrokerAvailabilityEvent[available=true, SimpleBrokerMessageHandler [org.springframework.messaging.simp.broker.DefaultSubscriptionRegistry@7c5ecfca]]
2026-07-11 18:44:35.409  INFO 30424 --- [main] org.springframework.web.SimpLogging      : [ | ] Started.
2026-07-11 18:44:35.422  INFO 30424 --- [main] c.f.m.a.c.AuthControllerIntegrationTest  : [ | ] Started AuthControllerIntegrationTest in 5.429 seconds (process running for 30.176)
2026-07-11 18:44:35.638 DEBUG 30424 --- [main] org.hibernate.SQL                        : [ | ] 
    select
        u1_0.id,
        u1_0.created_at,
        u1_0.email,
        u1_0.enabled,
        u1_0.first_name,
        u1_0.last_name,
        u1_0.password_hash,
        u1_0.updated_at,
        u1_0.username 
    from
        public.users u1_0
2026-07-11 18:44:35.695 DEBUG 30424 --- [main] org.hibernate.SQL                        : [ | ] 
    select
        r1_0.id,
        r1_0.created_at,
        r1_0.description,
        r1_0.name 
    from
        public.roles r1_0
2026-07-11 18:44:35.741 DEBUG 30424 --- [main] org.hibernate.SQL                        : [ | ] 
    insert 
    into
        public.roles
        (created_at, description, name, id) 
    values
        (?, ?, ?, default)
2026-07-11 18:44:35.999  WARN 30424 --- [main] c.f.c.exception.GlobalExceptionHandler   : [8953bdfd-86d4-4ced-9752-1a9f926572e0 | ] Validation failure on /api/v1/auth/register: {password=Password must be at least 8 characters long}
2026-07-11 18:44:36.150 DEBUG 30424 --- [main] org.hibernate.SQL                        : [ | ] 
    select
        u1_0.id,
        u1_0.created_at,
        u1_0.email,
        u1_0.enabled,
        u1_0.first_name,
        u1_0.last_name,
        u1_0.password_hash,
        u1_0.updated_at,
        u1_0.username 
    from
        public.users u1_0
2026-07-11 18:44:36.153 DEBUG 30424 --- [main] org.hibernate.SQL                        : [ | ] 
    select
        r1_0.id,
        r1_0.created_at,
        r1_0.description,
        r1_0.name 
    from
        public.roles r1_0
2026-07-11 18:44:36.154 DEBUG 30424 --- [main] org.hibernate.SQL                        : [ | ] 
    insert 
    into
        public.roles
        (created_at, description, name, id) 
    values
        (?, ?, ?, default)
2026-07-11 18:44:36.163  WARN 30424 --- [main] c.f.c.exception.GlobalExceptionHandler   : [9a711138-3fd3-4bd5-acbb-d6682e3e29f6 | ] Validation failure on /api/v1/auth/register: {username=Username is required}
2026-07-11 18:44:36.181 DEBUG 30424 --- [main] org.hibernate.SQL                        : [ | ] 
    select
        u1_0.id,
        u1_0.created_at,
        u1_0.email,
        u1_0.enabled,
        u1_0.first_name,
        u1_0.last_name,
        u1_0.password_hash,
        u1_0.updated_at,
        u1_0.username 
    from
        public.users u1_0
2026-07-11 18:44:36.184 DEBUG 30424 --- [main] org.hibernate.SQL                        : [ | ] 
    select
        r1_0.id,
        r1_0.created_at,
        r1_0.description,
        r1_0.name 
    from
        public.roles r1_0
2026-07-11 18:44:36.186 DEBUG 30424 --- [main] org.hibernate.SQL                        : [ | ] 
    insert 
    into
        public.roles
        (created_at, description, name, id) 
    values
        (?, ?, ?, default)
2026-07-11 18:44:36.196 DEBUG 30424 --- [main] c.f.modules.auth.service.AuthService     : [79c5958b-6394-4399-b723-2cc0b40b54eb | ] Attempting to register new user: alicesmith
2026-07-11 18:44:36.270 DEBUG 30424 --- [main] org.hibernate.SQL                        : [79c5958b-6394-4399-b723-2cc0b40b54eb | ] 
    select
        u1_0.id 
    from
        public.users u1_0 
    where
        u1_0.username=? 
    fetch
        first ? rows only
2026-07-11 18:44:36.277 DEBUG 30424 --- [main] org.hibernate.SQL                        : [79c5958b-6394-4399-b723-2cc0b40b54eb | ] 
    select
        u1_0.id 
    from
        public.users u1_0 
    where
        u1_0.email=? 
    fetch
        first ? rows only
2026-07-11 18:44:36.282 DEBUG 30424 --- [main] org.hibernate.SQL                        : [79c5958b-6394-4399-b723-2cc0b40b54eb | ] 
    select
        r1_0.id,
        r1_0.created_at,
        r1_0.description,
        r1_0.name 
    from
        public.roles r1_0 
    where
        r1_0.name=?
2026-07-11 18:44:36.927 DEBUG 30424 --- [main] org.hibernate.SQL                        : [79c5958b-6394-4399-b723-2cc0b40b54eb | ] 
    insert 
    into
        public.users
        (created_at, email, enabled, first_name, last_name, password_hash, updated_at, username, id) 
    values
        (?, ?, ?, ?, ?, ?, ?, ?, default)
2026-07-11 18:44:36.930  INFO 30424 --- [main] c.f.modules.auth.service.AuthService     : [79c5958b-6394-4399-b723-2cc0b40b54eb | ] Successfully registered user: alicesmith with ID: 1
2026-07-11 18:44:36.970 DEBUG 30424 --- [main] org.hibernate.SQL                        : [ | ] 
    select
        u1_0.id,
        u1_0.created_at,
        u1_0.email,
        u1_0.enabled,
        u1_0.first_name,
        u1_0.last_name,
        u1_0.password_hash,
        u1_0.updated_at,
        u1_0.username 
    from
        public.users u1_0
2026-07-11 18:44:36.972 DEBUG 30424 --- [main] org.hibernate.SQL                        : [ | ] 
    select
        r1_0.id,
        r1_0.created_at,
        r1_0.description,
        r1_0.name 
    from
        public.roles r1_0
2026-07-11 18:44:36.974 DEBUG 30424 --- [main] org.hibernate.SQL                        : [ | ] 
    insert 
    into
        public.roles
        (created_at, description, name, id) 
    values
        (?, ?, ?, default)
2026-07-11 18:44:36.980 DEBUG 30424 --- [main] c.f.modules.auth.service.AuthService     : [fb9babc8-a07e-4892-b14d-fe5e0756438e | ] Attempting to register new user: bobjones
2026-07-11 18:44:36.983 DEBUG 30424 --- [main] org.hibernate.SQL                        : [fb9babc8-a07e-4892-b14d-fe5e0756438e | ] 
    select
        u1_0.id 
    from
        public.users u1_0 
    where
        u1_0.username=? 
    fetch
        first ? rows only
2026-07-11 18:44:36.986 DEBUG 30424 --- [main] org.hibernate.SQL                        : [fb9babc8-a07e-4892-b14d-fe5e0756438e | ] 
    select
        u1_0.id 
    from
        public.users u1_0 
    where
        u1_0.email=? 
    fetch
        first ? rows only
2026-07-11 18:44:36.988 DEBUG 30424 --- [main] org.hibernate.SQL                        : [fb9babc8-a07e-4892-b14d-fe5e0756438e | ] 
    select
        r1_0.id,
        r1_0.created_at,
        r1_0.description,
        r1_0.name 
    from
        public.roles r1_0 
    where
        r1_0.name=?
2026-07-11 18:44:37.588 DEBUG 30424 --- [main] org.hibernate.SQL                        : [fb9babc8-a07e-4892-b14d-fe5e0756438e | ] 
    insert 
    into
        public.users
        (created_at, email, enabled, first_name, last_name, password_hash, updated_at, username, id) 
    values
        (?, ?, ?, ?, ?, ?, ?, ?, default)
2026-07-11 18:44:37.590  INFO 30424 --- [main] c.f.modules.auth.service.AuthService     : [fb9babc8-a07e-4892-b14d-fe5e0756438e | ] Successfully registered user: bobjones with ID: 2
2026-07-11 18:44:37.607 DEBUG 30424 --- [main] org.hibernate.SQL                        : [ | ] 
    select
        u1_0.id,
        u1_0.created_at,
        u1_0.email,
        u1_0.enabled,
        u1_0.first_name,
        u1_0.last_name,
        u1_0.password_hash,
        u1_0.updated_at,
        u1_0.username 
    from
        public.users u1_0
2026-07-11 18:44:37.609 DEBUG 30424 --- [main] org.hibernate.SQL                        : [ | ] 
    select
        r1_0.id,
        r1_0.created_at,
        r1_0.description,
        r1_0.name 
    from
        public.roles r1_0
2026-07-11 18:44:37.611 DEBUG 30424 --- [main] org.hibernate.SQL                        : [ | ] 
    insert 
    into
        public.roles
        (created_at, description, name, id) 
    values
        (?, ?, ?, default)
2026-07-11 18:44:37.619 DEBUG 30424 --- [main] c.f.modules.auth.service.AuthService     : [ea81c951-3136-4465-ac38-7db777a56dd0 | ] Attempting to register new user: davegreen
2026-07-11 18:44:37.621 DEBUG 30424 --- [main] org.hibernate.SQL                        : [ea81c951-3136-4465-ac38-7db777a56dd0 | ] 
    select
        u1_0.id 
    from
        public.users u1_0 
    where
        u1_0.username=? 
    fetch
        first ? rows only
2026-07-11 18:44:37.624 DEBUG 30424 --- [main] org.hibernate.SQL                        : [ea81c951-3136-4465-ac38-7db777a56dd0 | ] 
    select
        u1_0.id 
    from
        public.users u1_0 
    where
        u1_0.email=? 
    fetch
        first ? rows only
2026-07-11 18:44:37.627 DEBUG 30424 --- [main] org.hibernate.SQL                        : [ea81c951-3136-4465-ac38-7db777a56dd0 | ] 
    select
        r1_0.id,
        r1_0.created_at,
        r1_0.description,
        r1_0.name 
    from
        public.roles r1_0 
    where
        r1_0.name=?
2026-07-11 18:44:38.233 DEBUG 30424 --- [main] org.hibernate.SQL                        : [ea81c951-3136-4465-ac38-7db777a56dd0 | ] 
    insert 
    into
        public.users
        (created_at, email, enabled, first_name, last_name, password_hash, updated_at, username, id) 
    values
        (?, ?, ?, ?, ?, ?, ?, ?, default)
2026-07-11 18:44:38.235  INFO 30424 --- [main] c.f.modules.auth.service.AuthService     : [ea81c951-3136-4465-ac38-7db777a56dd0 | ] Successfully registered user: davegreen with ID: 3
2026-07-11 18:44:38.242 DEBUG 30424 --- [main] c.f.modules.auth.service.AuthService     : [07a7c308-c2a2-49f7-9cdc-e790f23dcc64 | ] Attempting to register new user: davegreen2
2026-07-11 18:44:38.269 DEBUG 30424 --- [main] org.hibernate.SQL                        : [07a7c308-c2a2-49f7-9cdc-e790f23dcc64 | ] 
    select
        u1_0.id 
    from
        public.users u1_0 
    where
        u1_0.username=? 
    fetch
        first ? rows only
2026-07-11 18:44:38.273 DEBUG 30424 --- [main] org.hibernate.SQL                        : [07a7c308-c2a2-49f7-9cdc-e790f23dcc64 | ] 
    select
        u1_0.id 
    from
        public.users u1_0 
    where
        u1_0.email=? 
    fetch
        first ? rows only
2026-07-11 18:44:38.277  WARN 30424 --- [main] c.f.c.exception.GlobalExceptionHandler   : [07a7c308-c2a2-49f7-9cdc-e790f23dcc64 | ] Domain exception on /api/v1/auth/register: EMAIL_EXISTS - Email is already taken
2026-07-11 18:44:38.295 DEBUG 30424 --- [main] org.hibernate.SQL                        : [ | ] 
    select
        u1_0.id,
        u1_0.created_at,
        u1_0.email,
        u1_0.enabled,
        u1_0.first_name,
        u1_0.last_name,
        u1_0.password_hash,
        u1_0.updated_at,
        u1_0.username 
    from
        public.users u1_0
2026-07-11 18:44:38.298 DEBUG 30424 --- [main] org.hibernate.SQL                        : [ | ] 
    select
        r1_0.id,
        r1_0.created_at,
        r1_0.description,
        r1_0.name 
    from
        public.roles r1_0
2026-07-11 18:44:38.300 DEBUG 30424 --- [main] org.hibernate.SQL                        : [ | ] 
    insert 
    into
        public.roles
        (created_at, description, name, id) 
    values
        (?, ?, ?, default)
2026-07-11 18:44:38.307 DEBUG 30424 --- [main] c.f.modules.auth.service.AuthService     : [5b172162-fbc1-40b9-b1b9-04e4f99bdfb6 | ] Attempting to register new user: carolwhite
2026-07-11 18:44:38.309 DEBUG 30424 --- [main] org.hibernate.SQL                        : [5b172162-fbc1-40b9-b1b9-04e4f99bdfb6 | ] 
    select
        u1_0.id 
    from
        public.users u1_0 
    where
        u1_0.username=? 
    fetch
        first ? rows only
2026-07-11 18:44:38.312 DEBUG 30424 --- [main] org.hibernate.SQL                        : [5b172162-fbc1-40b9-b1b9-04e4f99bdfb6 | ] 
    select
        u1_0.id 
    from
        public.users u1_0 
    where
        u1_0.email=? 
    fetch
        first ? rows only
2026-07-11 18:44:38.315 DEBUG 30424 --- [main] org.hibernate.SQL                        : [5b172162-fbc1-40b9-b1b9-04e4f99bdfb6 | ] 
    select
        r1_0.id,
        r1_0.created_at,
        r1_0.description,
        r1_0.name 
    from
        public.roles r1_0 
    where
        r1_0.name=?
2026-07-11 18:44:38.794 DEBUG 30424 --- [main] org.hibernate.SQL                        : [5b172162-fbc1-40b9-b1b9-04e4f99bdfb6 | ] 
    insert 
    into
        public.users
        (created_at, email, enabled, first_name, last_name, password_hash, updated_at, username, id) 
    values
        (?, ?, ?, ?, ?, ?, ?, ?, default)
2026-07-11 18:44:38.796  INFO 30424 --- [main] c.f.modules.auth.service.AuthService     : [5b172162-fbc1-40b9-b1b9-04e4f99bdfb6 | ] Successfully registered user: carolwhite with ID: 4
2026-07-11 18:44:38.802 DEBUG 30424 --- [main] c.f.modules.auth.service.AuthService     : [83c70ff9-a1ac-441c-8823-2fbe7686a969 | ] Attempting to register new user: carolwhite
2026-07-11 18:44:38.804 DEBUG 30424 --- [main] org.hibernate.SQL                        : [83c70ff9-a1ac-441c-8823-2fbe7686a969 | ] 
    select
        u1_0.id 
    from
        public.users u1_0 
    where
        u1_0.username=? 
    fetch
        first ? rows only
2026-07-11 18:44:38.806  WARN 30424 --- [main] c.f.c.exception.GlobalExceptionHandler   : [83c70ff9-a1ac-441c-8823-2fbe7686a969 | ] Domain exception on /api/v1/auth/register: USERNAME_EXISTS - Username is already taken
2026-07-11 18:44:38.821 DEBUG 30424 --- [main] org.hibernate.SQL                        : [ | ] 
    select
        u1_0.id,
        u1_0.created_at,
        u1_0.email,
        u1_0.enabled,
        u1_0.first_name,
        u1_0.last_name,
        u1_0.password_hash,
        u1_0.updated_at,
        u1_0.username 
    from
        public.users u1_0
2026-07-11 18:44:38.823 DEBUG 30424 --- [main] org.hibernate.SQL                        : [ | ] 
    select
        r1_0.id,
        r1_0.created_at,
        r1_0.description,
        r1_0.name 
    from
        public.roles r1_0
2026-07-11 18:44:38.825 DEBUG 30424 --- [main] org.hibernate.SQL                        : [ | ] 
    insert 
    into
        public.roles
        (created_at, description, name, id) 
    values
        (?, ?, ?, default)
2026-07-11 18:44:38.831  WARN 30424 --- [main] c.f.c.exception.GlobalExceptionHandler   : [1627841d-8bcb-4646-8d9a-14f21e939625 | ] Validation failure on /api/v1/auth/register: {email=Email should be valid}
2026-07-11 18:44:38.845 DEBUG 30424 --- [main] org.hibernate.SQL                        : [ | ] 
    select
        u1_0.id,
        u1_0.created_at,
        u1_0.email,
        u1_0.enabled,
        u1_0.first_name,
        u1_0.last_name,
        u1_0.password_hash,
        u1_0.updated_at,
        u1_0.username 
    from
        public.users u1_0
2026-07-11 18:44:38.848 DEBUG 30424 --- [main] org.hibernate.SQL                        : [ | ] 
    select
        r1_0.id,
        r1_0.created_at,
        r1_0.description,
        r1_0.name 
    from
        public.roles r1_0
2026-07-11 18:44:38.849 DEBUG 30424 --- [main] org.hibernate.SQL                        : [ | ] 
    insert 
    into
        public.roles
        (created_at, description, name, id) 
    values
        (?, ?, ?, default)
2026-07-11 18:44:38.855  WARN 30424 --- [main] c.f.c.exception.GlobalExceptionHandler   : [ad20229f-8d3c-4fdf-af10-2e69466c3e04 | ] Validation failure on /api/v1/auth/register: {firstName=First name is required}
2026-07-11 18:44:38.894 DEBUG 30424 --- [main] org.hibernate.SQL                        : [ | ] 
    select
        rt1_0.id,
        rt1_0.created_at,
        rt1_0.expires_at,
        rt1_0.revoked,
        rt1_0.token_hash,
        rt1_0.user_id 
    from
        public.refresh_tokens rt1_0
2026-07-11 18:44:38.897 DEBUG 30424 --- [main] org.hibernate.SQL                        : [ | ] 
    select
        u1_0.id,
        u1_0.created_at,
        u1_0.email,
        u1_0.enabled,
        u1_0.first_name,
        u1_0.last_name,
        u1_0.password_hash,
        u1_0.updated_at,
        u1_0.username 
    from
        public.users u1_0
2026-07-11 18:44:38.899 DEBUG 30424 --- [main] org.hibernate.SQL                        : [ | ] 
    select
        r1_0.id,
        r1_0.created_at,
        r1_0.description,
        r1_0.name 
    from
        public.roles r1_0
2026-07-11 18:44:38.901 DEBUG 30424 --- [main] org.hibernate.SQL                        : [ | ] 
    insert 
    into
        public.roles
        (created_at, description, name, id) 
    values
        (?, ?, ?, default)
2026-07-11 18:44:38.906 DEBUG 30424 --- [main] c.f.modules.auth.service.AuthService     : [9e2bdcab-5d01-4607-ac41-5d8be167df96 | ] Attempting to register new user: alicesmith
2026-07-11 18:44:38.908 DEBUG 30424 --- [main] org.hibernate.SQL                        : [9e2bdcab-5d01-4607-ac41-5d8be167df96 | ] 
    select
        u1_0.id 
    from
        public.users u1_0 
    where
        u1_0.username=? 
    fetch
        first ? rows only
2026-07-11 18:44:38.910 DEBUG 30424 --- [main] org.hibernate.SQL                        : [9e2bdcab-5d01-4607-ac41-5d8be167df96 | ] 
    select
        u1_0.id 
    from
        public.users u1_0 
    where
        u1_0.email=? 
    fetch
        first ? rows only
2026-07-11 18:44:38.913 DEBUG 30424 --- [main] org.hibernate.SQL                        : [9e2bdcab-5d01-4607-ac41-5d8be167df96 | ] 
    select
        r1_0.id,
        r1_0.created_at,
        r1_0.description,
        r1_0.name 
    from
        public.roles r1_0 
    where
        r1_0.name=?
2026-07-11 18:44:39.393 DEBUG 30424 --- [main] org.hibernate.SQL                        : [9e2bdcab-5d01-4607-ac41-5d8be167df96 | ] 
    insert 
    into
        public.users
        (created_at, email, enabled, first_name, last_name, password_hash, updated_at, username, id) 
    values
        (?, ?, ?, ?, ?, ?, ?, ?, default)
2026-07-11 18:44:39.395  INFO 30424 --- [main] c.f.modules.auth.service.AuthService     : [9e2bdcab-5d01-4607-ac41-5d8be167df96 | ] Successfully registered user: alicesmith with ID: 5
2026-07-11 18:44:39.411 DEBUG 30424 --- [main] org.hibernate.SQL                        : [f884c651-90b0-49a1-a05e-6209c3a1fa87 | ] 
    select
        u1_0.id,
        u1_0.created_at,
        u1_0.email,
        u1_0.enabled,
        u1_0.first_name,
        u1_0.last_name,
        u1_0.password_hash,
        u1_0.updated_at,
        u1_0.username 
    from
        public.users u1_0 
    where
        u1_0.username=?
2026-07-11 18:44:39.417 DEBUG 30424 --- [main] org.hibernate.SQL                        : [f884c651-90b0-49a1-a05e-6209c3a1fa87 | ] 
    select
        u1_0.id,
        u1_0.created_at,
        u1_0.email,
        u1_0.enabled,
        u1_0.first_name,
        u1_0.last_name,
        u1_0.password_hash,
        u1_0.updated_at,
        u1_0.username 
    from
        public.users u1_0 
    where
        u1_0.email=?
2026-07-11 18:44:39.908 DEBUG 30424 --- [main] org.hibernate.SQL                        : [f884c651-90b0-49a1-a05e-6209c3a1fa87 | ] 
    select
        u1_0.id,
        u1_0.created_at,
        u1_0.email,
        u1_0.enabled,
        u1_0.first_name,
        u1_0.last_name,
        u1_0.password_hash,
        u1_0.updated_at,
        u1_0.username 
    from
        public.users u1_0 
    where
        u1_0.username=?
2026-07-11 18:44:40.626 DEBUG 30424 --- [main] org.hibernate.SQL                        : [f884c651-90b0-49a1-a05e-6209c3a1fa87 | ] 
    delete 
    from
        public.refresh_tokens rt1_0 
    where
        rt1_0.expires_at<?
2026-07-11 18:44:40.631 DEBUG 30424 --- [main] org.hibernate.SQL                        : [f884c651-90b0-49a1-a05e-6209c3a1fa87 | ] 
    insert 
    into
        public.refresh_tokens
        (created_at, expires_at, revoked, token_hash, user_id, id) 
    values
        (?, ?, ?, ?, ?, default)
2026-07-11 18:44:40.634  INFO 30424 --- [main] c.f.modules.auth.service.AuthService     : [f884c651-90b0-49a1-a05e-6209c3a1fa87 | ] User 'alicesmith' (ID: 5) logged in successfully
2026-07-11 18:44:40.653 DEBUG 30424 --- [main] org.hibernate.SQL                        : [ | ] 
    select
        rt1_0.id,
        rt1_0.created_at,
        rt1_0.expires_at,
        rt1_0.revoked,
        rt1_0.token_hash,
        rt1_0.user_id 
    from
        public.refresh_tokens rt1_0
2026-07-11 18:44:40.655 DEBUG 30424 --- [main] org.hibernate.SQL                        : [ | ] 
    select
        u1_0.id,
        u1_0.created_at,
        u1_0.email,
        u1_0.enabled,
        u1_0.first_name,
        u1_0.last_name,
        u1_0.password_hash,
        u1_0.updated_at,
        u1_0.username 
    from
        public.users u1_0
2026-07-11 18:44:40.656 DEBUG 30424 --- [main] org.hibernate.SQL                        : [ | ] 
    select
        r1_0.id,
        r1_0.created_at,
        r1_0.description,
        r1_0.name 
    from
        public.roles r1_0
2026-07-11 18:44:40.657 DEBUG 30424 --- [main] org.hibernate.SQL                        : [ | ] 
    insert 
    into
        public.roles
        (created_at, description, name, id) 
    values
        (?, ?, ?, default)
2026-07-11 18:44:40.662 DEBUG 30424 --- [main] c.f.modules.auth.service.AuthService     : [3744897b-67f1-4f00-b376-baf14a3ac6e1 | ] Attempting to register new user: alicesmith
2026-07-11 18:44:40.664 DEBUG 30424 --- [main] org.hibernate.SQL                        : [3744897b-67f1-4f00-b376-baf14a3ac6e1 | ] 
    select
        u1_0.id 
    from
        public.users u1_0 
    where
        u1_0.username=? 
    fetch
        first ? rows only
2026-07-11 18:44:40.667 DEBUG 30424 --- [main] org.hibernate.SQL                        : [3744897b-67f1-4f00-b376-baf14a3ac6e1 | ] 
    select
        u1_0.id 
    from
        public.users u1_0 
    where
        u1_0.email=? 
    fetch
        first ? rows only
2026-07-11 18:44:40.670 DEBUG 30424 --- [main] org.hibernate.SQL                        : [3744897b-67f1-4f00-b376-baf14a3ac6e1 | ] 
    select
        r1_0.id,
        r1_0.created_at,
        r1_0.description,
        r1_0.name 
    from
        public.roles r1_0 
    where
        r1_0.name=?
2026-07-11 18:44:41.175 DEBUG 30424 --- [main] org.hibernate.SQL                        : [3744897b-67f1-4f00-b376-baf14a3ac6e1 | ] 
    insert 
    into
        public.users
        (created_at, email, enabled, first_name, last_name, password_hash, updated_at, username, id) 
    values
        (?, ?, ?, ?, ?, ?, ?, ?, default)
2026-07-11 18:44:41.177  INFO 30424 --- [main] c.f.modules.auth.service.AuthService     : [3744897b-67f1-4f00-b376-baf14a3ac6e1 | ] Successfully registered user: alicesmith with ID: 6
2026-07-11 18:44:41.186 DEBUG 30424 --- [main] org.hibernate.SQL                        : [bd3004ec-3eb1-48a9-a8ae-ac279e9b0676 | ] 
    select
        u1_0.id,
        u1_0.created_at,
        u1_0.email,
        u1_0.enabled,
        u1_0.first_name,
        u1_0.last_name,
        u1_0.password_hash,
        u1_0.updated_at,
        u1_0.username 
    from
        public.users u1_0 
    where
        u1_0.username=?
2026-07-11 18:44:41.190 DEBUG 30424 --- [main] org.hibernate.SQL                        : [bd3004ec-3eb1-48a9-a8ae-ac279e9b0676 | ] 
    select
        u1_0.id,
        u1_0.created_at,
        u1_0.email,
        u1_0.enabled,
        u1_0.first_name,
        u1_0.last_name,
        u1_0.password_hash,
        u1_0.updated_at,
        u1_0.username 
    from
        public.users u1_0 
    where
        u1_0.username=?
2026-07-11 18:44:41.713 DEBUG 30424 --- [main] org.hibernate.SQL                        : [bd3004ec-3eb1-48a9-a8ae-ac279e9b0676 | ] 
    delete 
    from
        public.refresh_tokens rt1_0 
    where
        rt1_0.expires_at<?
2026-07-11 18:44:41.716 DEBUG 30424 --- [main] org.hibernate.SQL                        : [bd3004ec-3eb1-48a9-a8ae-ac279e9b0676 | ] 
    insert 
    into
        public.refresh_tokens
        (created_at, expires_at, revoked, token_hash, user_id, id) 
    values
        (?, ?, ?, ?, ?, default)
2026-07-11 18:44:41.718  INFO 30424 --- [main] c.f.modules.auth.service.AuthService     : [bd3004ec-3eb1-48a9-a8ae-ac279e9b0676 | ] User 'alicesmith' (ID: 6) logged in successfully
2026-07-11 18:44:41.879 DEBUG 30424 --- [main] org.hibernate.SQL                        : [ | ] 
    select
        rt1_0.id,
        rt1_0.created_at,
        rt1_0.expires_at,
        rt1_0.revoked,
        rt1_0.token_hash,
        rt1_0.user_id 
    from
        public.refresh_tokens rt1_0
2026-07-11 18:44:41.882 DEBUG 30424 --- [main] org.hibernate.SQL                        : [ | ] 
    select
        u1_0.id,
        u1_0.created_at,
        u1_0.email,
        u1_0.enabled,
        u1_0.first_name,
        u1_0.last_name,
        u1_0.password_hash,
        u1_0.updated_at,
        u1_0.username 
    from
        public.users u1_0
2026-07-11 18:44:41.884 DEBUG 30424 --- [main] org.hibernate.SQL                        : [ | ] 
    select
        r1_0.id,
        r1_0.created_at,
        r1_0.description,
        r1_0.name 
    from
        public.roles r1_0
2026-07-11 18:44:41.886 DEBUG 30424 --- [main] org.hibernate.SQL                        : [ | ] 
    insert 
    into
        public.roles
        (created_at, description, name, id) 
    values
        (?, ?, ?, default)
2026-07-11 18:44:41.890 DEBUG 30424 --- [main] c.f.modules.auth.service.AuthService     : [176aefec-36ba-4eab-b9b4-6da98c3504da | ] Attempting to register new user: alicesmith
2026-07-11 18:44:41.892 DEBUG 30424 --- [main] org.hibernate.SQL                        : [176aefec-36ba-4eab-b9b4-6da98c3504da | ] 
    select
        u1_0.id 
    from
        public.users u1_0 
    where
        u1_0.username=? 
    fetch
        first ? rows only
2026-07-11 18:44:41.895 DEBUG 30424 --- [main] org.hibernate.SQL                        : [176aefec-36ba-4eab-b9b4-6da98c3504da | ] 
    select
        u1_0.id 
    from
        public.users u1_0 
    where
        u1_0.email=? 
    fetch
        first ? rows only
2026-07-11 18:44:41.898 DEBUG 30424 --- [main] org.hibernate.SQL                        : [176aefec-36ba-4eab-b9b4-6da98c3504da | ] 
    select
        r1_0.id,
        r1_0.created_at,
        r1_0.description,
        r1_0.name 
    from
        public.roles r1_0 
    where
        r1_0.name=?
2026-07-11 18:44:42.383 DEBUG 30424 --- [main] org.hibernate.SQL                        : [176aefec-36ba-4eab-b9b4-6da98c3504da | ] 
    insert 
    into
        public.users
        (created_at, email, enabled, first_name, last_name, password_hash, updated_at, username, id) 
    values
        (?, ?, ?, ?, ?, ?, ?, ?, default)
2026-07-11 18:44:42.385  INFO 30424 --- [main] c.f.modules.auth.service.AuthService     : [176aefec-36ba-4eab-b9b4-6da98c3504da | ] Successfully registered user: alicesmith with ID: 7
2026-07-11 18:44:42.392 DEBUG 30424 --- [main] org.hibernate.SQL                        : [7ddc01da-7131-439f-9d39-7ced972cf213 | ] 
    select
        u1_0.id,
        u1_0.created_at,
        u1_0.email,
        u1_0.enabled,
        u1_0.first_name,
        u1_0.last_name,
        u1_0.password_hash,
        u1_0.updated_at,
        u1_0.username 
    from
        public.users u1_0 
    where
        u1_0.username=?
2026-07-11 18:44:42.395 DEBUG 30424 --- [main] org.hibernate.SQL                        : [7ddc01da-7131-439f-9d39-7ced972cf213 | ] 
    select
        u1_0.id,
        u1_0.created_at,
        u1_0.email,
        u1_0.enabled,
        u1_0.first_name,
        u1_0.last_name,
        u1_0.password_hash,
        u1_0.updated_at,
        u1_0.username 
    from
        public.users u1_0 
    where
        u1_0.username=?
2026-07-11 18:44:42.938 DEBUG 30424 --- [main] org.hibernate.SQL                        : [7ddc01da-7131-439f-9d39-7ced972cf213 | ] 
    delete 
    from
        public.refresh_tokens rt1_0 
    where
        rt1_0.expires_at<?
2026-07-11 18:44:42.941 DEBUG 30424 --- [main] org.hibernate.SQL                        : [7ddc01da-7131-439f-9d39-7ced972cf213 | ] 
    insert 
    into
        public.refresh_tokens
        (created_at, expires_at, revoked, token_hash, user_id, id) 
    values
        (?, ?, ?, ?, ?, default)
2026-07-11 18:44:42.942  INFO 30424 --- [main] c.f.modules.auth.service.AuthService     : [7ddc01da-7131-439f-9d39-7ced972cf213 | ] User 'alicesmith' (ID: 7) logged in successfully
2026-07-11 18:44:42.967 DEBUG 30424 --- [main] org.hibernate.SQL                        : [ | ] 
    select
        rt1_0.id,
        rt1_0.created_at,
        rt1_0.expires_at,
        rt1_0.revoked,
        rt1_0.token_hash,
        rt1_0.user_id 
    from
        public.refresh_tokens rt1_0
2026-07-11 18:44:42.970 DEBUG 30424 --- [main] org.hibernate.SQL                        : [ | ] 
    select
        u1_0.id,
        u1_0.created_at,
        u1_0.email,
        u1_0.enabled,
        u1_0.first_name,
        u1_0.last_name,
        u1_0.password_hash,
        u1_0.updated_at,
        u1_0.username 
    from
        public.users u1_0
2026-07-11 18:44:42.972 DEBUG 30424 --- [main] org.hibernate.SQL                        : [ | ] 
    select
        r1_0.id,
        r1_0.created_at,
        r1_0.description,
        r1_0.name 
    from
        public.roles r1_0
2026-07-11 18:44:42.975 DEBUG 30424 --- [main] org.hibernate.SQL                        : [ | ] 
    insert 
    into
        public.roles
        (created_at, description, name, id) 
    values
        (?, ?, ?, default)
2026-07-11 18:44:42.984 DEBUG 30424 --- [main] c.f.modules.auth.service.AuthService     : [9bcfb8e4-abd8-4b57-afbb-1f29214db52d | ] Attempting to register new user: alicesmith
2026-07-11 18:44:42.986 DEBUG 30424 --- [main] org.hibernate.SQL                        : [9bcfb8e4-abd8-4b57-afbb-1f29214db52d | ] 
    select
        u1_0.id 
    from
        public.users u1_0 
    where
        u1_0.username=? 
    fetch
        first ? rows only
2026-07-11 18:44:42.990 DEBUG 30424 --- [main] org.hibernate.SQL                        : [9bcfb8e4-abd8-4b57-afbb-1f29214db52d | ] 
    select
        u1_0.id 
    from
        public.users u1_0 
    where
        u1_0.email=? 
    fetch
        first ? rows only
2026-07-11 18:44:42.994 DEBUG 30424 --- [main] org.hibernate.SQL                        : [9bcfb8e4-abd8-4b57-afbb-1f29214db52d | ] 
    select
        r1_0.id,
        r1_0.created_at,
        r1_0.description,
        r1_0.name 
    from
        public.roles r1_0 
    where
        r1_0.name=?
2026-07-11 18:44:43.512 DEBUG 30424 --- [main] org.hibernate.SQL                        : [9bcfb8e4-abd8-4b57-afbb-1f29214db52d | ] 
    insert 
    into
        public.users
        (created_at, email, enabled, first_name, last_name, password_hash, updated_at, username, id) 
    values
        (?, ?, ?, ?, ?, ?, ?, ?, default)
2026-07-11 18:44:43.512  INFO 30424 --- [main] c.f.modules.auth.service.AuthService     : [9bcfb8e4-abd8-4b57-afbb-1f29214db52d | ] Successfully registered user: alicesmith with ID: 8
2026-07-11 18:44:43.521  WARN 30424 --- [main] c.f.c.exception.GlobalExceptionHandler   : [72f51bfb-13d7-4719-b082-84a44f1bcdd1 | ] Validation failure on /api/v1/auth/login: {usernameOrEmail=Username or email is required}
2026-07-11 18:44:43.536 DEBUG 30424 --- [main] org.hibernate.SQL                        : [ | ] 
    select
        rt1_0.id,
        rt1_0.created_at,
        rt1_0.expires_at,
        rt1_0.revoked,
        rt1_0.token_hash,
        rt1_0.user_id 
    from
        public.refresh_tokens rt1_0
2026-07-11 18:44:43.538 DEBUG 30424 --- [main] org.hibernate.SQL                        : [ | ] 
    select
        u1_0.id,
        u1_0.created_at,
        u1_0.email,
        u1_0.enabled,
        u1_0.first_name,
        u1_0.last_name,
        u1_0.password_hash,
        u1_0.updated_at,
        u1_0.username 
    from
        public.users u1_0
2026-07-11 18:44:43.540 DEBUG 30424 --- [main] org.hibernate.SQL                        : [ | ] 
    select
        r1_0.id,
        r1_0.created_at,
        r1_0.description,
        r1_0.name 
    from
        public.roles r1_0
2026-07-11 18:44:43.541 DEBUG 30424 --- [main] org.hibernate.SQL                        : [ | ] 
    insert 
    into
        public.roles
        (created_at, description, name, id) 
    values
        (?, ?, ?, default)
2026-07-11 18:44:43.547 DEBUG 30424 --- [main] c.f.modules.auth.service.AuthService     : [f164d2fe-0f94-4b8c-b15d-964e082d7f0c | ] Attempting to register new user: alicesmith
2026-07-11 18:44:43.549 DEBUG 30424 --- [main] org.hibernate.SQL                        : [f164d2fe-0f94-4b8c-b15d-964e082d7f0c | ] 
    select
        u1_0.id 
    from
        public.users u1_0 
    where
        u1_0.username=? 
    fetch
        first ? rows only
2026-07-11 18:44:43.551 DEBUG 30424 --- [main] org.hibernate.SQL                        : [f164d2fe-0f94-4b8c-b15d-964e082d7f0c | ] 
    select
        u1_0.id 
    from
        public.users u1_0 
    where
        u1_0.email=? 
    fetch
        first ? rows only
2026-07-11 18:44:43.553 DEBUG 30424 --- [main] org.hibernate.SQL                        : [f164d2fe-0f94-4b8c-b15d-964e082d7f0c | ] 
    select
        r1_0.id,
        r1_0.created_at,
        r1_0.description,
        r1_0.name 
    from
        public.roles r1_0 
    where
        r1_0.name=?
2026-07-11 18:44:44.065 DEBUG 30424 --- [main] org.hibernate.SQL                        : [f164d2fe-0f94-4b8c-b15d-964e082d7f0c | ] 
    insert 
    into
        public.users
        (created_at, email, enabled, first_name, last_name, password_hash, updated_at, username, id) 
    values
        (?, ?, ?, ?, ?, ?, ?, ?, default)
2026-07-11 18:44:44.068  INFO 30424 --- [main] c.f.modules.auth.service.AuthService     : [f164d2fe-0f94-4b8c-b15d-964e082d7f0c | ] Successfully registered user: alicesmith with ID: 9
2026-07-11 18:44:44.080 DEBUG 30424 --- [main] org.hibernate.SQL                        : [7f30c5e4-caaa-49e0-ac3b-e4d0e518e57f | ] 
    select
        u1_0.id,
        u1_0.created_at,
        u1_0.email,
        u1_0.enabled,
        u1_0.first_name,
        u1_0.last_name,
        u1_0.password_hash,
        u1_0.updated_at,
        u1_0.username 
    from
        public.users u1_0 
    where
        u1_0.username=?
2026-07-11 18:44:44.083 DEBUG 30424 --- [main] org.hibernate.SQL                        : [7f30c5e4-caaa-49e0-ac3b-e4d0e518e57f | ] 
    select
        u1_0.id,
        u1_0.created_at,
        u1_0.email,
        u1_0.enabled,
        u1_0.first_name,
        u1_0.last_name,
        u1_0.password_hash,
        u1_0.updated_at,
        u1_0.username 
    from
        public.users u1_0 
    where
        u1_0.username=?
2026-07-11 18:44:44.586 DEBUG 30424 --- [main] org.hibernate.SQL                        : [7f30c5e4-caaa-49e0-ac3b-e4d0e518e57f | ] 
    delete 
    from
        public.refresh_tokens rt1_0 
    where
        rt1_0.expires_at<?
2026-07-11 18:44:44.588 DEBUG 30424 --- [main] org.hibernate.SQL                        : [7f30c5e4-caaa-49e0-ac3b-e4d0e518e57f | ] 
    insert 
    into
        public.refresh_tokens
        (created_at, expires_at, revoked, token_hash, user_id, id) 
    values
        (?, ?, ?, ?, ?, default)
2026-07-11 18:44:44.590  INFO 30424 --- [main] c.f.modules.auth.service.AuthService     : [7f30c5e4-caaa-49e0-ac3b-e4d0e518e57f | ] User 'alicesmith' (ID: 9) logged in successfully
2026-07-11 18:44:44.740 DEBUG 30424 --- [main] org.hibernate.SQL                        : [ | ] 
    select
        count(*) 
    from
        public.refresh_tokens rt1_0
2026-07-11 18:44:44.754 DEBUG 30424 --- [main] org.hibernate.SQL                        : [ | ] 
    select
        rt1_0.id,
        rt1_0.created_at,
        rt1_0.expires_at,
        rt1_0.revoked,
        rt1_0.token_hash,
        rt1_0.user_id 
    from
        public.refresh_tokens rt1_0
2026-07-11 18:44:44.773 DEBUG 30424 --- [main] org.hibernate.SQL                        : [ | ] 
    select
        rt1_0.id,
        rt1_0.created_at,
        rt1_0.expires_at,
        rt1_0.revoked,
        rt1_0.token_hash,
        rt1_0.user_id 
    from
        public.refresh_tokens rt1_0
2026-07-11 18:44:44.775 DEBUG 30424 --- [main] org.hibernate.SQL                        : [ | ] 
    select
        u1_0.id,
        u1_0.created_at,
        u1_0.email,
        u1_0.enabled,
        u1_0.first_name,
        u1_0.last_name,
        u1_0.password_hash,
        u1_0.updated_at,
        u1_0.username 
    from
        public.users u1_0
2026-07-11 18:44:44.777 DEBUG 30424 --- [main] org.hibernate.SQL                        : [ | ] 
    select
        r1_0.id,
        r1_0.created_at,
        r1_0.description,
        r1_0.name 
    from
        public.roles r1_0
2026-07-11 18:44:44.778 DEBUG 30424 --- [main] org.hibernate.SQL                        : [ | ] 
    insert 
    into
        public.roles
        (created_at, description, name, id) 
    values
        (?, ?, ?, default)
2026-07-11 18:44:44.784 DEBUG 30424 --- [main] c.f.modules.auth.service.AuthService     : [e6ddcaf7-9e62-407a-8318-5f934c69fb5a | ] Attempting to register new user: alicesmith
2026-07-11 18:44:44.786 DEBUG 30424 --- [main] org.hibernate.SQL                        : [e6ddcaf7-9e62-407a-8318-5f934c69fb5a | ] 
    select
        u1_0.id 
    from
        public.users u1_0 
    where
        u1_0.username=? 
    fetch
        first ? rows only
2026-07-11 18:44:44.790 DEBUG 30424 --- [main] org.hibernate.SQL                        : [e6ddcaf7-9e62-407a-8318-5f934c69fb5a | ] 
    select
        u1_0.id 
    from
        public.users u1_0 
    where
        u1_0.email=? 
    fetch
        first ? rows only
2026-07-11 18:44:44.793 DEBUG 30424 --- [main] org.hibernate.SQL                        : [e6ddcaf7-9e62-407a-8318-5f934c69fb5a | ] 
    select
        r1_0.id,
        r1_0.created_at,
        r1_0.description,
        r1_0.name 
    from
        public.roles r1_0 
    where
        r1_0.name=?
2026-07-11 18:44:45.292 DEBUG 30424 --- [main] org.hibernate.SQL                        : [e6ddcaf7-9e62-407a-8318-5f934c69fb5a | ] 
    insert 
    into
        public.users
        (created_at, email, enabled, first_name, last_name, password_hash, updated_at, username, id) 
    values
        (?, ?, ?, ?, ?, ?, ?, ?, default)
2026-07-11 18:44:45.294  INFO 30424 --- [main] c.f.modules.auth.service.AuthService     : [e6ddcaf7-9e62-407a-8318-5f934c69fb5a | ] Successfully registered user: alicesmith with ID: 10
2026-07-11 18:44:45.302 DEBUG 30424 --- [main] org.hibernate.SQL                        : [a32c23e6-b317-4018-8348-d62f90e229e1 | ] 
    select
        u1_0.id,
        u1_0.created_at,
        u1_0.email,
        u1_0.enabled,
        u1_0.first_name,
        u1_0.last_name,
        u1_0.password_hash,
        u1_0.updated_at,
        u1_0.username 
    from
        public.users u1_0 
    where
        u1_0.username=?
2026-07-11 18:44:45.305 DEBUG 30424 --- [main] org.hibernate.SQL                        : [a32c23e6-b317-4018-8348-d62f90e229e1 | ] 
    select
        u1_0.id,
        u1_0.created_at,
        u1_0.email,
        u1_0.enabled,
        u1_0.first_name,
        u1_0.last_name,
        u1_0.password_hash,
        u1_0.updated_at,
        u1_0.username 
    from
        public.users u1_0 
    where
        u1_0.email=?
2026-07-11 18:44:45.307  WARN 30424 --- [main] c.f.c.exception.GlobalExceptionHandler   : [a32c23e6-b317-4018-8348-d62f90e229e1 | ] Domain exception on /api/v1/auth/login: INVALID_CREDENTIALS - Invalid username/email or password
2026-07-11 18:44:45.321 DEBUG 30424 --- [main] org.hibernate.SQL                        : [ | ] 
    select
        rt1_0.id,
        rt1_0.created_at,
        rt1_0.expires_at,
        rt1_0.revoked,
        rt1_0.token_hash,
        rt1_0.user_id 
    from
        public.refresh_tokens rt1_0
2026-07-11 18:44:45.323 DEBUG 30424 --- [main] org.hibernate.SQL                        : [ | ] 
    select
        u1_0.id,
        u1_0.created_at,
        u1_0.email,
        u1_0.enabled,
        u1_0.first_name,
        u1_0.last_name,
        u1_0.password_hash,
        u1_0.updated_at,
        u1_0.username 
    from
        public.users u1_0
2026-07-11 18:44:45.325 DEBUG 30424 --- [main] org.hibernate.SQL                        : [ | ] 
    select
        r1_0.id,
        r1_0.created_at,
        r1_0.description,
        r1_0.name 
    from
        public.roles r1_0
2026-07-11 18:44:45.326 DEBUG 30424 --- [main] org.hibernate.SQL                        : [ | ] 
    insert 
    into
        public.roles
        (created_at, description, name, id) 
    values
        (?, ?, ?, default)
2026-07-11 18:44:45.332 DEBUG 30424 --- [main] c.f.modules.auth.service.AuthService     : [7aa29a08-e005-4686-b116-b0fb71248a24 | ] Attempting to register new user: alicesmith
2026-07-11 18:44:45.334 DEBUG 30424 --- [main] org.hibernate.SQL                        : [7aa29a08-e005-4686-b116-b0fb71248a24 | ] 
    select
        u1_0.id 
    from
        public.users u1_0 
    where
        u1_0.username=? 
    fetch
        first ? rows only
2026-07-11 18:44:45.336 DEBUG 30424 --- [main] org.hibernate.SQL                        : [7aa29a08-e005-4686-b116-b0fb71248a24 | ] 
    select
        u1_0.id 
    from
        public.users u1_0 
    where
        u1_0.email=? 
    fetch
        first ? rows only
2026-07-11 18:44:45.338 DEBUG 30424 --- [main] org.hibernate.SQL                        : [7aa29a08-e005-4686-b116-b0fb71248a24 | ] 
    select
        r1_0.id,
        r1_0.created_at,
        r1_0.description,
        r1_0.name 
    from
        public.roles r1_0 
    where
        r1_0.name=?
2026-07-11 18:44:45.842 DEBUG 30424 --- [main] org.hibernate.SQL                        : [7aa29a08-e005-4686-b116-b0fb71248a24 | ] 
    insert 
    into
        public.users
        (created_at, email, enabled, first_name, last_name, password_hash, updated_at, username, id) 
    values
        (?, ?, ?, ?, ?, ?, ?, ?, default)
2026-07-11 18:44:45.843  INFO 30424 --- [main] c.f.modules.auth.service.AuthService     : [7aa29a08-e005-4686-b116-b0fb71248a24 | ] Successfully registered user: alicesmith with ID: 11
2026-07-11 18:44:45.852 DEBUG 30424 --- [main] org.hibernate.SQL                        : [130ff4ab-fcd5-4291-8218-763abc92a533 | ] 
    select
        u1_0.id,
        u1_0.created_at,
        u1_0.email,
        u1_0.enabled,
        u1_0.first_name,
        u1_0.last_name,
        u1_0.password_hash,
        u1_0.updated_at,
        u1_0.username 
    from
        public.users u1_0 
    where
        u1_0.username=?
2026-07-11 18:44:45.855 DEBUG 30424 --- [main] org.hibernate.SQL                        : [130ff4ab-fcd5-4291-8218-763abc92a533 | ] 
    select
        u1_0.id,
        u1_0.created_at,
        u1_0.email,
        u1_0.enabled,
        u1_0.first_name,
        u1_0.last_name,
        u1_0.password_hash,
        u1_0.updated_at,
        u1_0.username 
    from
        public.users u1_0 
    where
        u1_0.username=?
2026-07-11 18:44:46.353 DEBUG 30424 --- [main] c.f.modules.auth.service.AuthService     : [130ff4ab-fcd5-4291-8218-763abc92a533 | ] Authentication failure for identifier 'alicesmith': BadCredentialsException
2026-07-11 18:44:46.353  WARN 30424 --- [main] c.f.c.exception.GlobalExceptionHandler   : [130ff4ab-fcd5-4291-8218-763abc92a533 | ] Domain exception on /api/v1/auth/login: INVALID_CREDENTIALS - Invalid username/email or password
2026-07-11 18:44:46.361 DEBUG 30424 --- [main] org.hibernate.SQL                        : [fd3dd419-f8f9-4736-a08c-c92f8137769d | ] 
    select
        u1_0.id,
        u1_0.created_at,
        u1_0.email,
        u1_0.enabled,
        u1_0.first_name,
        u1_0.last_name,
        u1_0.password_hash,
        u1_0.updated_at,
        u1_0.username 
    from
        public.users u1_0 
    where
        u1_0.username=?
2026-07-11 18:44:46.364 DEBUG 30424 --- [main] org.hibernate.SQL                        : [fd3dd419-f8f9-4736-a08c-c92f8137769d | ] 
    select
        u1_0.id,
        u1_0.created_at,
        u1_0.email,
        u1_0.enabled,
        u1_0.first_name,
        u1_0.last_name,
        u1_0.password_hash,
        u1_0.updated_at,
        u1_0.username 
    from
        public.users u1_0 
    where
        u1_0.email=?
2026-07-11 18:44:46.366  WARN 30424 --- [main] c.f.c.exception.GlobalExceptionHandler   : [fd3dd419-f8f9-4736-a08c-c92f8137769d | ] Domain exception on /api/v1/auth/login: INVALID_CREDENTIALS - Invalid username/email or password
2026-07-11 18:44:46.404 DEBUG 30424 --- [main] org.hibernate.SQL                        : [ | ] 
    select
        rt1_0.id,
        rt1_0.created_at,
        rt1_0.expires_at,
        rt1_0.revoked,
        rt1_0.token_hash,
        rt1_0.user_id 
    from
        public.refresh_tokens rt1_0
2026-07-11 18:44:46.406 DEBUG 30424 --- [main] org.hibernate.SQL                        : [ | ] 
    select
        u1_0.id,
        u1_0.created_at,
        u1_0.email,
        u1_0.enabled,
        u1_0.first_name,
        u1_0.last_name,
        u1_0.password_hash,
        u1_0.updated_at,
        u1_0.username 
    from
        public.users u1_0
2026-07-11 18:44:46.407 DEBUG 30424 --- [main] org.hibernate.SQL                        : [ | ] 
    select
        r1_0.id,
        r1_0.created_at,
        r1_0.description,
        r1_0.name 
    from
        public.roles r1_0
2026-07-11 18:44:46.409 DEBUG 30424 --- [main] org.hibernate.SQL                        : [ | ] 
    insert 
    into
        public.roles
        (created_at, description, name, id) 
    values
        (?, ?, ?, default)
2026-07-11 18:44:46.414 DEBUG 30424 --- [main] c.f.modules.auth.service.AuthService     : [f6103556-e55a-48b0-b40c-21baad967aa8 | ] Attempting to register new user: alicesmith
2026-07-11 18:44:46.416 DEBUG 30424 --- [main] org.hibernate.SQL                        : [f6103556-e55a-48b0-b40c-21baad967aa8 | ] 
    select
        u1_0.id 
    from
        public.users u1_0 
    where
        u1_0.username=? 
    fetch
        first ? rows only
2026-07-11 18:44:46.419 DEBUG 30424 --- [main] org.hibernate.SQL                        : [f6103556-e55a-48b0-b40c-21baad967aa8 | ] 
    select
        u1_0.id 
    from
        public.users u1_0 
    where
        u1_0.email=? 
    fetch
        first ? rows only
2026-07-11 18:44:46.421 DEBUG 30424 --- [main] org.hibernate.SQL                        : [f6103556-e55a-48b0-b40c-21baad967aa8 | ] 
    select
        r1_0.id,
        r1_0.created_at,
        r1_0.description,
        r1_0.name 
    from
        public.roles r1_0 
    where
        r1_0.name=?
2026-07-11 18:44:46.915 DEBUG 30424 --- [main] org.hibernate.SQL                        : [f6103556-e55a-48b0-b40c-21baad967aa8 | ] 
    insert 
    into
        public.users
        (created_at, email, enabled, first_name, last_name, password_hash, updated_at, username, id) 
    values
        (?, ?, ?, ?, ?, ?, ?, ?, default)
2026-07-11 18:44:46.917  INFO 30424 --- [main] c.f.modules.auth.service.AuthService     : [f6103556-e55a-48b0-b40c-21baad967aa8 | ] Successfully registered user: alicesmith with ID: 12
2026-07-11 18:44:46.923  WARN 30424 --- [main] c.f.c.exception.GlobalExceptionHandler   : [65913428-c7a3-4f5b-8d23-8153bee9757a | ] Validation failure on /api/v1/auth/login: {password=Password is required}
2026-07-11 18:44:46.935 DEBUG 30424 --- [main] org.hibernate.SQL                        : [ | ] 
    select
        rt1_0.id,
        rt1_0.created_at,
        rt1_0.expires_at,
        rt1_0.revoked,
        rt1_0.token_hash,
        rt1_0.user_id 
    from
        public.refresh_tokens rt1_0
2026-07-11 18:44:46.937 DEBUG 30424 --- [main] org.hibernate.SQL                        : [ | ] 
    select
        u1_0.id,
        u1_0.created_at,
        u1_0.email,
        u1_0.enabled,
        u1_0.first_name,
        u1_0.last_name,
        u1_0.password_hash,
        u1_0.updated_at,
        u1_0.username 
    from
        public.users u1_0
2026-07-11 18:44:46.939 DEBUG 30424 --- [main] org.hibernate.SQL                        : [ | ] 
    select
        r1_0.id,
        r1_0.created_at,
        r1_0.description,
        r1_0.name 
    from
        public.roles r1_0
2026-07-11 18:44:46.940 DEBUG 30424 --- [main] org.hibernate.SQL                        : [ | ] 
    insert 
    into
        public.roles
        (created_at, description, name, id) 
    values
        (?, ?, ?, default)
2026-07-11 18:44:46.945 DEBUG 30424 --- [main] c.f.modules.auth.service.AuthService     : [74855ad9-177a-4d88-a4d2-ecb62b2e779b | ] Attempting to register new user: alicesmith
2026-07-11 18:44:46.947 DEBUG 30424 --- [main] org.hibernate.SQL                        : [74855ad9-177a-4d88-a4d2-ecb62b2e779b | ] 
    select
        u1_0.id 
    from
        public.users u1_0 
    where
        u1_0.username=? 
    fetch
        first ? rows only
2026-07-11 18:44:46.949 DEBUG 30424 --- [main] org.hibernate.SQL                        : [74855ad9-177a-4d88-a4d2-ecb62b2e779b | ] 
    select
        u1_0.id 
    from
        public.users u1_0 
    where
        u1_0.email=? 
    fetch
        first ? rows only
2026-07-11 18:44:46.952 DEBUG 30424 --- [main] org.hibernate.SQL                        : [74855ad9-177a-4d88-a4d2-ecb62b2e779b | ] 
    select
        r1_0.id,
        r1_0.created_at,
        r1_0.description,
        r1_0.name 
    from
        public.roles r1_0 
    where
        r1_0.name=?
2026-07-11 18:44:47.452 DEBUG 30424 --- [main] org.hibernate.SQL                        : [74855ad9-177a-4d88-a4d2-ecb62b2e779b | ] 
    insert 
    into
        public.users
        (created_at, email, enabled, first_name, last_name, password_hash, updated_at, username, id) 
    values
        (?, ?, ?, ?, ?, ?, ?, ?, default)
2026-07-11 18:44:47.454  INFO 30424 --- [main] c.f.modules.auth.service.AuthService     : [74855ad9-177a-4d88-a4d2-ecb62b2e779b | ] Successfully registered user: alicesmith with ID: 13
2026-07-11 18:44:47.462 DEBUG 30424 --- [main] org.hibernate.SQL                        : [10d5c28a-facc-4216-9704-5b333bb5e7ed | ] 
    select
        u1_0.id,
        u1_0.created_at,
        u1_0.email,
        u1_0.enabled,
        u1_0.first_name,
        u1_0.last_name,
        u1_0.password_hash,
        u1_0.updated_at,
        u1_0.username 
    from
        public.users u1_0 
    where
        u1_0.username=?
2026-07-11 18:44:47.466 DEBUG 30424 --- [main] org.hibernate.SQL                        : [10d5c28a-facc-4216-9704-5b333bb5e7ed | ] 
    select
        u1_0.id,
        u1_0.created_at,
        u1_0.email,
        u1_0.enabled,
        u1_0.first_name,
        u1_0.last_name,
        u1_0.password_hash,
        u1_0.updated_at,
        u1_0.username 
    from
        public.users u1_0 
    where
        u1_0.email=?
2026-07-11 18:44:47.468  WARN 30424 --- [main] c.f.c.exception.GlobalExceptionHandler   : [10d5c28a-facc-4216-9704-5b333bb5e7ed | ] Domain exception on /api/v1/auth/login: INVALID_CREDENTIALS - Invalid username/email or password
2026-07-11 18:44:47.481 DEBUG 30424 --- [main] org.hibernate.SQL                        : [ | ] 
    select
        rt1_0.id,
        rt1_0.created_at,
        rt1_0.expires_at,
        rt1_0.revoked,
        rt1_0.token_hash,
        rt1_0.user_id 
    from
        public.refresh_tokens rt1_0
2026-07-11 18:44:47.483 DEBUG 30424 --- [main] org.hibernate.SQL                        : [ | ] 
    select
        u1_0.id,
        u1_0.created_at,
        u1_0.email,
        u1_0.enabled,
        u1_0.first_name,
        u1_0.last_name,
        u1_0.password_hash,
        u1_0.updated_at,
        u1_0.username 
    from
        public.users u1_0
2026-07-11 18:44:47.485 DEBUG 30424 --- [main] org.hibernate.SQL                        : [ | ] 
    select
        r1_0.id,
        r1_0.created_at,
        r1_0.description,
        r1_0.name 
    from
        public.roles r1_0
2026-07-11 18:44:47.486 DEBUG 30424 --- [main] org.hibernate.SQL                        : [ | ] 
    insert 
    into
        public.roles
        (created_at, description, name, id) 
    values
        (?, ?, ?, default)
2026-07-11 18:44:47.491 DEBUG 30424 --- [main] c.f.modules.auth.service.AuthService     : [2f997c01-53d1-4cf7-b71b-ef2b04d0e549 | ] Attempting to register new user: alicesmith
2026-07-11 18:44:47.493 DEBUG 30424 --- [main] org.hibernate.SQL                        : [2f997c01-53d1-4cf7-b71b-ef2b04d0e549 | ] 
    select
        u1_0.id 
    from
        public.users u1_0 
    where
        u1_0.username=? 
    fetch
        first ? rows only
2026-07-11 18:44:47.496 DEBUG 30424 --- [main] org.hibernate.SQL                        : [2f997c01-53d1-4cf7-b71b-ef2b04d0e549 | ] 
    select
        u1_0.id 
    from
        public.users u1_0 
    where
        u1_0.email=? 
    fetch
        first ? rows only
2026-07-11 18:44:47.498 DEBUG 30424 --- [main] org.hibernate.SQL                        : [2f997c01-53d1-4cf7-b71b-ef2b04d0e549 | ] 
    select
        r1_0.id,
        r1_0.created_at,
        r1_0.description,
        r1_0.name 
    from
        public.roles r1_0 
    where
        r1_0.name=?
2026-07-11 18:44:48.002 DEBUG 30424 --- [main] org.hibernate.SQL                        : [2f997c01-53d1-4cf7-b71b-ef2b04d0e549 | ] 
    insert 
    into
        public.users
        (created_at, email, enabled, first_name, last_name, password_hash, updated_at, username, id) 
    values
        (?, ?, ?, ?, ?, ?, ?, ?, default)
2026-07-11 18:44:48.004  INFO 30424 --- [main] c.f.modules.auth.service.AuthService     : [2f997c01-53d1-4cf7-b71b-ef2b04d0e549 | ] Successfully registered user: alicesmith with ID: 14
2026-07-11 18:44:48.014 DEBUG 30424 --- [main] org.hibernate.SQL                        : [566637a3-2e13-49a3-944f-f2af5b6b4ff7 | ] 
    select
        u1_0.id,
        u1_0.created_at,
        u1_0.email,
        u1_0.enabled,
        u1_0.first_name,
        u1_0.last_name,
        u1_0.password_hash,
        u1_0.updated_at,
        u1_0.username 
    from
        public.users u1_0 
    where
        u1_0.username=?
2026-07-11 18:44:48.017 DEBUG 30424 --- [main] org.hibernate.SQL                        : [566637a3-2e13-49a3-944f-f2af5b6b4ff7 | ] 
    select
        u1_0.id,
        u1_0.created_at,
        u1_0.email,
        u1_0.enabled,
        u1_0.first_name,
        u1_0.last_name,
        u1_0.password_hash,
        u1_0.updated_at,
        u1_0.username 
    from
        public.users u1_0 
    where
        u1_0.email=?
2026-07-11 18:44:48.020 DEBUG 30424 --- [main] org.hibernate.SQL                        : [566637a3-2e13-49a3-944f-f2af5b6b4ff7 | ] 
    select
        u1_0.id,
        u1_0.created_at,
        u1_0.email,
        u1_0.enabled,
        u1_0.first_name,
        u1_0.last_name,
        u1_0.password_hash,
        u1_0.updated_at,
        u1_0.username 
    from
        public.users u1_0 
    where
        u1_0.username=?
2026-07-11 18:44:48.528 DEBUG 30424 --- [main] org.hibernate.SQL                        : [566637a3-2e13-49a3-944f-f2af5b6b4ff7 | ] 
    delete 
    from
        public.refresh_tokens rt1_0 
    where
        rt1_0.expires_at<?
2026-07-11 18:44:48.529 DEBUG 30424 --- [main] org.hibernate.SQL                        : [566637a3-2e13-49a3-944f-f2af5b6b4ff7 | ] 
    insert 
    into
        public.refresh_tokens
        (created_at, expires_at, revoked, token_hash, user_id, id) 
    values
        (?, ?, ?, ?, ?, default)
2026-07-11 18:44:48.531  INFO 30424 --- [main] c.f.modules.auth.service.AuthService     : [566637a3-2e13-49a3-944f-f2af5b6b4ff7 | ] User 'alicesmith' (ID: 14) logged in successfully
2026-07-11 18:44:48.542 DEBUG 30424 --- [main] org.hibernate.SQL                        : [ | ] 
    select
        rt1_0.id,
        rt1_0.created_at,
        rt1_0.expires_at,
        rt1_0.revoked,
        rt1_0.token_hash,
        rt1_0.user_id 
    from
        public.refresh_tokens rt1_0
2026-07-11 18:44:48.545 DEBUG 30424 --- [main] org.hibernate.SQL                        : [ | ] 
    select
        u1_0.id,
        u1_0.created_at,
        u1_0.email,
        u1_0.enabled,
        u1_0.first_name,
        u1_0.last_name,
        u1_0.password_hash,
        u1_0.updated_at,
        u1_0.username 
    from
        public.users u1_0
2026-07-11 18:44:48.546 DEBUG 30424 --- [main] org.hibernate.SQL                        : [ | ] 
    select
        r1_0.id,
        r1_0.created_at,
        r1_0.description,
        r1_0.name 
    from
        public.roles r1_0
2026-07-11 18:44:48.547 DEBUG 30424 --- [main] org.hibernate.SQL                        : [ | ] 
    insert 
    into
        public.roles
        (created_at, description, name, id) 
    values
        (?, ?, ?, default)
2026-07-11 18:44:48.552 DEBUG 30424 --- [main] c.f.modules.auth.service.AuthService     : [970bcbe4-2c1c-462c-856b-9447568733f3 | ] Attempting to register new user: alicesmith
2026-07-11 18:44:48.553 DEBUG 30424 --- [main] org.hibernate.SQL                        : [970bcbe4-2c1c-462c-856b-9447568733f3 | ] 
    select
        u1_0.id 
    from
        public.users u1_0 
    where
        u1_0.username=? 
    fetch
        first ? rows only
2026-07-11 18:44:48.555 DEBUG 30424 --- [main] org.hibernate.SQL                        : [970bcbe4-2c1c-462c-856b-9447568733f3 | ] 
    select
        u1_0.id 
    from
        public.users u1_0 
    where
        u1_0.email=? 
    fetch
        first ? rows only
2026-07-11 18:44:48.557 DEBUG 30424 --- [main] org.hibernate.SQL                        : [970bcbe4-2c1c-462c-856b-9447568733f3 | ] 
    select
        r1_0.id,
        r1_0.created_at,
        r1_0.description,
        r1_0.name 
    from
        public.roles r1_0 
    where
        r1_0.name=?
2026-07-11 18:44:49.038 DEBUG 30424 --- [main] org.hibernate.SQL                        : [970bcbe4-2c1c-462c-856b-9447568733f3 | ] 
    insert 
    into
        public.users
        (created_at, email, enabled, first_name, last_name, password_hash, updated_at, username, id) 
    values
        (?, ?, ?, ?, ?, ?, ?, ?, default)
2026-07-11 18:44:49.040  INFO 30424 --- [main] c.f.modules.auth.service.AuthService     : [970bcbe4-2c1c-462c-856b-9447568733f3 | ] Successfully registered user: alicesmith with ID: 15
2026-07-11 18:44:49.047 DEBUG 30424 --- [main] org.hibernate.SQL                        : [e905fd8e-5689-4579-b092-092f9c9303da | ] 
    select
        u1_0.id,
        u1_0.created_at,
        u1_0.email,
        u1_0.enabled,
        u1_0.first_name,
        u1_0.last_name,
        u1_0.password_hash,
        u1_0.updated_at,
        u1_0.username 
    from
        public.users u1_0 
    where
        u1_0.username=?
2026-07-11 18:44:49.051 DEBUG 30424 --- [main] org.hibernate.SQL                        : [e905fd8e-5689-4579-b092-092f9c9303da | ] 
    select
        u1_0.id,
        u1_0.created_at,
        u1_0.email,
        u1_0.enabled,
        u1_0.first_name,
        u1_0.last_name,
        u1_0.password_hash,
        u1_0.updated_at,
        u1_0.username 
    from
        public.users u1_0 
    where
        u1_0.username=?
2026-07-11 18:44:49.532 DEBUG 30424 --- [main] org.hibernate.SQL                        : [e905fd8e-5689-4579-b092-092f9c9303da | ] 
    delete 
    from
        public.refresh_tokens rt1_0 
    where
        rt1_0.expires_at<?
2026-07-11 18:44:49.533 DEBUG 30424 --- [main] org.hibernate.SQL                        : [e905fd8e-5689-4579-b092-092f9c9303da | ] 
    insert 
    into
        public.refresh_tokens
        (created_at, expires_at, revoked, token_hash, user_id, id) 
    values
        (?, ?, ?, ?, ?, default)
2026-07-11 18:44:49.534  INFO 30424 --- [main] c.f.modules.auth.service.AuthService     : [e905fd8e-5689-4579-b092-092f9c9303da | ] User 'alicesmith' (ID: 15) logged in successfully
2026-07-11 18:44:49.545 DEBUG 30424 --- [main] org.hibernate.SQL                        : [ | ] 
    select
        rt1_0.id,
        rt1_0.created_at,
        rt1_0.expires_at,
        rt1_0.revoked,
        rt1_0.token_hash,
        rt1_0.user_id 
    from
        public.refresh_tokens rt1_0
2026-07-11 18:44:49.547 DEBUG 30424 --- [main] org.hibernate.SQL                        : [ | ] 
    select
        u1_0.id,
        u1_0.created_at,
        u1_0.email,
        u1_0.enabled,
        u1_0.first_name,
        u1_0.last_name,
        u1_0.password_hash,
        u1_0.updated_at,
        u1_0.username 
    from
        public.users u1_0
2026-07-11 18:44:49.548 DEBUG 30424 --- [main] org.hibernate.SQL                        : [ | ] 
    select
        r1_0.id,
        r1_0.created_at,
        r1_0.description,
        r1_0.name 
    from
        public.roles r1_0
2026-07-11 18:44:49.549 DEBUG 30424 --- [main] org.hibernate.SQL                        : [ | ] 
    insert 
    into
        public.roles
        (created_at, description, name, id) 
    values
        (?, ?, ?, default)
2026-07-11 18:44:49.553 DEBUG 30424 --- [main] c.f.modules.auth.service.AuthService     : [77a8eca8-f964-4d35-8594-38d2001c9515 | ] Attempting to register new user: alicesmith
2026-07-11 18:44:49.554 DEBUG 30424 --- [main] org.hibernate.SQL                        : [77a8eca8-f964-4d35-8594-38d2001c9515 | ] 
    select
        u1_0.id 
    from
        public.users u1_0 
    where
        u1_0.username=? 
    fetch
        first ? rows only
2026-07-11 18:44:49.557 DEBUG 30424 --- [main] org.hibernate.SQL                        : [77a8eca8-f964-4d35-8594-38d2001c9515 | ] 
    select
        u1_0.id 
    from
        public.users u1_0 
    where
        u1_0.email=? 
    fetch
        first ? rows only
2026-07-11 18:44:49.559 DEBUG 30424 --- [main] org.hibernate.SQL                        : [77a8eca8-f964-4d35-8594-38d2001c9515 | ] 
    select
        r1_0.id,
        r1_0.created_at,
        r1_0.description,
        r1_0.name 
    from
        public.roles r1_0 
    where
        r1_0.name=?
2026-07-11 18:44:50.042 DEBUG 30424 --- [main] org.hibernate.SQL                        : [77a8eca8-f964-4d35-8594-38d2001c9515 | ] 
    insert 
    into
        public.users
        (created_at, email, enabled, first_name, last_name, password_hash, updated_at, username, id) 
    values
        (?, ?, ?, ?, ?, ?, ?, ?, default)
2026-07-11 18:44:50.043  INFO 30424 --- [main] c.f.modules.auth.service.AuthService     : [77a8eca8-f964-4d35-8594-38d2001c9515 | ] Successfully registered user: alicesmith with ID: 16
2026-07-11 18:44:50.050 DEBUG 30424 --- [main] org.hibernate.SQL                        : [6ea8758b-6049-4e55-bd9e-5056c3f518c3 | ] 
    select
        u1_0.id,
        u1_0.created_at,
        u1_0.email,
        u1_0.enabled,
        u1_0.first_name,
        u1_0.last_name,
        u1_0.password_hash,
        u1_0.updated_at,
        u1_0.username 
    from
        public.users u1_0 
    where
        u1_0.username=?
2026-07-11 18:44:50.053 DEBUG 30424 --- [main] org.hibernate.SQL                        : [6ea8758b-6049-4e55-bd9e-5056c3f518c3 | ] 
    select
        u1_0.id,
        u1_0.created_at,
        u1_0.email,
        u1_0.enabled,
        u1_0.first_name,
        u1_0.last_name,
        u1_0.password_hash,
        u1_0.updated_at,
        u1_0.username 
    from
        public.users u1_0 
    where
        u1_0.username=?
2026-07-11 18:44:50.528 DEBUG 30424 --- [main] c.f.modules.auth.service.AuthService     : [6ea8758b-6049-4e55-bd9e-5056c3f518c3 | ] Authentication failure for identifier 'alicesmith': BadCredentialsException
2026-07-11 18:44:50.529  WARN 30424 --- [main] c.f.c.exception.GlobalExceptionHandler   : [6ea8758b-6049-4e55-bd9e-5056c3f518c3 | ] Domain exception on /api/v1/auth/login: INVALID_CREDENTIALS - Invalid username/email or password
2026-07-11 18:44:50.684  INFO 30424 --- [main] c.f.m.a.repository.RoleRepositoryTest    : [ | ] Starting RoleRepositoryTest using Java 21.0.11 with PID 30424 (started by varun in C:\Users\varun\OneDrive\Documents\flutter1\Forgemind\ForgeMind\backend)
2026-07-11 18:44:50.685 DEBUG 30424 --- [main] c.f.m.a.repository.RoleRepositoryTest    : [ | ] Running with Spring Boot v3.3.1, Spring v6.1.10
2026-07-11 18:44:50.685  INFO 30424 --- [main] c.f.m.a.repository.RoleRepositoryTest    : [ | ] The following 1 profile is active: "test"
2026-07-11 18:44:51.314 DEBUG 30424 --- [main] org.hibernate.SQL                        : [ | ] 
    drop table if exists public.activities cascade 
2026-07-11 18:44:51.316 DEBUG 30424 --- [main] org.hibernate.SQL                        : [ | ] 
    drop table if exists public.projects cascade 
2026-07-11 18:44:51.316 DEBUG 30424 --- [main] org.hibernate.SQL                        : [ | ] 
    drop table if exists public.refresh_tokens cascade 
2026-07-11 18:44:51.316 DEBUG 30424 --- [main] org.hibernate.SQL                        : [ | ] 
    drop table if exists public.roles cascade 
2026-07-11 18:44:51.316 DEBUG 30424 --- [main] org.hibernate.SQL                        : [ | ] 
    drop table if exists public.tasks cascade 
2026-07-11 18:44:51.316 DEBUG 30424 --- [main] org.hibernate.SQL                        : [ | ] 
    drop table if exists public.team_members cascade 
2026-07-11 18:44:51.317 DEBUG 30424 --- [main] org.hibernate.SQL                        : [ | ] 
    drop table if exists public.teams cascade 
2026-07-11 18:44:51.317 DEBUG 30424 --- [main] org.hibernate.SQL                        : [ | ] 
    drop table if exists public.user_roles cascade 
2026-07-11 18:44:51.317 DEBUG 30424 --- [main] org.hibernate.SQL                        : [ | ] 
    drop table if exists public.users cascade 
2026-07-11 18:44:51.318 DEBUG 30424 --- [main] org.hibernate.SQL                        : [ | ] 
    create table public.activities (
        actor_id bigint not null,
        created_at timestamp(6) with time zone not null,
        id uuid not null,
        project_id uuid,
        task_id uuid,
        team_id uuid,
        message TEXT not null,
        metadata TEXT,
        activity_type enum ('PROJECT_CREATED','PROJECT_DELETED','PROJECT_UPDATED','TASK_ASSIGNED','TASK_COMPLETED','TASK_CREATED','TASK_DELETED','TASK_STATUS_CHANGED','TASK_UPDATED','TEAM_CREATED','TEAM_MEMBER_ADDED','TEAM_MEMBER_REMOVED','USER_UPDATED') not null,
        primary key (id)
    )
2026-07-11 18:44:51.320 DEBUG 30424 --- [main] org.hibernate.SQL                        : [ | ] 
    create table public.projects (
        created_at timestamp(6) with time zone not null,
        owner_id bigint not null,
        updated_at timestamp(6) with time zone not null,
        id uuid not null,
        name varchar(100) not null,
        description TEXT,
        status enum ('ACTIVE','ARCHIVED','COMPLETED') not null,
        primary key (id)
    )
2026-07-11 18:44:51.321 DEBUG 30424 --- [main] org.hibernate.SQL                        : [ | ] 
    create table public.refresh_tokens (
        revoked boolean not null,
        created_at timestamp(6) with time zone not null,
        expires_at timestamp(6) with time zone not null,
        id bigint generated by default as identity,
        user_id bigint not null,
        token_hash varchar(255) not null unique,
        primary key (id)
    )
2026-07-11 18:44:51.323 DEBUG 30424 --- [main] org.hibernate.SQL                        : [ | ] 
    create table public.roles (
        created_at timestamp(6) with time zone not null,
        id bigint generated by default as identity,
        name varchar(50) not null unique,
        description varchar(255),
        primary key (id)
    )
2026-07-11 18:44:51.324 DEBUG 30424 --- [main] org.hibernate.SQL                        : [ | ] 
    create table public.tasks (
        assignee_id bigint,
        created_at timestamp(6) with time zone not null,
        created_by bigint not null,
        due_date timestamp(6) with time zone,
        updated_at timestamp(6) with time zone not null,
        id uuid not null,
        project_id uuid not null,
        description TEXT,
        title varchar(255) not null,
        priority enum ('CRITICAL','HIGH','LOW','MEDIUM') not null,
        status enum ('BLOCKED','DONE','IN_PROGRESS','IN_REVIEW','TODO') not null,
        primary key (id)
    )
2026-07-11 18:44:51.326 DEBUG 30424 --- [main] org.hibernate.SQL                        : [ | ] 
    create table public.team_members (
        joined_at timestamp(6) with time zone not null,
        user_id bigint not null,
        id uuid not null,
        team_id uuid not null,
        role enum ('ADMIN','MEMBER','OWNER') not null,
        primary key (id),
        unique (team_id, user_id)
    )
2026-07-11 18:44:51.327 DEBUG 30424 --- [main] org.hibernate.SQL                        : [ | ] 
    create table public.teams (
        created_at timestamp(6) with time zone not null,
        updated_at timestamp(6) with time zone not null,
        id uuid not null,
        description TEXT,
        name varchar(255) not null,
        primary key (id)
    )
2026-07-11 18:44:51.328 DEBUG 30424 --- [main] org.hibernate.SQL                        : [ | ] 
    create table public.user_roles (
        role_id bigint not null,
        user_id bigint not null,
        primary key (role_id, user_id)
    )
2026-07-11 18:44:51.329 DEBUG 30424 --- [main] org.hibernate.SQL                        : [ | ] 
    create table public.users (
        enabled boolean not null,
        created_at timestamp(6) with time zone not null,
        id bigint generated by default as identity,
        updated_at timestamp(6) with time zone not null,
        username varchar(50) not null unique,
        first_name varchar(100) not null,
        last_name varchar(100) not null,
        email varchar(255) not null unique,
        password_hash varchar(255) not null,
        primary key (id)
    )
2026-07-11 18:44:51.330 DEBUG 30424 --- [main] org.hibernate.SQL                        : [ | ] 
    alter table if exists public.activities 
       add constraint FKmfjrc8jdvy0yrr7x67qmrxkue 
       foreign key (actor_id) 
       references public.users
2026-07-11 18:44:51.332 DEBUG 30424 --- [main] org.hibernate.SQL                        : [ | ] 
    alter table if exists public.projects 
       add constraint FKmueqy6cpcwpfl8gnnag4idjt9 
       foreign key (owner_id) 
       references public.users
2026-07-11 18:44:51.333 DEBUG 30424 --- [main] org.hibernate.SQL                        : [ | ] 
    alter table if exists public.refresh_tokens 
       add constraint FK1lih5y2npsf8u5o3vhdb9y0os 
       foreign key (user_id) 
       references public.users
2026-07-11 18:44:51.334 DEBUG 30424 --- [main] org.hibernate.SQL                        : [ | ] 
    alter table if exists public.tasks 
       add constraint FKekr1dgiqktpyoip3qmp6lxsit 
       foreign key (assignee_id) 
       references public.users
2026-07-11 18:44:51.335 DEBUG 30424 --- [main] org.hibernate.SQL                        : [ | ] 
    alter table if exists public.tasks 
       add constraint FK9dgm9t7wn4w3gh57h63g712lo 
       foreign key (created_by) 
       references public.users
2026-07-11 18:44:51.337 DEBUG 30424 --- [main] org.hibernate.SQL                        : [ | ] 
    alter table if exists public.tasks 
       add constraint FKsfhn82y57i3k9uxww1s007acc 
       foreign key (project_id) 
       references public.projects
2026-07-11 18:44:51.338 DEBUG 30424 --- [main] org.hibernate.SQL                        : [ | ] 
    alter table if exists public.team_members 
       add constraint FKtgca08el3ofisywcf11f0f76t 
       foreign key (team_id) 
       references public.teams
2026-07-11 18:44:51.339 DEBUG 30424 --- [main] org.hibernate.SQL                        : [ | ] 
    alter table if exists public.team_members 
       add constraint FKee8x7x5026imwmma9kndkxs36 
       foreign key (user_id) 
       references public.users
2026-07-11 18:44:51.341 DEBUG 30424 --- [main] org.hibernate.SQL                        : [ | ] 
    alter table if exists public.user_roles 
       add constraint FKh8ciramu9cc9q3qcqiv4ue8a6 
       foreign key (role_id) 
       references public.roles
2026-07-11 18:44:51.342 DEBUG 30424 --- [main] org.hibernate.SQL                        : [ | ] 
    alter table if exists public.user_roles 
       add constraint FKhfh9dx7w3ubf1co1vdev94g3f 
       foreign key (user_id) 
       references public.users
2026-07-11 18:44:51.479  INFO 30424 --- [main] c.f.m.a.repository.RoleRepositoryTest    : [ | ] Started RoleRepositoryTest in 0.847 seconds (process running for 46.231)
2026-07-11 18:44:51.501 DEBUG 30424 --- [main] org.hibernate.SQL                        : [ | ] 
    insert 
    into
        public.roles
        (created_at, description, name, id) 
    values
        (?, ?, ?, default)
2026-07-11 18:44:51.512 DEBUG 30424 --- [main] org.hibernate.SQL                        : [ | ] 
    select
        r1_0.id,
        r1_0.created_at,
        r1_0.description,
        r1_0.name 
    from
        public.roles r1_0 
    where
        r1_0.name=?
2026-07-11 18:44:51.523 DEBUG 30424 --- [main] org.hibernate.SQL                        : [ | ] 
    insert 
    into
        public.roles
        (created_at, description, name, id) 
    values
        (?, ?, ?, default)
2026-07-11 18:44:51.528 DEBUG 30424 --- [main] org.hibernate.SQL                        : [ | ] 
    select
        r1_0.id 
    from
        public.roles r1_0 
    where
        r1_0.name=? 
    fetch
        first ? rows only
2026-07-11 18:44:51.550 DEBUG 30424 --- [main] org.hibernate.SQL                        : [ | ] 
    insert 
    into
        public.roles
        (created_at, description, name, id) 
    values
        (?, ?, ?, default)
2026-07-11 18:44:51.559 DEBUG 30424 --- [main] org.hibernate.SQL                        : [ | ] 
    select
        r1_0.id,
        r1_0.created_at,
        r1_0.description,
        r1_0.name 
    from
        public.roles r1_0
2026-07-11 18:44:51.585 DEBUG 30424 --- [main] org.hibernate.SQL                        : [ | ] 
    insert 
    into
        public.roles
        (created_at, description, name, id) 
    values
        (?, ?, ?, default)
2026-07-11 18:44:51.589 DEBUG 30424 --- [main] org.hibernate.SQL                        : [ | ] 
    insert 
    into
        public.roles
        (created_at, description, name, id) 
    values
        (?, ?, ?, default)
2026-07-11 18:44:51.596 DEBUG 30424 --- [main] org.hibernate.SQL                        : [ | ] 
    insert 
    into
        public.roles
        (created_at, description, name, id) 
    values
        (?, ?, ?, default)
2026-07-11 18:44:51.602 DEBUG 30424 --- [main] org.hibernate.SQL                        : [ | ] 
    select
        r1_0.id,
        r1_0.created_at,
        r1_0.description,
        r1_0.name 
    from
        public.roles r1_0 
    where
        r1_0.name=?
2026-07-11 18:44:51.610 DEBUG 30424 --- [main] org.hibernate.SQL                        : [ | ] 
    insert 
    into
        public.roles
        (created_at, description, name, id) 
    values
        (?, ?, ?, default)
2026-07-11 18:44:51.615 DEBUG 30424 --- [main] org.hibernate.SQL                        : [ | ] 
    select
        r1_0.id 
    from
        public.roles r1_0 
    where
        r1_0.name=? 
    fetch
        first ? rows only
2026-07-11 18:44:51.654 DEBUG 30424 --- [main] org.hibernate.SQL                        : [ | ] 
    insert 
    into
        public.roles
        (created_at, description, name, id) 
    values
        (?, ?, ?, default)
2026-07-11 18:44:51.658 DEBUG 30424 --- [main] org.hibernate.SQL                        : [ | ] 
    insert 
    into
        public.users
        (created_at, email, enabled, first_name, last_name, password_hash, updated_at, username, id) 
    values
        (?, ?, ?, ?, ?, ?, ?, ?, default)
2026-07-11 18:44:51.662 DEBUG 30424 --- [main] org.hibernate.SQL                        : [ | ] 
    select
        u1_0.id,
        u1_0.created_at,
        u1_0.email,
        u1_0.enabled,
        u1_0.first_name,
        u1_0.last_name,
        u1_0.password_hash,
        u1_0.updated_at,
        u1_0.username 
    from
        public.users u1_0 
    where
        u1_0.username=?
2026-07-11 18:44:51.672 DEBUG 30424 --- [main] org.hibernate.SQL                        : [ | ] 
    insert 
    into
        public.roles
        (created_at, description, name, id) 
    values
        (?, ?, ?, default)
2026-07-11 18:44:51.676 DEBUG 30424 --- [main] org.hibernate.SQL                        : [ | ] 
    insert 
    into
        public.users
        (created_at, email, enabled, first_name, last_name, password_hash, updated_at, username, id) 
    values
        (?, ?, ?, ?, ?, ?, ?, ?, default)
2026-07-11 18:44:51.681 DEBUG 30424 --- [main] org.hibernate.SQL                        : [ | ] 
    select
        u1_0.id,
        u1_0.created_at,
        u1_0.email,
        u1_0.enabled,
        u1_0.first_name,
        u1_0.last_name,
        u1_0.password_hash,
        u1_0.updated_at,
        u1_0.username 
    from
        public.users u1_0 
    where
        u1_0.email=?
2026-07-11 18:44:51.692 DEBUG 30424 --- [main] org.hibernate.SQL                        : [ | ] 
    insert 
    into
        public.roles
        (created_at, description, name, id) 
    values
        (?, ?, ?, default)
2026-07-11 18:44:51.695 DEBUG 30424 --- [main] org.hibernate.SQL                        : [ | ] 
    insert 
    into
        public.users
        (created_at, email, enabled, first_name, last_name, password_hash, updated_at, username, id) 
    values
        (?, ?, ?, ?, ?, ?, ?, ?, default)
2026-07-11 18:44:51.701 DEBUG 30424 --- [main] org.hibernate.SQL                        : [ | ] 
    select
        u1_0.id,
        u1_0.created_at,
        u1_0.email,
        u1_0.enabled,
        u1_0.first_name,
        u1_0.last_name,
        u1_0.password_hash,
        u1_0.updated_at,
        u1_0.username 
    from
        public.users u1_0 
    where
        u1_0.username=?
2026-07-11 18:44:51.724 DEBUG 30424 --- [main] org.hibernate.SQL                        : [ | ] 
    insert 
    into
        public.roles
        (created_at, description, name, id) 
    values
        (?, ?, ?, default)
2026-07-11 18:44:51.727 DEBUG 30424 --- [main] org.hibernate.SQL                        : [ | ] 
    insert 
    into
        public.users
        (created_at, email, enabled, first_name, last_name, password_hash, updated_at, username, id) 
    values
        (?, ?, ?, ?, ?, ?, ?, ?, default)
2026-07-11 18:44:51.735 DEBUG 30424 --- [main] org.hibernate.SQL                        : [ | ] 
    select
        u1_0.id,
        u1_0.created_at,
        u1_0.email,
        u1_0.enabled,
        u1_0.first_name,
        u1_0.last_name,
        u1_0.password_hash,
        u1_0.updated_at,
        u1_0.username 
    from
        public.users u1_0 
    where
        u1_0.username=?
2026-07-11 18:44:51.745 DEBUG 30424 --- [main] org.hibernate.SQL                        : [ | ] 
    insert 
    into
        public.roles
        (created_at, description, name, id) 
    values
        (?, ?, ?, default)
2026-07-11 18:44:51.749 DEBUG 30424 --- [main] org.hibernate.SQL                        : [ | ] 
    insert 
    into
        public.users
        (created_at, email, enabled, first_name, last_name, password_hash, updated_at, username, id) 
    values
        (?, ?, ?, ?, ?, ?, ?, ?, default)
2026-07-11 18:44:51.754 DEBUG 30424 --- [main] org.hibernate.SQL                        : [ | ] 
    select
        u1_0.id 
    from
        public.users u1_0 
    where
        u1_0.email=? 
    fetch
        first ? rows only
2026-07-11 18:44:51.763 DEBUG 30424 --- [main] org.hibernate.SQL                        : [ | ] 
    insert 
    into
        public.roles
        (created_at, description, name, id) 
    values
        (?, ?, ?, default)
2026-07-11 18:44:51.767 DEBUG 30424 --- [main] org.hibernate.SQL                        : [ | ] 
    insert 
    into
        public.users
        (created_at, email, enabled, first_name, last_name, password_hash, updated_at, username, id) 
    values
        (?, ?, ?, ?, ?, ?, ?, ?, default)
2026-07-11 18:44:51.771 DEBUG 30424 --- [main] org.hibernate.SQL                        : [ | ] 
    select
        u1_0.id 
    from
        public.users u1_0 
    where
        u1_0.username=? 
    fetch
        first ? rows only
2026-07-11 18:44:51.781 DEBUG 30424 --- [main] org.hibernate.SQL                        : [ | ] 
    insert 
    into
        public.roles
        (created_at, description, name, id) 
    values
        (?, ?, ?, default)
2026-07-11 18:44:51.786 DEBUG 30424 --- [main] org.hibernate.SQL                        : [ | ] 
    insert 
    into
        public.users
        (created_at, email, enabled, first_name, last_name, password_hash, updated_at, username, id) 
    values
        (?, ?, ?, ?, ?, ?, ?, ?, default)
2026-07-11 18:44:51.790 DEBUG 30424 --- [main] org.hibernate.SQL                        : [ | ] 
    select
        u1_0.id 
    from
        public.users u1_0 
    where
        u1_0.email=? 
    fetch
        first ? rows only
2026-07-11 18:44:51.800 DEBUG 30424 --- [main] org.hibernate.SQL                        : [ | ] 
    insert 
    into
        public.roles
        (created_at, description, name, id) 
    values
        (?, ?, ?, default)
2026-07-11 18:44:51.802 DEBUG 30424 --- [main] org.hibernate.SQL                        : [ | ] 
    insert 
    into
        public.users
        (created_at, email, enabled, first_name, last_name, password_hash, updated_at, username, id) 
    values
        (?, ?, ?, ?, ?, ?, ?, ?, default)
2026-07-11 18:44:51.805 DEBUG 30424 --- [main] org.hibernate.SQL                        : [ | ] 
    select
        u1_0.id,
        u1_0.created_at,
        u1_0.email,
        u1_0.enabled,
        u1_0.first_name,
        u1_0.last_name,
        u1_0.password_hash,
        u1_0.updated_at,
        u1_0.username 
    from
        public.users u1_0 
    where
        u1_0.username=?
2026-07-11 18:44:51.814 DEBUG 30424 --- [main] org.hibernate.SQL                        : [ | ] 
    insert 
    into
        public.roles
        (created_at, description, name, id) 
    values
        (?, ?, ?, default)
2026-07-11 18:44:51.818 DEBUG 30424 --- [main] org.hibernate.SQL                        : [ | ] 
    insert 
    into
        public.users
        (created_at, email, enabled, first_name, last_name, password_hash, updated_at, username, id) 
    values
        (?, ?, ?, ?, ?, ?, ?, ?, default)
2026-07-11 18:44:51.821 DEBUG 30424 --- [main] org.hibernate.SQL                        : [ | ] 
    select
        u1_0.id 
    from
        public.users u1_0 
    where
        u1_0.username=? 
    fetch
        first ? rows only
2026-07-11 18:44:51.829 DEBUG 30424 --- [main] org.hibernate.SQL                        : [ | ] 
    insert 
    into
        public.roles
        (created_at, description, name, id) 
    values
        (?, ?, ?, default)
2026-07-11 18:44:51.832 DEBUG 30424 --- [main] org.hibernate.SQL                        : [ | ] 
    insert 
    into
        public.users
        (created_at, email, enabled, first_name, last_name, password_hash, updated_at, username, id) 
    values
        (?, ?, ?, ?, ?, ?, ?, ?, default)
2026-07-11 18:44:51.837 DEBUG 30424 --- [main] org.hibernate.SQL                        : [ | ] 
    select
        u1_0.id,
        u1_0.created_at,
        u1_0.email,
        u1_0.enabled,
        u1_0.first_name,
        u1_0.last_name,
        u1_0.password_hash,
        u1_0.updated_at,
        u1_0.username 
    from
        public.users u1_0 
    where
        u1_0.username=?
2026-07-11 18:44:51.845 DEBUG 30424 --- [main] org.hibernate.SQL                        : [ | ] 
    insert 
    into
        public.roles
        (created_at, description, name, id) 
    values
        (?, ?, ?, default)
2026-07-11 18:44:51.848 DEBUG 30424 --- [main] org.hibernate.SQL                        : [ | ] 
    insert 
    into
        public.users
        (created_at, email, enabled, first_name, last_name, password_hash, updated_at, username, id) 
    values
        (?, ?, ?, ?, ?, ?, ?, ?, default)
2026-07-11 18:44:51.858 DEBUG 30424 --- [main] org.hibernate.SQL                        : [ | ] 
    insert 
    into
        public.roles
        (created_at, description, name, id) 
    values
        (?, ?, ?, default)
2026-07-11 18:44:51.861 DEBUG 30424 --- [main] org.hibernate.SQL                        : [ | ] 
    insert 
    into
        public.users
        (created_at, email, enabled, first_name, last_name, password_hash, updated_at, username, id) 
    values
        (?, ?, ?, ?, ?, ?, ?, ?, default)
2026-07-11 18:44:51.865 DEBUG 30424 --- [main] org.hibernate.SQL                        : [ | ] 
    select
        u1_0.id,
        u1_0.created_at,
        u1_0.email,
        u1_0.enabled,
        u1_0.first_name,
        u1_0.last_name,
        u1_0.password_hash,
        u1_0.updated_at,
        u1_0.username 
    from
        public.users u1_0 
    where
        u1_0.email=?
2026-07-11 18:44:52.544  INFO 30424 --- [main] c.f.modules.auth.service.AuthService     : [ | ] User 'alicesmith' (ID: 1) logged in successfully
2026-07-11 18:44:52.554  INFO 30424 --- [main] c.f.modules.auth.service.AuthService     : [ | ] User 'alicesmith' (ID: 1) logged in successfully
2026-07-11 18:44:52.563  INFO 30424 --- [main] c.f.modules.auth.service.AuthService     : [ | ] User 'alicesmith' (ID: 1) logged in successfully
2026-07-11 18:44:52.581  INFO 30424 --- [main] c.f.modules.auth.service.AuthService     : [ | ] User 'alicesmith' (ID: 1) logged in successfully
2026-07-11 18:44:52.591  INFO 30424 --- [main] c.f.modules.auth.service.AuthService     : [ | ] User 'alicesmith' (ID: 1) logged in successfully
2026-07-11 18:44:52.610 DEBUG 30424 --- [main] c.f.modules.auth.service.AuthService     : [ | ] Authentication failure for identifier 'alicesmith': DisabledException
2026-07-11 18:44:52.620 DEBUG 30424 --- [main] c.f.modules.auth.service.AuthService     : [ | ] Authentication failure for identifier 'alicesmith': BadCredentialsException
2026-07-11 18:44:52.627  INFO 30424 --- [main] c.f.modules.auth.service.AuthService     : [ | ] User 'alicesmith' (ID: 1) logged in successfully
2026-07-11 18:44:52.642  INFO 30424 --- [main] c.f.modules.auth.service.AuthService     : [ | ] User 'alicesmith' (ID: 1) logged in successfully
2026-07-11 18:44:52.652 DEBUG 30424 --- [main] c.f.modules.auth.service.AuthService     : [ | ] Attempting to register new user: johndoe
2026-07-11 18:44:52.652  INFO 30424 --- [main] c.f.modules.auth.service.AuthService     : [ | ] Successfully registered user: johndoe with ID: 2
2026-07-11 18:44:52.658 DEBUG 30424 --- [main] c.f.modules.auth.service.AuthService     : [ | ] Attempting to register new user: johndoe
2026-07-11 18:44:52.659  INFO 30424 --- [main] c.f.modules.auth.service.AuthService     : [ | ] Successfully registered user: johndoe with ID: 3
2026-07-11 18:44:52.666 DEBUG 30424 --- [main] c.f.modules.auth.service.AuthService     : [ | ] Attempting to register new user: johndoe
2026-07-11 18:44:52.672 DEBUG 30424 --- [main] c.f.modules.auth.service.AuthService     : [ | ] Attempting to register new user: johndoe
2026-07-11 18:44:52.673  INFO 30424 --- [main] c.f.modules.auth.service.AuthService     : [ | ] Successfully registered user: johndoe with ID: 1
2026-07-11 18:44:52.677 DEBUG 30424 --- [main] c.f.modules.auth.service.AuthService     : [ | ] Attempting to register new user: johndoe
2026-07-11 18:44:52.699  INFO 30424 --- [main] c.f.m.auth.service.UserServiceImpl       : [ | ] User testuser updated their profile
2026-07-11 18:44:52.717  INFO 30424 --- [main] c.f.m.auth.service.UserServiceImpl       : [ | ] User testuser deactivated their account
2026-07-11 18:44:52.931  INFO 30424 --- [main] c.f.m.p.service.ProjectServiceImpl       : [ | ] Project updated: id=9828f351-1fd8-4691-968a-e2017f840613, name=Test Project
2026-07-11 18:44:52.936  WARN 30424 --- [main] c.f.m.p.service.ProjectServiceImpl       : [ | ] Project not found: id=2a319458-628d-453c-9ed7-7f693acc6425
2026-07-11 18:44:52.940  WARN 30424 --- [main] c.f.m.p.service.ProjectServiceImpl       : [ | ] Access denied: User 2 attempted to modify Project 66f26744-03f5-427b-bc00-71fe599b6249 owned by User 1
2026-07-11 18:44:52.945  INFO 30424 --- [main] c.f.m.p.service.ProjectServiceImpl       : [ | ] Project deleted: id=c66c6f52-cc54-4a20-93a9-91bf227b708a
2026-07-11 18:44:52.959  INFO 30424 --- [main] c.f.m.p.service.ProjectServiceImpl       : [ | ] Project created: id=d626ad23-2e7e-4c1b-b525-e6b11696fd2d, name=Test Project
2026-07-11 18:44:53.201  INFO 30424 --- [main] c.f.m.task.service.TaskServiceImpl       : [ | ] Task created: id=830b69f0-c5b4-4121-bfb5-0fa641f2975f, title=Test Task, project=deea6463-1934-45ed-98e6-a81641b5c71d, by=1
2026-07-11 18:44:53.206  WARN 30424 --- [main] c.f.m.task.service.TaskServiceImpl       : [ | ] Unauthorized access: user=1 attempted action on project=06c7ddb5-40c2-4e58-9a09-386e810d24e1 owned by=2
2026-07-11 18:44:53.212  INFO 30424 --- [main] c.f.m.task.service.TaskServiceImpl       : [ | ] Task deleted: id=0540a223-bd9e-4f78-8eb3-f1be155ec29b, by=1
2026-07-11 18:44:53.219  WARN 30424 --- [main] c.f.m.task.service.TaskServiceImpl       : [ | ] Task not found: id=a30d6d87-b4dc-47c5-88d4-b20009147d8c
2026-07-11 18:44:53.253  INFO 30424 --- [SpringApplicationShutdownHook] org.springframework.web.SimpLogging      : [ | ] Stopping...
2026-07-11 18:44:53.254  INFO 30424 --- [SpringApplicationShutdownHook] org.springframework.web.SimpLogging      : [ | ] BrokerAvailabilityEvent[available=false, SimpleBrokerMessageHandler [org.springframework.messaging.simp.broker.DefaultSubscriptionRegistry@4e572e47]]
2026-07-11 18:44:53.254  INFO 30424 --- [SpringApplicationShutdownHook] org.springframework.web.SimpLogging      : [ | ] Stopped.
2026-07-11 18:44:53.284 DEBUG 30424 --- [SpringApplicationShutdownHook] org.hibernate.SQL                        : [ | ] 
    drop table if exists public.activities cascade 
2026-07-11 18:44:53.285 DEBUG 30424 --- [SpringApplicationShutdownHook] org.hibernate.SQL                        : [ | ] 
    drop table if exists public.projects cascade 
2026-07-11 18:44:53.286 DEBUG 30424 --- [SpringApplicationShutdownHook] org.hibernate.SQL                        : [ | ] 
    drop table if exists public.refresh_tokens cascade 
2026-07-11 18:44:53.286 DEBUG 30424 --- [SpringApplicationShutdownHook] org.hibernate.SQL                        : [ | ] 
    drop table if exists public.roles cascade 
2026-07-11 18:44:53.287 DEBUG 30424 --- [SpringApplicationShutdownHook] org.hibernate.SQL                        : [ | ] 
    drop table if exists public.tasks cascade 
2026-07-11 18:44:53.287 DEBUG 30424 --- [SpringApplicationShutdownHook] org.hibernate.SQL                        : [ | ] 
    drop table if exists public.team_members cascade 
2026-07-11 18:44:53.288 DEBUG 30424 --- [SpringApplicationShutdownHook] org.hibernate.SQL                        : [ | ] 
    drop table if exists public.teams cascade 
2026-07-11 18:44:53.289 DEBUG 30424 --- [SpringApplicationShutdownHook] org.hibernate.SQL                        : [ | ] 
    drop table if exists public.user_roles cascade 
2026-07-11 18:44:53.289 DEBUG 30424 --- [SpringApplicationShutdownHook] org.hibernate.SQL                        : [ | ] 
    drop table if exists public.users cascade 
2026-07-11 18:44:53.301  INFO 30424 --- [SpringApplicationShutdownHook] org.springframework.web.SimpLogging      : [ | ] Stopping...
2026-07-11 18:44:53.301  INFO 30424 --- [SpringApplicationShutdownHook] org.springframework.web.SimpLogging      : [ | ] BrokerAvailabilityEvent[available=false, SimpleBrokerMessageHandler [org.springframework.messaging.simp.broker.DefaultSubscriptionRegistry@7c5ecfca]]
2026-07-11 18:44:53.301  INFO 30424 --- [SpringApplicationShutdownHook] org.springframework.web.SimpLogging      : [ | ] Stopped.
2026-07-11 18:44:53.310 DEBUG 30424 --- [SpringApplicationShutdownHook] org.hibernate.SQL                        : [ | ] 
    drop table if exists public.activities cascade 
2026-07-11 18:44:53.311 DEBUG 30424 --- [SpringApplicationShutdownHook] org.hibernate.SQL                        : [ | ] 
    drop table if exists public.projects cascade 
2026-07-11 18:44:53.311 DEBUG 30424 --- [SpringApplicationShutdownHook] org.hibernate.SQL                        : [ | ] 
    drop table if exists public.refresh_tokens cascade 
2026-07-11 18:44:53.311 DEBUG 30424 --- [SpringApplicationShutdownHook] org.hibernate.SQL                        : [ | ] 
    drop table if exists public.roles cascade 
2026-07-11 18:44:53.311 DEBUG 30424 --- [SpringApplicationShutdownHook] org.hibernate.SQL                        : [ | ] 
    drop table if exists public.tasks cascade 
2026-07-11 18:44:53.311 DEBUG 30424 --- [SpringApplicationShutdownHook] org.hibernate.SQL                        : [ | ] 
    drop table if exists public.team_members cascade 
2026-07-11 18:44:53.311 DEBUG 30424 --- [SpringApplicationShutdownHook] org.hibernate.SQL                        : [ | ] 
    drop table if exists public.teams cascade 
2026-07-11 18:44:53.312 DEBUG 30424 --- [SpringApplicationShutdownHook] org.hibernate.SQL                        : [ | ] 
    drop table if exists public.user_roles cascade 
2026-07-11 18:44:53.312 DEBUG 30424 --- [SpringApplicationShutdownHook] org.hibernate.SQL                        : [ | ] 
    drop table if exists public.users cascade 
2026-07-11 18:44:53.316 DEBUG 30424 --- [SpringApplicationShutdownHook] org.hibernate.SQL                        : [ | ] 
    drop table if exists public.activities cascade 
2026-07-11 18:44:53.318 DEBUG 30424 --- [SpringApplicationShutdownHook] org.hibernate.SQL                        : [ | ] 
    drop table if exists public.projects cascade 
2026-07-11 18:44:53.318 DEBUG 30424 --- [SpringApplicationShutdownHook] org.hibernate.SQL                        : [ | ] 
    drop table if exists public.refresh_tokens cascade 
2026-07-11 18:44:53.319 DEBUG 30424 --- [SpringApplicationShutdownHook] org.hibernate.SQL                        : [ | ] 
    drop table if exists public.roles cascade 
2026-07-11 18:44:53.320 DEBUG 30424 --- [SpringApplicationShutdownHook] org.hibernate.SQL                        : [ | ] 
    drop table if exists public.tasks cascade 
2026-07-11 18:44:53.320 DEBUG 30424 --- [SpringApplicationShutdownHook] org.hibernate.SQL                        : [ | ] 
    drop table if exists public.team_members cascade 
2026-07-11 18:44:53.321 DEBUG 30424 --- [SpringApplicationShutdownHook] org.hibernate.SQL                        : [ | ] 
    drop table if exists public.teams cascade 
2026-07-11 18:44:53.321 DEBUG 30424 --- [SpringApplicationShutdownHook] org.hibernate.SQL                        : [ | ] 
    drop table if exists public.user_roles cascade 
2026-07-11 18:44:53.322 DEBUG 30424 --- [SpringApplicationShutdownHook] org.hibernate.SQL                        : [ | ] 
    drop table if exists public.users cascade 
