2026-07-12 10:21:19.025  INFO 24728 --- [main] c.forgemind.ForgemindApplicationTests    : [ | ] Starting ForgemindApplicationTests using Java 21.0.11 with PID 24728 (started by varun in C:\Users\varun\OneDrive\Documents\flutter1\Forgemind\ForgeMind\backend)
2026-07-12 10:21:19.042 DEBUG 24728 --- [main] c.forgemind.ForgemindApplicationTests    : [ | ] Running with Spring Boot v3.3.1, Spring v6.1.10
2026-07-12 10:21:19.044  INFO 24728 --- [main] c.forgemind.ForgemindApplicationTests    : [ | ] The following 1 profile is active: "test"
2026-07-12 10:21:34.044 DEBUG 24728 --- [main] org.hibernate.SQL                        : [ | ] 
    drop table if exists public.activities cascade 
2026-07-12 10:21:34.061 DEBUG 24728 --- [main] org.hibernate.SQL                        : [ | ] 
    drop table if exists public.knowledge_chunks cascade 
2026-07-12 10:21:34.061 DEBUG 24728 --- [main] org.hibernate.SQL                        : [ | ] 
    drop table if exists public.knowledge_documents cascade 
2026-07-12 10:21:34.061 DEBUG 24728 --- [main] org.hibernate.SQL                        : [ | ] 
    drop table if exists public.projects cascade 
2026-07-12 10:21:34.063 DEBUG 24728 --- [main] org.hibernate.SQL                        : [ | ] 
    drop table if exists public.refresh_tokens cascade 
2026-07-12 10:21:34.063 DEBUG 24728 --- [main] org.hibernate.SQL                        : [ | ] 
    drop table if exists public.roles cascade 
2026-07-12 10:21:34.063 DEBUG 24728 --- [main] org.hibernate.SQL                        : [ | ] 
    drop table if exists public.tasks cascade 
2026-07-12 10:21:34.063 DEBUG 24728 --- [main] org.hibernate.SQL                        : [ | ] 
    drop table if exists public.team_members cascade 
2026-07-12 10:21:34.063 DEBUG 24728 --- [main] org.hibernate.SQL                        : [ | ] 
    drop table if exists public.teams cascade 
2026-07-12 10:21:34.066 DEBUG 24728 --- [main] org.hibernate.SQL                        : [ | ] 
    drop table if exists public.user_roles cascade 
2026-07-12 10:21:34.066 DEBUG 24728 --- [main] org.hibernate.SQL                        : [ | ] 
    drop table if exists public.users cascade 
2026-07-12 10:21:34.086 DEBUG 24728 --- [main] org.hibernate.SQL                        : [ | ] 
    create table public.activities (
        actor_id bigint not null,
        created_at timestamp(6) with time zone not null,
        id uuid not null,
        project_id uuid,
        task_id uuid,
        team_id uuid,
        message TEXT not null,
        metadata TEXT,
        activity_type enum ('PROJECT_CREATED','PROJECT_DELETED','PROJECT_UPDATED','TASK_ASSIGNED','TASK_COMPLETED','TASK_CREATED','TASK_DELETED','TASK_STATUS_CHANGED','TASK_UPDATED','TEAM_CREATED','TEAM_MEMBER_ADDED','TEAM_MEMBER_REMOVED','USER_UPDATED') not null,
        primary key (id)
    )
2026-07-12 10:21:34.110 DEBUG 24728 --- [main] org.hibernate.SQL                        : [ | ] 
    create table public.knowledge_chunks (
        chunk_index integer not null,
        created_at timestamp(6) with time zone not null,
        document_id uuid not null,
        id uuid not null,
        project_id uuid not null,
        chunk_text TEXT not null,
        metadata JSONB,
        source_id varchar(255) not null,
        source_type enum ('ACTIVITY','DOCUMENTATION','PROJECT','TASK','TEAM') not null,
        primary key (id)
    )
2026-07-12 10:21:34.112 DEBUG 24728 --- [main] org.hibernate.SQL                        : [ | ] 
    create table public.knowledge_documents (
        chunk_count integer not null,
        created_at timestamp(6) with time zone not null,
        indexed_at timestamp(6) with time zone not null,
        updated_at timestamp(6) with time zone not null,
        id uuid not null,
        project_id uuid not null,
        checksum varchar(64),
        title varchar(500),
        source_id varchar(255) not null,
        source_type enum ('ACTIVITY','DOCUMENTATION','PROJECT','TASK','TEAM') not null,
        primary key (id)
    )
2026-07-12 10:21:34.117 DEBUG 24728 --- [main] org.hibernate.SQL                        : [ | ] 
    create table public.projects (
        created_at timestamp(6) with time zone not null,
        owner_id bigint not null,
        updated_at timestamp(6) with time zone not null,
        id uuid not null,
        name varchar(100) not null,
        description TEXT,
        status enum ('ACTIVE','ARCHIVED','COMPLETED') not null,
        primary key (id)
    )
2026-07-12 10:21:34.121 DEBUG 24728 --- [main] org.hibernate.SQL                        : [ | ] 
    create table public.refresh_tokens (
        revoked boolean not null,
        created_at timestamp(6) with time zone not null,
        expires_at timestamp(6) with time zone not null,
        id bigint generated by default as identity,
        user_id bigint not null,
        token_hash varchar(255) not null unique,
        primary key (id)
    )
2026-07-12 10:21:34.138 DEBUG 24728 --- [main] org.hibernate.SQL                        : [ | ] 
    create table public.roles (
        created_at timestamp(6) with time zone not null,
        id bigint generated by default as identity,
        name varchar(50) not null unique,
        description varchar(255),
        primary key (id)
    )
2026-07-12 10:21:34.144 DEBUG 24728 --- [main] org.hibernate.SQL                        : [ | ] 
    create table public.tasks (
        assignee_id bigint,
        created_at timestamp(6) with time zone not null,
        created_by bigint not null,
        due_date timestamp(6) with time zone,
        updated_at timestamp(6) with time zone not null,
        id uuid not null,
        project_id uuid not null,
        description TEXT,
        title varchar(255) not null,
        priority enum ('CRITICAL','HIGH','LOW','MEDIUM') not null,
        status enum ('BLOCKED','DONE','IN_PROGRESS','IN_REVIEW','TODO') not null,
        primary key (id)
    )
2026-07-12 10:21:34.147 DEBUG 24728 --- [main] org.hibernate.SQL                        : [ | ] 
    create table public.team_members (
        joined_at timestamp(6) with time zone not null,
        user_id bigint not null,
        id uuid not null,
        team_id uuid not null,
        role enum ('ADMIN','MEMBER','OWNER') not null,
        primary key (id),
        unique (team_id, user_id)
    )
2026-07-12 10:21:34.156 DEBUG 24728 --- [main] org.hibernate.SQL                        : [ | ] 
    create table public.teams (
        created_at timestamp(6) with time zone not null,
        updated_at timestamp(6) with time zone not null,
        id uuid not null,
        description TEXT,
        name varchar(255) not null,
        primary key (id)
    )
2026-07-12 10:21:34.160 DEBUG 24728 --- [main] org.hibernate.SQL                        : [ | ] 
    create table public.user_roles (
        role_id bigint not null,
        user_id bigint not null,
        primary key (role_id, user_id)
    )
2026-07-12 10:21:34.163 DEBUG 24728 --- [main] org.hibernate.SQL                        : [ | ] 
    create table public.users (
        enabled boolean not null,
        created_at timestamp(6) with time zone not null,
        id bigint generated by default as identity,
        updated_at timestamp(6) with time zone not null,
        username varchar(50) not null unique,
        first_name varchar(100) not null,
        last_name varchar(100) not null,
        email varchar(255) not null unique,
        password_hash varchar(255) not null,
        primary key (id)
    )
2026-07-12 10:21:34.170 DEBUG 24728 --- [main] org.hibernate.SQL                        : [ | ] 
    alter table if exists public.activities 
       add constraint FKmfjrc8jdvy0yrr7x67qmrxkue 
       foreign key (actor_id) 
       references public.users
2026-07-12 10:21:34.217 DEBUG 24728 --- [main] org.hibernate.SQL                        : [ | ] 
    alter table if exists public.projects 
       add constraint FKmueqy6cpcwpfl8gnnag4idjt9 
       foreign key (owner_id) 
       references public.users
2026-07-12 10:21:34.220 DEBUG 24728 --- [main] org.hibernate.SQL                        : [ | ] 
    alter table if exists public.refresh_tokens 
       add constraint FK1lih5y2npsf8u5o3vhdb9y0os 
       foreign key (user_id) 
       references public.users
2026-07-12 10:21:34.225 DEBUG 24728 --- [main] org.hibernate.SQL                        : [ | ] 
    alter table if exists public.tasks 
       add constraint FKekr1dgiqktpyoip3qmp6lxsit 
       foreign key (assignee_id) 
       references public.users
2026-07-12 10:21:34.230 DEBUG 24728 --- [main] org.hibernate.SQL                        : [ | ] 
    alter table if exists public.tasks 
       add constraint FK9dgm9t7wn4w3gh57h63g712lo 
       foreign key (created_by) 
       references public.users
2026-07-12 10:21:34.233 DEBUG 24728 --- [main] org.hibernate.SQL                        : [ | ] 
    alter table if exists public.tasks 
       add constraint FKsfhn82y57i3k9uxww1s007acc 
       foreign key (project_id) 
       references public.projects
2026-07-12 10:21:34.237 DEBUG 24728 --- [main] org.hibernate.SQL                        : [ | ] 
    alter table if exists public.team_members 
       add constraint FKtgca08el3ofisywcf11f0f76t 
       foreign key (team_id) 
       references public.teams
2026-07-12 10:21:34.240 DEBUG 24728 --- [main] org.hibernate.SQL                        : [ | ] 
    alter table if exists public.team_members 
       add constraint FKee8x7x5026imwmma9kndkxs36 
       foreign key (user_id) 
       references public.users
2026-07-12 10:21:34.246 DEBUG 24728 --- [main] org.hibernate.SQL                        : [ | ] 
    alter table if exists public.user_roles 
       add constraint FKh8ciramu9cc9q3qcqiv4ue8a6 
       foreign key (role_id) 
       references public.roles
2026-07-12 10:21:34.250 DEBUG 24728 --- [main] org.hibernate.SQL                        : [ | ] 
    alter table if exists public.user_roles 
       add constraint FKhfh9dx7w3ubf1co1vdev94g3f 
       foreign key (user_id) 
       references public.users
2026-07-12 10:21:36.847  INFO 24728 --- [main] c.forgemind.modules.ai.config.AiConfig   : [ | ] Initializing AI Provider: MOCK
2026-07-12 10:21:37.198  INFO 24728 --- [main] c.f.modules.ai.tools.ToolExecutor        : [ | ] ToolExecutor initialized with 5 tools: [task.list, metrics.compute, project.fetch, activity.recent, team.fetch]
2026-07-12 10:21:37.235  INFO 24728 --- [main] c.f.m.a.embedding.MockEmbeddingProvider  : [ | ] MockEmbeddingProvider initialized with 1536 dimensions
2026-07-12 10:21:37.429  INFO 24728 --- [main] c.f.modules.ai.agent.AgentRegistry       : [ | ] AgentRegistry initialized with 5 agents: [PLANNING, DOCUMENTATION, RISK_ANALYSIS, SPRINT_PLANNING, STANDUP]
2026-07-12 10:21:39.405  INFO 24728 --- [main] eAuthenticationProviderManagerConfigurer : [ | ] Global AuthenticationManager configured with AuthenticationProvider bean with name authenticationProvider
2026-07-12 10:21:39.405  WARN 24728 --- [main] r$InitializeUserDetailsManagerConfigurer : [ | ] Global AuthenticationManager configured with an AuthenticationProvider bean. UserDetailsService beans will not be used for username/password login. Consider removing the AuthenticationProvider bean. Alternatively, consider using the UserDetailsService in a manually instantiated DaoAuthenticationProvider.
2026-07-12 10:21:44.681  INFO 24728 --- [main] org.springframework.web.SimpLogging      : [ | ] Starting...
2026-07-12 10:21:44.682  INFO 24728 --- [main] org.springframework.web.SimpLogging      : [ | ] BrokerAvailabilityEvent[available=true, SimpleBrokerMessageHandler [org.springframework.messaging.simp.broker.DefaultSubscriptionRegistry@2169e311]]
2026-07-12 10:21:44.686  INFO 24728 --- [main] org.springframework.web.SimpLogging      : [ | ] Started.
2026-07-12 10:21:44.725  INFO 24728 --- [main] c.forgemind.ForgemindApplicationTests    : [ | ] Started ForgemindApplicationTests in 26.849 seconds (process running for 30.1)
2026-07-12 10:21:45.118  INFO 24728 --- [main] c.f.modules.ai.agent.AgentRegistry       : [ | ] AgentRegistry initialized with 1 agents: [STANDUP]
2026-07-12 10:21:45.132  INFO 24728 --- [main] c.f.modules.ai.agent.AgentRegistry       : [ | ] AgentRegistry initialized with 2 agents: [PLANNING, RISK_ANALYSIS]
2026-07-12 10:21:45.135  INFO 24728 --- [main] c.f.modules.ai.agent.AgentRegistry       : [ | ] AgentRegistry initialized with 1 agents: [STANDUP]
2026-07-12 10:21:45.942  INFO 24728 --- [main] c.f.modules.ai.agent.AbstractAgent       : [ | ] Agent[PLANNING] starting execution 3b2a255b-8ddb-451c-baef-3852125423f1
2026-07-12 10:21:45.962 ERROR 24728 --- [main] c.f.modules.ai.agent.AbstractAgent       : [ | ] Agent[PLANNING] failed execution 3b2a255b-8ddb-451c-baef-3852125423f1: Cannot invoke "com.forgemind.modules.ai.rag.RagContext.augmentedPrompt()" because "ragContext" is null
2026-07-12 10:21:45.999  INFO 24728 --- [main] c.f.modules.ai.agent.AbstractAgent       : [ | ] Agent[PLANNING] starting execution e13f2086-c90a-4b4c-986f-ca357f7a9ae2
2026-07-12 10:21:46.000 ERROR 24728 --- [main] c.f.modules.ai.agent.AbstractAgent       : [ | ] Agent[PLANNING] failed execution e13f2086-c90a-4b4c-986f-ca357f7a9ae2: PlannerAgent requires a non-blank 'featureDescription' parameter.
2026-07-12 10:21:46.254  INFO 24728 --- [main] c.f.modules.ai.tools.ToolExecutor        : [ | ] ToolExecutor initialized with 4 tools: [project.fetch, task.list, activity.recent, metrics.compute]
2026-07-12 10:21:46.257  INFO 24728 --- [main] c.f.modules.ai.agent.AbstractAgent       : [ | ] Agent[RISK_ANALYSIS] starting execution f91a4658-aff6-4e21-b475-41404af57fe5
2026-07-12 10:21:46.258  WARN 24728 --- [main] c.f.m.a.agent.security.AgentAccessGuard  : [ | ] Agent access denied: user 999 attempted to run an agent on project 6fc343d1-069f-44a3-8079-84e1a08e30c1 owned by 42
2026-07-12 10:21:46.259 ERROR 24728 --- [main] c.f.modules.ai.agent.AbstractAgent       : [ | ] Agent[RISK_ANALYSIS] failed execution f91a4658-aff6-4e21-b475-41404af57fe5: You do not have permission to run AI agents on this project.
2026-07-12 10:21:46.272  INFO 24728 --- [main] c.f.modules.ai.tools.ToolExecutor        : [ | ] ToolExecutor initialized with 4 tools: [project.fetch, task.list, activity.recent, metrics.compute]
2026-07-12 10:21:46.281  INFO 24728 --- [main] c.f.modules.ai.agent.AbstractAgent       : [ | ] Agent[RISK_ANALYSIS] starting execution 0784d253-7997-4681-97d2-894b43b5585a
2026-07-12 10:21:46.282 DEBUG 24728 --- [main] c.f.modules.ai.tools.ToolExecutor        : [ | ] Tool 'task.list' executed in 1ms
2026-07-12 10:21:46.282 DEBUG 24728 --- [main] c.f.modules.ai.tools.ToolExecutor        : [ | ] Tool 'metrics.compute' executed in 0ms
2026-07-12 10:21:46.285 DEBUG 24728 --- [main] c.f.modules.ai.tools.ToolExecutor        : [ | ] Tool 'activity.recent' executed in 2ms
2026-07-12 10:21:46.286 DEBUG 24728 --- [main] c.f.modules.ai.tools.ToolExecutor        : [ | ] Tool 'project.fetch' executed in 0ms
2026-07-12 10:21:46.432 ERROR 24728 --- [main] c.f.modules.ai.agent.AbstractAgent       : [ | ] Agent[RISK_ANALYSIS] failed execution 0784d253-7997-4681-97d2-894b43b5585a: Cannot invoke "com.forgemind.modules.ai.rag.RagContext.augmentedPrompt()" because "ragContext" is null
2026-07-12 10:21:46.465 ERROR 24728 --- [main] c.f.modules.ai.context.AiContextBuilder  : [ | ] Failed to serialize AI context

com.fasterxml.jackson.databind.exc.InvalidDefinitionException: Java 8 date/time type `java.time.Instant` not supported by default: add Module "com.fasterxml.jackson.datatype:jackson-datatype-jsr310" to enable handling (through reference chain: java.util.ImmutableCollections$MapN["project"]->com.forgemind.modules.project.dto.response.ProjectResponse["createdAt"])
	at com.fasterxml.jackson.databind.exc.InvalidDefinitionException.from(InvalidDefinitionException.java:77)
	at com.fasterxml.jackson.databind.SerializerProvider.reportBadDefinition(SerializerProvider.java:1330)
	at com.fasterxml.jackson.databind.ser.impl.UnsupportedTypeSerializer.serialize(UnsupportedTypeSerializer.java:35)
	at com.fasterxml.jackson.databind.ser.BeanPropertyWriter.serializeAsField(BeanPropertyWriter.java:732)
	at com.fasterxml.jackson.databind.ser.std.BeanSerializerBase.serializeFields(BeanSerializerBase.java:770)
	at com.fasterxml.jackson.databind.ser.BeanSerializer.serialize(BeanSerializer.java:183)
	at com.fasterxml.jackson.databind.ser.std.MapSerializer.serializeFields(MapSerializer.java:808)
	at com.fasterxml.jackson.databind.ser.std.MapSerializer.serializeWithoutTypeInfo(MapSerializer.java:764)
	at com.fasterxml.jackson.databind.ser.std.MapSerializer.serialize(MapSerializer.java:720)
	at com.fasterxml.jackson.databind.ser.std.MapSerializer.serialize(MapSerializer.java:35)
	at com.fasterxml.jackson.databind.ser.DefaultSerializerProvider._serialize(DefaultSerializerProvider.java:502)
	at com.fasterxml.jackson.databind.ser.DefaultSerializerProvider.serializeValue(DefaultSerializerProvider.java:341)
	at com.fasterxml.jackson.databind.ObjectWriter$Prefetch.serialize(ObjectWriter.java:1574)
	at com.fasterxml.jackson.databind.ObjectWriter._writeValueAndClose(ObjectWriter.java:1275)
	at com.fasterxml.jackson.databind.ObjectWriter.writeValueAsString(ObjectWriter.java:1140)
	at com.forgemind.modules.ai.context.AiContextBuilder.buildProjectContext(AiContextBuilder.java:44)
	at com.forgemind.modules.ai.context.AiContextBuilderTest.buildProjectContext_ShouldGatherProjectAndTasks(AiContextBuilderTest.java:74)
	at java.base/jdk.internal.reflect.DirectMethodHandleAccessor.invoke(DirectMethodHandleAccessor.java:103)
	at java.base/java.lang.reflect.Method.invoke(Method.java:580)
	at org.junit.platform.commons.util.ReflectionUtils.invokeMethod(ReflectionUtils.java:728)
	at org.junit.jupiter.engine.execution.MethodInvocation.proceed(MethodInvocation.java:60)
	at org.junit.jupiter.engine.execution.InvocationInterceptorChain$ValidatingInvocation.proceed(InvocationInterceptorChain.java:131)
	at org.junit.jupiter.engine.extension.TimeoutExtension.intercept(TimeoutExtension.java:156)
	at org.junit.jupiter.engine.extension.TimeoutExtension.interceptTestableMethod(TimeoutExtension.java:147)
	at org.junit.jupiter.engine.extension.TimeoutExtension.interceptTestMethod(TimeoutExtension.java:86)
	at org.junit.jupiter.engine.execution.InterceptingExecutableInvoker$ReflectiveInterceptorCall.lambda$ofVoidMethod$0(InterceptingExecutableInvoker.java:103)
	at org.junit.jupiter.engine.execution.InterceptingExecutableInvoker.lambda$invoke$0(InterceptingExecutableInvoker.java:93)
	at org.junit.jupiter.engine.execution.InvocationInterceptorChain$InterceptedInvocation.proceed(InvocationInterceptorChain.java:106)
	at org.junit.jupiter.engine.execution.InvocationInterceptorChain.proceed(InvocationInterceptorChain.java:64)
	at org.junit.jupiter.engine.execution.InvocationInterceptorChain.chainAndInvoke(InvocationInterceptorChain.java:45)
	at org.junit.jupiter.engine.execution.InvocationInterceptorChain.invoke(InvocationInterceptorChain.java:37)
	at org.junit.jupiter.engine.execution.InterceptingExecutableInvoker.invoke(InterceptingExecutableInvoker.java:92)
	at org.junit.jupiter.engine.execution.InterceptingExecutableInvoker.invoke(InterceptingExecutableInvoker.java:86)
	at org.junit.jupiter.engine.descriptor.TestMethodTestDescriptor.lambda$invokeTestMethod$7(TestMethodTestDescriptor.java:218)
	at org.junit.platform.engine.support.hierarchical.ThrowableCollector.execute(ThrowableCollector.java:73)
	at org.junit.jupiter.engine.descriptor.TestMethodTestDescriptor.invokeTestMethod(TestMethodTestDescriptor.java:214)
	at org.junit.jupiter.engine.descriptor.TestMethodTestDescriptor.execute(TestMethodTestDescriptor.java:139)
	at org.junit.jupiter.engine.descriptor.TestMethodTestDescriptor.execute(TestMethodTestDescriptor.java:69)
	at org.junit.platform.engine.support.hierarchical.NodeTestTask.lambda$executeRecursively$6(NodeTestTask.java:151)
	at org.junit.platform.engine.support.hierarchical.ThrowableCollector.execute(ThrowableCollector.java:73)
	at org.junit.platform.engine.support.hierarchical.NodeTestTask.lambda$executeRecursively$8(NodeTestTask.java:141)
	at org.junit.platform.engine.support.hierarchical.Node.around(Node.java:137)
	at org.junit.platform.engine.support.hierarchical.NodeTestTask.lambda$executeRecursively$9(NodeTestTask.java:139)
	at org.junit.platform.engine.support.hierarchical.ThrowableCollector.execute(ThrowableCollector.java:73)
	at org.junit.platform.engine.support.hierarchical.NodeTestTask.executeRecursively(NodeTestTask.java:138)
	at org.junit.platform.engine.support.hierarchical.NodeTestTask.execute(NodeTestTask.java:95)
	at java.base/java.util.ArrayList.forEach(ArrayList.java:1596)
	at org.junit.platform.engine.support.hierarchical.SameThreadHierarchicalTestExecutorService.invokeAll(SameThreadHierarchicalTestExecutorService.java:41)
	at org.junit.platform.engine.support.hierarchical.NodeTestTask.lambda$executeRecursively$6(NodeTestTask.java:155)
	at org.junit.platform.engine.support.hierarchical.ThrowableCollector.execute(ThrowableCollector.java:73)
	at org.junit.platform.engine.support.hierarchical.NodeTestTask.lambda$executeRecursively$8(NodeTestTask.java:141)
	at org.junit.platform.engine.support.hierarchical.Node.around(Node.java:137)
	at org.junit.platform.engine.support.hierarchical.NodeTestTask.lambda$executeRecursively$9(NodeTestTask.java:139)
	at org.junit.platform.engine.support.hierarchical.ThrowableCollector.execute(ThrowableCollector.java:73)
	at org.junit.platform.engine.support.hierarchical.NodeTestTask.executeRecursively(NodeTestTask.java:138)
	at org.junit.platform.engine.support.hierarchical.NodeTestTask.execute(NodeTestTask.java:95)
	at java.base/java.util.ArrayList.forEach(ArrayList.java:1596)
	at org.junit.platform.engine.support.hierarchical.SameThreadHierarchicalTestExecutorService.invokeAll(SameThreadHierarchicalTestExecutorService.java:41)
	at org.junit.platform.engine.support.hierarchical.NodeTestTask.lambda$executeRecursively$6(NodeTestTask.java:155)
	at org.junit.platform.engine.support.hierarchical.ThrowableCollector.execute(ThrowableCollector.java:73)
	at org.junit.platform.engine.support.hierarchical.NodeTestTask.lambda$executeRecursively$8(NodeTestTask.java:141)
	at org.junit.platform.engine.support.hierarchical.Node.around(Node.java:137)
	at org.junit.platform.engine.support.hierarchical.NodeTestTask.lambda$executeRecursively$9(NodeTestTask.java:139)
	at org.junit.platform.engine.support.hierarchical.ThrowableCollector.execute(ThrowableCollector.java:73)
	at org.junit.platform.engine.support.hierarchical.NodeTestTask.executeRecursively(NodeTestTask.java:138)
	at org.junit.platform.engine.support.hierarchical.NodeTestTask.execute(NodeTestTask.java:95)
	at org.junit.platform.engine.support.hierarchical.SameThreadHierarchicalTestExecutorService.submit(SameThreadHierarchicalTestExecutorService.java:35)
	at org.junit.platform.engine.support.hierarchical.HierarchicalTestExecutor.execute(HierarchicalTestExecutor.java:57)
	at org.junit.platform.engine.support.hierarchical.HierarchicalTestEngine.execute(HierarchicalTestEngine.java:54)
	at org.junit.platform.launcher.core.EngineExecutionOrchestrator.execute(EngineExecutionOrchestrator.java:198)
	at org.junit.platform.launcher.core.EngineExecutionOrchestrator.execute(EngineExecutionOrchestrator.java:169)
	at org.junit.platform.launcher.core.EngineExecutionOrchestrator.execute(EngineExecutionOrchestrator.java:93)
	at org.junit.platform.launcher.core.EngineExecutionOrchestrator.lambda$execute$0(EngineExecutionOrchestrator.java:58)
	at org.junit.platform.launcher.core.EngineExecutionOrchestrator.withInterceptedStreams(EngineExecutionOrchestrator.java:141)
	at org.junit.platform.launcher.core.EngineExecutionOrchestrator.execute(EngineExecutionOrchestrator.java:57)
	at org.junit.platform.launcher.core.DefaultLauncher.execute(DefaultLauncher.java:103)
	at org.junit.platform.launcher.core.DefaultLauncher.execute(DefaultLauncher.java:85)
	at org.junit.platform.launcher.core.DelegatingLauncher.execute(DelegatingLauncher.java:47)
	at org.apache.maven.surefire.junitplatform.LazyLauncher.execute(LazyLauncher.java:56)
	at org.apache.maven.surefire.junitplatform.JUnitPlatformProvider.execute(JUnitPlatformProvider.java:184)
	at org.apache.maven.surefire.junitplatform.JUnitPlatformProvider.invokeAllTests(JUnitPlatformProvider.java:148)
	at org.apache.maven.surefire.junitplatform.JUnitPlatformProvider.invoke(JUnitPlatformProvider.java:122)
	at org.apache.maven.surefire.booter.ForkedBooter.runSuitesInProcess(ForkedBooter.java:385)
	at org.apache.maven.surefire.booter.ForkedBooter.execute(ForkedBooter.java:162)
	at org.apache.maven.surefire.booter.ForkedBooter.run(ForkedBooter.java:507)
	at org.apache.maven.surefire.booter.ForkedBooter.main(ForkedBooter.java:495)

2026-07-12 10:21:46.531  INFO 24728 --- [main] c.f.m.a.s.AiOrchestratorServiceImpl      : [ | ] Generating tasks for project 9cb0b9e9-c382-4cf1-8299-9e462ad04061 with feature: Build login feature
2026-07-12 10:21:46.623  INFO 24728 --- [main] c.f.modules.ai.tools.ToolExecutor        : [ | ] ToolExecutor initialized with 1 tools: [echo]
2026-07-12 10:21:46.624 DEBUG 24728 --- [main] c.f.modules.ai.tools.ToolExecutor        : [ | ] Tool 'echo' executed in 0ms
2026-07-12 10:21:46.627  INFO 24728 --- [main] c.f.modules.ai.tools.ToolExecutor        : [ | ] ToolExecutor initialized with 1 tools: [echo]
2026-07-12 10:21:46.635  INFO 24728 --- [main] c.f.modules.ai.tools.ToolExecutor        : [ | ] ToolExecutor initialized with 1 tools: [boom]
2026-07-12 10:21:46.635 ERROR 24728 --- [main] c.f.modules.ai.tools.ToolExecutor        : [ | ] Tool 'boom' failed after 0ms

java.lang.IllegalStateException: kaboom
	at com.forgemind.modules.ai.tools.ToolExecutorTest$BoomTool.execute(ToolExecutorTest.java:51)
	at com.forgemind.modules.ai.tools.ToolExecutorTest$BoomTool.execute(ToolExecutorTest.java:1)
	at com.forgemind.modules.ai.tools.ToolExecutor.execute(ToolExecutor.java:73)
	at com.forgemind.modules.ai.tools.ToolExecutorTest.lambda$1(ToolExecutorTest.java:83)
	at org.junit.jupiter.api.AssertThrows.assertThrows(AssertThrows.java:53)
	at org.junit.jupiter.api.AssertThrows.assertThrows(AssertThrows.java:35)
	at org.junit.jupiter.api.Assertions.assertThrows(Assertions.java:3115)
	at com.forgemind.modules.ai.tools.ToolExecutorTest.execute_ShouldWrapToolFailures(ToolExecutorTest.java:83)
	at java.base/jdk.internal.reflect.DirectMethodHandleAccessor.invoke(DirectMethodHandleAccessor.java:103)
	at java.base/java.lang.reflect.Method.invoke(Method.java:580)
	at org.junit.platform.commons.util.ReflectionUtils.invokeMethod(ReflectionUtils.java:728)
	at org.junit.jupiter.engine.execution.MethodInvocation.proceed(MethodInvocation.java:60)
	at org.junit.jupiter.engine.execution.InvocationInterceptorChain$ValidatingInvocation.proceed(InvocationInterceptorChain.java:131)
	at org.junit.jupiter.engine.extension.TimeoutExtension.intercept(TimeoutExtension.java:156)
	at org.junit.jupiter.engine.extension.TimeoutExtension.interceptTestableMethod(TimeoutExtension.java:147)
	at org.junit.jupiter.engine.extension.TimeoutExtension.interceptTestMethod(TimeoutExtension.java:86)
	at org.junit.jupiter.engine.execution.InterceptingExecutableInvoker$ReflectiveInterceptorCall.lambda$ofVoidMethod$0(InterceptingExecutableInvoker.java:103)
	at org.junit.jupiter.engine.execution.InterceptingExecutableInvoker.lambda$invoke$0(InterceptingExecutableInvoker.java:93)
	at org.junit.jupiter.engine.execution.InvocationInterceptorChain$InterceptedInvocation.proceed(InvocationInterceptorChain.java:106)
	at org.junit.jupiter.engine.execution.InvocationInterceptorChain.proceed(InvocationInterceptorChain.java:64)
	at org.junit.jupiter.engine.execution.InvocationInterceptorChain.chainAndInvoke(InvocationInterceptorChain.java:45)
	at org.junit.jupiter.engine.execution.InvocationInterceptorChain.invoke(InvocationInterceptorChain.java:37)
	at org.junit.jupiter.engine.execution.InterceptingExecutableInvoker.invoke(InterceptingExecutableInvoker.java:92)
	at org.junit.jupiter.engine.execution.InterceptingExecutableInvoker.invoke(InterceptingExecutableInvoker.java:86)
	at org.junit.jupiter.engine.descriptor.TestMethodTestDescriptor.lambda$invokeTestMethod$7(TestMethodTestDescriptor.java:218)
	at org.junit.platform.engine.support.hierarchical.ThrowableCollector.execute(ThrowableCollector.java:73)
	at org.junit.jupiter.engine.descriptor.TestMethodTestDescriptor.invokeTestMethod(TestMethodTestDescriptor.java:214)
	at org.junit.jupiter.engine.descriptor.TestMethodTestDescriptor.execute(TestMethodTestDescriptor.java:139)
	at org.junit.jupiter.engine.descriptor.TestMethodTestDescriptor.execute(TestMethodTestDescriptor.java:69)
	at org.junit.platform.engine.support.hierarchical.NodeTestTask.lambda$executeRecursively$6(NodeTestTask.java:151)
	at org.junit.platform.engine.support.hierarchical.ThrowableCollector.execute(ThrowableCollector.java:73)
	at org.junit.platform.engine.support.hierarchical.NodeTestTask.lambda$executeRecursively$8(NodeTestTask.java:141)
	at org.junit.platform.engine.support.hierarchical.Node.around(Node.java:137)
	at org.junit.platform.engine.support.hierarchical.NodeTestTask.lambda$executeRecursively$9(NodeTestTask.java:139)
	at org.junit.platform.engine.support.hierarchical.ThrowableCollector.execute(ThrowableCollector.java:73)
	at org.junit.platform.engine.support.hierarchical.NodeTestTask.executeRecursively(NodeTestTask.java:138)
	at org.junit.platform.engine.support.hierarchical.NodeTestTask.execute(NodeTestTask.java:95)
	at java.base/java.util.ArrayList.forEach(ArrayList.java:1596)
	at org.junit.platform.engine.support.hierarchical.SameThreadHierarchicalTestExecutorService.invokeAll(SameThreadHierarchicalTestExecutorService.java:41)
	at org.junit.platform.engine.support.hierarchical.NodeTestTask.lambda$executeRecursively$6(NodeTestTask.java:155)
	at org.junit.platform.engine.support.hierarchical.ThrowableCollector.execute(ThrowableCollector.java:73)
	at org.junit.platform.engine.support.hierarchical.NodeTestTask.lambda$executeRecursively$8(NodeTestTask.java:141)
	at org.junit.platform.engine.support.hierarchical.Node.around(Node.java:137)
	at org.junit.platform.engine.support.hierarchical.NodeTestTask.lambda$executeRecursively$9(NodeTestTask.java:139)
	at org.junit.platform.engine.support.hierarchical.ThrowableCollector.execute(ThrowableCollector.java:73)
	at org.junit.platform.engine.support.hierarchical.NodeTestTask.executeRecursively(NodeTestTask.java:138)
	at org.junit.platform.engine.support.hierarchical.NodeTestTask.execute(NodeTestTask.java:95)
	at java.base/java.util.ArrayList.forEach(ArrayList.java:1596)
	at org.junit.platform.engine.support.hierarchical.SameThreadHierarchicalTestExecutorService.invokeAll(SameThreadHierarchicalTestExecutorService.java:41)
	at org.junit.platform.engine.support.hierarchical.NodeTestTask.lambda$executeRecursively$6(NodeTestTask.java:155)
	at org.junit.platform.engine.support.hierarchical.ThrowableCollector.execute(ThrowableCollector.java:73)
	at org.junit.platform.engine.support.hierarchical.NodeTestTask.lambda$executeRecursively$8(NodeTestTask.java:141)
	at org.junit.platform.engine.support.hierarchical.Node.around(Node.java:137)
	at org.junit.platform.engine.support.hierarchical.NodeTestTask.lambda$executeRecursively$9(NodeTestTask.java:139)
	at org.junit.platform.engine.support.hierarchical.ThrowableCollector.execute(ThrowableCollector.java:73)
	at org.junit.platform.engine.support.hierarchical.NodeTestTask.executeRecursively(NodeTestTask.java:138)
	at org.junit.platform.engine.support.hierarchical.NodeTestTask.execute(NodeTestTask.java:95)
	at org.junit.platform.engine.support.hierarchical.SameThreadHierarchicalTestExecutorService.submit(SameThreadHierarchicalTestExecutorService.java:35)
	at org.junit.platform.engine.support.hierarchical.HierarchicalTestExecutor.execute(HierarchicalTestExecutor.java:57)
	at org.junit.platform.engine.support.hierarchical.HierarchicalTestEngine.execute(HierarchicalTestEngine.java:54)
	at org.junit.platform.launcher.core.EngineExecutionOrchestrator.execute(EngineExecutionOrchestrator.java:198)
	at org.junit.platform.launcher.core.EngineExecutionOrchestrator.execute(EngineExecutionOrchestrator.java:169)
	at org.junit.platform.launcher.core.EngineExecutionOrchestrator.execute(EngineExecutionOrchestrator.java:93)
	at org.junit.platform.launcher.core.EngineExecutionOrchestrator.lambda$execute$0(EngineExecutionOrchestrator.java:58)
	at org.junit.platform.launcher.core.EngineExecutionOrchestrator.withInterceptedStreams(EngineExecutionOrchestrator.java:141)
	at org.junit.platform.launcher.core.EngineExecutionOrchestrator.execute(EngineExecutionOrchestrator.java:57)
	at org.junit.platform.launcher.core.DefaultLauncher.execute(DefaultLauncher.java:103)
	at org.junit.platform.launcher.core.DefaultLauncher.execute(DefaultLauncher.java:85)
	at org.junit.platform.launcher.core.DelegatingLauncher.execute(DelegatingLauncher.java:47)
	at org.apache.maven.surefire.junitplatform.LazyLauncher.execute(LazyLauncher.java:56)
	at org.apache.maven.surefire.junitplatform.JUnitPlatformProvider.execute(JUnitPlatformProvider.java:184)
	at org.apache.maven.surefire.junitplatform.JUnitPlatformProvider.invokeAllTests(JUnitPlatformProvider.java:148)
	at org.apache.maven.surefire.junitplatform.JUnitPlatformProvider.invoke(JUnitPlatformProvider.java:122)
	at org.apache.maven.surefire.booter.ForkedBooter.runSuitesInProcess(ForkedBooter.java:385)
	at org.apache.maven.surefire.booter.ForkedBooter.execute(ForkedBooter.java:162)
	at org.apache.maven.surefire.booter.ForkedBooter.run(ForkedBooter.java:507)
	at org.apache.maven.surefire.booter.ForkedBooter.main(ForkedBooter.java:495)

2026-07-12 10:21:46.649  INFO 24728 --- [main] c.f.modules.ai.agent.AgentRegistry       : [ | ] AgentRegistry initialized with 2 agents: [PLANNING, DOCUMENTATION]
2026-07-12 10:21:46.656  INFO 24728 --- [main] c.f.modules.ai.workflow.WorkflowEngine   : [ | ] Workflow[chained] starting with 2 step(s)
2026-07-12 10:21:46.657  INFO 24728 --- [main] c.f.modules.ai.workflow.WorkflowEngine   : [ | ] Workflow[chained] → step 'plan' (PLANNING)
2026-07-12 10:21:46.660  INFO 24728 --- [main] c.f.modules.ai.workflow.WorkflowEngine   : [ | ] Workflow[chained] → step 'document' (DOCUMENTATION)
2026-07-12 10:21:46.662  INFO 24728 --- [main] c.f.modules.ai.workflow.WorkflowEngine   : [ | ] Workflow[chained] completed 2 step(s) in 6ms
2026-07-12 10:21:46.664  INFO 24728 --- [main] c.f.modules.ai.agent.AgentRegistry       : [ | ] AgentRegistry initialized with 2 agents: [PLANNING, DOCUMENTATION]
2026-07-12 10:21:46.664  INFO 24728 --- [main] c.f.modules.ai.workflow.WorkflowEngine   : [ | ] Workflow[plan-then-doc] starting with 2 step(s)
2026-07-12 10:21:46.664  INFO 24728 --- [main] c.f.modules.ai.workflow.WorkflowEngine   : [ | ] Workflow[plan-then-doc] → step 'plan' (PLANNING)
2026-07-12 10:21:46.664  INFO 24728 --- [main] c.f.modules.ai.workflow.WorkflowEngine   : [ | ] Workflow[plan-then-doc] → step 'document' (DOCUMENTATION)
2026-07-12 10:21:46.664  INFO 24728 --- [main] c.f.modules.ai.workflow.WorkflowEngine   : [ | ] Workflow[plan-then-doc] completed 2 step(s) in 0ms
2026-07-12 10:21:47.038  INFO 24728 --- [main] c.f.m.a.c.AuthControllerIntegrationTest  : [ | ] Starting AuthControllerIntegrationTest using Java 21.0.11 with PID 24728 (started by varun in C:\Users\varun\OneDrive\Documents\flutter1\Forgemind\ForgeMind\backend)
2026-07-12 10:21:47.040 DEBUG 24728 --- [main] c.f.m.a.c.AuthControllerIntegrationTest  : [ | ] Running with Spring Boot v3.3.1, Spring v6.1.10
2026-07-12 10:21:47.040  INFO 24728 --- [main] c.f.m.a.c.AuthControllerIntegrationTest  : [ | ] The following 1 profile is active: "test"
2026-07-12 10:21:50.083 DEBUG 24728 --- [main] org.hibernate.SQL                        : [ | ] 
    drop table if exists public.activities cascade 
2026-07-12 10:21:50.088 DEBUG 24728 --- [main] org.hibernate.SQL                        : [ | ] 
    drop table if exists public.knowledge_chunks cascade 
2026-07-12 10:21:50.090 DEBUG 24728 --- [main] org.hibernate.SQL                        : [ | ] 
    drop table if exists public.knowledge_documents cascade 
2026-07-12 10:21:50.090 DEBUG 24728 --- [main] org.hibernate.SQL                        : [ | ] 
    drop table if exists public.projects cascade 
2026-07-12 10:21:50.093 DEBUG 24728 --- [main] org.hibernate.SQL                        : [ | ] 
    drop table if exists public.refresh_tokens cascade 
2026-07-12 10:21:50.095 DEBUG 24728 --- [main] org.hibernate.SQL                        : [ | ] 
    drop table if exists public.roles cascade 
2026-07-12 10:21:50.096 DEBUG 24728 --- [main] org.hibernate.SQL                        : [ | ] 
    drop table if exists public.tasks cascade 
2026-07-12 10:21:50.098 DEBUG 24728 --- [main] org.hibernate.SQL                        : [ | ] 
    drop table if exists public.team_members cascade 
2026-07-12 10:21:50.100 DEBUG 24728 --- [main] org.hibernate.SQL                        : [ | ] 
    drop table if exists public.teams cascade 
2026-07-12 10:21:50.101 DEBUG 24728 --- [main] org.hibernate.SQL                        : [ | ] 
    drop table if exists public.user_roles cascade 
2026-07-12 10:21:50.102 DEBUG 24728 --- [main] org.hibernate.SQL                        : [ | ] 
    drop table if exists public.users cascade 
2026-07-12 10:21:50.105 DEBUG 24728 --- [main] org.hibernate.SQL                        : [ | ] 
    create table public.activities (
        actor_id bigint not null,
        created_at timestamp(6) with time zone not null,
        id uuid not null,
        project_id uuid,
        task_id uuid,
        team_id uuid,
        message TEXT not null,
        metadata TEXT,
        activity_type enum ('PROJECT_CREATED','PROJECT_DELETED','PROJECT_UPDATED','TASK_ASSIGNED','TASK_COMPLETED','TASK_CREATED','TASK_DELETED','TASK_STATUS_CHANGED','TASK_UPDATED','TEAM_CREATED','TEAM_MEMBER_ADDED','TEAM_MEMBER_REMOVED','USER_UPDATED') not null,
        primary key (id)
    )
2026-07-12 10:21:50.108 DEBUG 24728 --- [main] org.hibernate.SQL                        : [ | ] 
    create table public.knowledge_chunks (
        chunk_index integer not null,
        created_at timestamp(6) with time zone not null,
        document_id uuid not null,
        id uuid not null,
        project_id uuid not null,
        chunk_text TEXT not null,
        metadata JSONB,
        source_id varchar(255) not null,
        source_type enum ('ACTIVITY','DOCUMENTATION','PROJECT','TASK','TEAM') not null,
        primary key (id)
    )
2026-07-12 10:21:50.111 DEBUG 24728 --- [main] org.hibernate.SQL                        : [ | ] 
    create table public.knowledge_documents (
        chunk_count integer not null,
        created_at timestamp(6) with time zone not null,
        indexed_at timestamp(6) with time zone not null,
        updated_at timestamp(6) with time zone not null,
        id uuid not null,
        project_id uuid not null,
        checksum varchar(64),
        title varchar(500),
        source_id varchar(255) not null,
        source_type enum ('ACTIVITY','DOCUMENTATION','PROJECT','TASK','TEAM') not null,
        primary key (id)
    )
2026-07-12 10:21:50.114 DEBUG 24728 --- [main] org.hibernate.SQL                        : [ | ] 
    create table public.projects (
        created_at timestamp(6) with time zone not null,
        owner_id bigint not null,
        updated_at timestamp(6) with time zone not null,
        id uuid not null,
        name varchar(100) not null,
        description TEXT,
        status enum ('ACTIVE','ARCHIVED','COMPLETED') not null,
        primary key (id)
    )
2026-07-12 10:21:50.116 DEBUG 24728 --- [main] org.hibernate.SQL                        : [ | ] 
    create table public.refresh_tokens (
        revoked boolean not null,
        created_at timestamp(6) with time zone not null,
        expires_at timestamp(6) with time zone not null,
        id bigint generated by default as identity,
        user_id bigint not null,
        token_hash varchar(255) not null unique,
        primary key (id)
    )
2026-07-12 10:21:50.118 DEBUG 24728 --- [main] org.hibernate.SQL                        : [ | ] 
    create table public.roles (
        created_at timestamp(6) with time zone not null,
        id bigint generated by default as identity,
        name varchar(50) not null unique,
        description varchar(255),
        primary key (id)
    )
2026-07-12 10:21:50.122 DEBUG 24728 --- [main] org.hibernate.SQL                        : [ | ] 
    create table public.tasks (
        assignee_id bigint,
        created_at timestamp(6) with time zone not null,
        created_by bigint not null,
        due_date timestamp(6) with time zone,
        updated_at timestamp(6) with time zone not null,
        id uuid not null,
        project_id uuid not null,
        description TEXT,
        title varchar(255) not null,
        priority enum ('CRITICAL','HIGH','LOW','MEDIUM') not null,
        status enum ('BLOCKED','DONE','IN_PROGRESS','IN_REVIEW','TODO') not null,
        primary key (id)
    )
2026-07-12 10:21:50.127 DEBUG 24728 --- [main] org.hibernate.SQL                        : [ | ] 
    create table public.team_members (
        joined_at timestamp(6) with time zone not null,
        user_id bigint not null,
        id uuid not null,
        team_id uuid not null,
        role enum ('ADMIN','MEMBER','OWNER') not null,
        primary key (id),
        unique (team_id, user_id)
    )
2026-07-12 10:21:50.131 DEBUG 24728 --- [main] org.hibernate.SQL                        : [ | ] 
    create table public.teams (
        created_at timestamp(6) with time zone not null,
        updated_at timestamp(6) with time zone not null,
        id uuid not null,
        description TEXT,
        name varchar(255) not null,
        primary key (id)
    )
2026-07-12 10:21:50.133 DEBUG 24728 --- [main] org.hibernate.SQL                        : [ | ] 
    create table public.user_roles (
        role_id bigint not null,
        user_id bigint not null,
        primary key (role_id, user_id)
    )
2026-07-12 10:21:50.137 DEBUG 24728 --- [main] org.hibernate.SQL                        : [ | ] 
    create table public.users (
        enabled boolean not null,
        created_at timestamp(6) with time zone not null,
        id bigint generated by default as identity,
        updated_at timestamp(6) with time zone not null,
        username varchar(50) not null unique,
        first_name varchar(100) not null,
        last_name varchar(100) not null,
        email varchar(255) not null unique,
        password_hash varchar(255) not null,
        primary key (id)
    )
2026-07-12 10:21:50.141 DEBUG 24728 --- [main] org.hibernate.SQL                        : [ | ] 
    alter table if exists public.activities 
       add constraint FKmfjrc8jdvy0yrr7x67qmrxkue 
       foreign key (actor_id) 
       references public.users
2026-07-12 10:21:50.143 DEBUG 24728 --- [main] org.hibernate.SQL                        : [ | ] 
    alter table if exists public.projects 
       add constraint FKmueqy6cpcwpfl8gnnag4idjt9 
       foreign key (owner_id) 
       references public.users
2026-07-12 10:21:50.146 DEBUG 24728 --- [main] org.hibernate.SQL                        : [ | ] 
    alter table if exists public.refresh_tokens 
       add constraint FK1lih5y2npsf8u5o3vhdb9y0os 
       foreign key (user_id) 
       references public.users
2026-07-12 10:21:50.150 DEBUG 24728 --- [main] org.hibernate.SQL                        : [ | ] 
    alter table if exists public.tasks 
       add constraint FKekr1dgiqktpyoip3qmp6lxsit 
       foreign key (assignee_id) 
       references public.users
2026-07-12 10:21:50.152 DEBUG 24728 --- [main] org.hibernate.SQL                        : [ | ] 
    alter table if exists public.tasks 
       add constraint FK9dgm9t7wn4w3gh57h63g712lo 
       foreign key (created_by) 
       references public.users
2026-07-12 10:21:50.155 DEBUG 24728 --- [main] org.hibernate.SQL                        : [ | ] 
    alter table if exists public.tasks 
       add constraint FKsfhn82y57i3k9uxww1s007acc 
       foreign key (project_id) 
       references public.projects
2026-07-12 10:21:50.159 DEBUG 24728 --- [main] org.hibernate.SQL                        : [ | ] 
    alter table if exists public.team_members 
       add constraint FKtgca08el3ofisywcf11f0f76t 
       foreign key (team_id) 
       references public.teams
2026-07-12 10:21:50.161 DEBUG 24728 --- [main] org.hibernate.SQL                        : [ | ] 
    alter table if exists public.team_members 
       add constraint FKee8x7x5026imwmma9kndkxs36 
       foreign key (user_id) 
       references public.users
2026-07-12 10:21:50.165 DEBUG 24728 --- [main] org.hibernate.SQL                        : [ | ] 
    alter table if exists public.user_roles 
       add constraint FKh8ciramu9cc9q3qcqiv4ue8a6 
       foreign key (role_id) 
       references public.roles
2026-07-12 10:21:50.168 DEBUG 24728 --- [main] org.hibernate.SQL                        : [ | ] 
    alter table if exists public.user_roles 
       add constraint FKhfh9dx7w3ubf1co1vdev94g3f 
       foreign key (user_id) 
       references public.users
2026-07-12 10:21:51.182  INFO 24728 --- [main] c.forgemind.modules.ai.config.AiConfig   : [ | ] Initializing AI Provider: MOCK
2026-07-12 10:21:51.323  INFO 24728 --- [main] c.f.modules.ai.tools.ToolExecutor        : [ | ] ToolExecutor initialized with 5 tools: [task.list, metrics.compute, project.fetch, activity.recent, team.fetch]
2026-07-12 10:21:51.342  INFO 24728 --- [main] c.f.m.a.embedding.MockEmbeddingProvider  : [ | ] MockEmbeddingProvider initialized with 1536 dimensions
2026-07-12 10:21:51.428  INFO 24728 --- [main] c.f.modules.ai.agent.AgentRegistry       : [ | ] AgentRegistry initialized with 5 agents: [PLANNING, DOCUMENTATION, RISK_ANALYSIS, SPRINT_PLANNING, STANDUP]
2026-07-12 10:21:51.765  INFO 24728 --- [main] eAuthenticationProviderManagerConfigurer : [ | ] Global AuthenticationManager configured with AuthenticationProvider bean with name authenticationProvider
2026-07-12 10:21:51.766  WARN 24728 --- [main] r$InitializeUserDetailsManagerConfigurer : [ | ] Global AuthenticationManager configured with an AuthenticationProvider bean. UserDetailsService beans will not be used for username/password login. Consider removing the AuthenticationProvider bean. Alternatively, consider using the UserDetailsService in a manually instantiated DaoAuthenticationProvider.
2026-07-12 10:21:54.062 DEBUG 24728 --- [main] c.f.config.filter.MdcLoggingFilter       : [ | ] Filter 'mdcLoggingFilter' configured for use
2026-07-12 10:21:54.063 DEBUG 24728 --- [main] c.f.m.a.s.JwtAuthenticationFilter        : [ | ] Filter 'jwtAuthenticationFilter' configured for use
2026-07-12 10:21:54.115  INFO 24728 --- [main] org.springframework.web.SimpLogging      : [ | ] Starting...
2026-07-12 10:21:54.115  INFO 24728 --- [main] org.springframework.web.SimpLogging      : [ | ] BrokerAvailabilityEvent[available=true, SimpleBrokerMessageHandler [org.springframework.messaging.simp.broker.DefaultSubscriptionRegistry@603a1212]]
2026-07-12 10:21:54.116  INFO 24728 --- [main] org.springframework.web.SimpLogging      : [ | ] Started.
2026-07-12 10:21:54.142  INFO 24728 --- [main] c.f.m.a.c.AuthControllerIntegrationTest  : [ | ] Started AuthControllerIntegrationTest in 7.244 seconds (process running for 39.518)
2026-07-12 10:21:54.439 DEBUG 24728 --- [main] org.hibernate.SQL                        : [ | ] 
    select
        u1_0.id,
        u1_0.created_at,
        u1_0.email,
        u1_0.enabled,
        u1_0.first_name,
        u1_0.last_name,
        u1_0.password_hash,
        u1_0.updated_at,
        u1_0.username 
    from
        public.users u1_0
2026-07-12 10:21:54.511 DEBUG 24728 --- [main] org.hibernate.SQL                        : [ | ] 
    select
        r1_0.id,
        r1_0.created_at,
        r1_0.description,
        r1_0.name 
    from
        public.roles r1_0
2026-07-12 10:21:54.594 DEBUG 24728 --- [main] org.hibernate.SQL                        : [ | ] 
    insert 
    into
        public.roles
        (created_at, description, name, id) 
    values
        (?, ?, ?, default)
2026-07-12 10:21:54.954  WARN 24728 --- [main] c.f.c.exception.GlobalExceptionHandler   : [14a0e9a1-d6f3-4f29-a213-31a68f9715f3 | ] Validation failure on /api/v1/auth/register: {password=Password must be at least 8 characters long}
2026-07-12 10:21:55.134 DEBUG 24728 --- [main] org.hibernate.SQL                        : [ | ] 
    select
        u1_0.id,
        u1_0.created_at,
        u1_0.email,
        u1_0.enabled,
        u1_0.first_name,
        u1_0.last_name,
        u1_0.password_hash,
        u1_0.updated_at,
        u1_0.username 
    from
        public.users u1_0
2026-07-12 10:21:55.138 DEBUG 24728 --- [main] org.hibernate.SQL                        : [ | ] 
    select
        r1_0.id,
        r1_0.created_at,
        r1_0.description,
        r1_0.name 
    from
        public.roles r1_0
2026-07-12 10:21:55.140 DEBUG 24728 --- [main] org.hibernate.SQL                        : [ | ] 
    insert 
    into
        public.roles
        (created_at, description, name, id) 
    values
        (?, ?, ?, default)
2026-07-12 10:21:55.151  WARN 24728 --- [main] c.f.c.exception.GlobalExceptionHandler   : [5d4ee606-03c0-4865-8ac7-e5898c32e813 | ] Validation failure on /api/v1/auth/register: {username=Username is required}
2026-07-12 10:21:55.175 DEBUG 24728 --- [main] org.hibernate.SQL                        : [ | ] 
    select
        u1_0.id,
        u1_0.created_at,
        u1_0.email,
        u1_0.enabled,
        u1_0.first_name,
        u1_0.last_name,
        u1_0.password_hash,
        u1_0.updated_at,
        u1_0.username 
    from
        public.users u1_0
2026-07-12 10:21:55.178 DEBUG 24728 --- [main] org.hibernate.SQL                        : [ | ] 
    select
        r1_0.id,
        r1_0.created_at,
        r1_0.description,
        r1_0.name 
    from
        public.roles r1_0
2026-07-12 10:21:55.181 DEBUG 24728 --- [main] org.hibernate.SQL                        : [ | ] 
    insert 
    into
        public.roles
        (created_at, description, name, id) 
    values
        (?, ?, ?, default)
2026-07-12 10:21:55.191 DEBUG 24728 --- [main] c.f.modules.auth.service.AuthService     : [11fc5022-d3e5-4aca-8bc1-0d45f18cbb34 | ] Attempting to register new user: alicesmith
2026-07-12 10:21:55.269 DEBUG 24728 --- [main] org.hibernate.SQL                        : [11fc5022-d3e5-4aca-8bc1-0d45f18cbb34 | ] 
    select
        u1_0.id 
    from
        public.users u1_0 
    where
        u1_0.username=? 
    fetch
        first ? rows only
2026-07-12 10:21:55.278 DEBUG 24728 --- [main] org.hibernate.SQL                        : [11fc5022-d3e5-4aca-8bc1-0d45f18cbb34 | ] 
    select
        u1_0.id 
    from
        public.users u1_0 
    where
        u1_0.email=? 
    fetch
        first ? rows only
2026-07-12 10:21:55.284 DEBUG 24728 --- [main] org.hibernate.SQL                        : [11fc5022-d3e5-4aca-8bc1-0d45f18cbb34 | ] 
    select
        r1_0.id,
        r1_0.created_at,
        r1_0.description,
        r1_0.name 
    from
        public.roles r1_0 
    where
        r1_0.name=?
2026-07-12 10:21:56.097 DEBUG 24728 --- [main] org.hibernate.SQL                        : [11fc5022-d3e5-4aca-8bc1-0d45f18cbb34 | ] 
    insert 
    into
        public.users
        (created_at, email, enabled, first_name, last_name, password_hash, updated_at, username, id) 
    values
        (?, ?, ?, ?, ?, ?, ?, ?, default)
2026-07-12 10:21:56.102  INFO 24728 --- [main] c.f.modules.auth.service.AuthService     : [11fc5022-d3e5-4aca-8bc1-0d45f18cbb34 | ] Successfully registered user: alicesmith with ID: 1
2026-07-12 10:21:56.154 DEBUG 24728 --- [main] org.hibernate.SQL                        : [ | ] 
    select
        u1_0.id,
        u1_0.created_at,
        u1_0.email,
        u1_0.enabled,
        u1_0.first_name,
        u1_0.last_name,
        u1_0.password_hash,
        u1_0.updated_at,
        u1_0.username 
    from
        public.users u1_0
2026-07-12 10:21:56.158 DEBUG 24728 --- [main] org.hibernate.SQL                        : [ | ] 
    select
        r1_0.id,
        r1_0.created_at,
        r1_0.description,
        r1_0.name 
    from
        public.roles r1_0
2026-07-12 10:21:56.160 DEBUG 24728 --- [main] org.hibernate.SQL                        : [ | ] 
    insert 
    into
        public.roles
        (created_at, description, name, id) 
    values
        (?, ?, ?, default)
2026-07-12 10:21:56.170 DEBUG 24728 --- [main] c.f.modules.auth.service.AuthService     : [89f9c7df-552b-4f3d-8790-d91b9db0bcfb | ] Attempting to register new user: bobjones
2026-07-12 10:21:56.174 DEBUG 24728 --- [main] org.hibernate.SQL                        : [89f9c7df-552b-4f3d-8790-d91b9db0bcfb | ] 
    select
        u1_0.id 
    from
        public.users u1_0 
    where
        u1_0.username=? 
    fetch
        first ? rows only
2026-07-12 10:21:56.179 DEBUG 24728 --- [main] org.hibernate.SQL                        : [89f9c7df-552b-4f3d-8790-d91b9db0bcfb | ] 
    select
        u1_0.id 
    from
        public.users u1_0 
    where
        u1_0.email=? 
    fetch
        first ? rows only
2026-07-12 10:21:56.183 DEBUG 24728 --- [main] org.hibernate.SQL                        : [89f9c7df-552b-4f3d-8790-d91b9db0bcfb | ] 
    select
        r1_0.id,
        r1_0.created_at,
        r1_0.description,
        r1_0.name 
    from
        public.roles r1_0 
    where
        r1_0.name=?
2026-07-12 10:21:57.093 DEBUG 24728 --- [main] org.hibernate.SQL                        : [89f9c7df-552b-4f3d-8790-d91b9db0bcfb | ] 
    insert 
    into
        public.users
        (created_at, email, enabled, first_name, last_name, password_hash, updated_at, username, id) 
    values
        (?, ?, ?, ?, ?, ?, ?, ?, default)
2026-07-12 10:21:57.096  INFO 24728 --- [main] c.f.modules.auth.service.AuthService     : [89f9c7df-552b-4f3d-8790-d91b9db0bcfb | ] Successfully registered user: bobjones with ID: 2
2026-07-12 10:21:57.124 DEBUG 24728 --- [main] org.hibernate.SQL                        : [ | ] 
    select
        u1_0.id,
        u1_0.created_at,
        u1_0.email,
        u1_0.enabled,
        u1_0.first_name,
        u1_0.last_name,
        u1_0.password_hash,
        u1_0.updated_at,
        u1_0.username 
    from
        public.users u1_0
2026-07-12 10:21:57.125 DEBUG 24728 --- [main] org.hibernate.SQL                        : [ | ] 
    select
        r1_0.id,
        r1_0.created_at,
        r1_0.description,
        r1_0.name 
    from
        public.roles r1_0
2026-07-12 10:21:57.125 DEBUG 24728 --- [main] org.hibernate.SQL                        : [ | ] 
    insert 
    into
        public.roles
        (created_at, description, name, id) 
    values
        (?, ?, ?, default)
2026-07-12 10:21:57.139 DEBUG 24728 --- [main] c.f.modules.auth.service.AuthService     : [38f40a14-1673-4443-93b2-a3faa131ac20 | ] Attempting to register new user: davegreen
2026-07-12 10:21:57.142 DEBUG 24728 --- [main] org.hibernate.SQL                        : [38f40a14-1673-4443-93b2-a3faa131ac20 | ] 
    select
        u1_0.id 
    from
        public.users u1_0 
    where
        u1_0.username=? 
    fetch
        first ? rows only
2026-07-12 10:21:57.144 DEBUG 24728 --- [main] org.hibernate.SQL                        : [38f40a14-1673-4443-93b2-a3faa131ac20 | ] 
    select
        u1_0.id 
    from
        public.users u1_0 
    where
        u1_0.email=? 
    fetch
        first ? rows only
2026-07-12 10:21:57.148 DEBUG 24728 --- [main] org.hibernate.SQL                        : [38f40a14-1673-4443-93b2-a3faa131ac20 | ] 
    select
        r1_0.id,
        r1_0.created_at,
        r1_0.description,
        r1_0.name 
    from
        public.roles r1_0 
    where
        r1_0.name=?
2026-07-12 10:21:57.789 DEBUG 24728 --- [main] org.hibernate.SQL                        : [38f40a14-1673-4443-93b2-a3faa131ac20 | ] 
    insert 
    into
        public.users
        (created_at, email, enabled, first_name, last_name, password_hash, updated_at, username, id) 
    values
        (?, ?, ?, ?, ?, ?, ?, ?, default)
2026-07-12 10:21:57.792  INFO 24728 --- [main] c.f.modules.auth.service.AuthService     : [38f40a14-1673-4443-93b2-a3faa131ac20 | ] Successfully registered user: davegreen with ID: 3
2026-07-12 10:21:57.800 DEBUG 24728 --- [main] c.f.modules.auth.service.AuthService     : [922cf6fa-a01e-4c02-8b1d-3a3c6003ccf4 | ] Attempting to register new user: davegreen2
2026-07-12 10:21:57.815 DEBUG 24728 --- [main] org.hibernate.SQL                        : [922cf6fa-a01e-4c02-8b1d-3a3c6003ccf4 | ] 
    select
        u1_0.id 
    from
        public.users u1_0 
    where
        u1_0.username=? 
    fetch
        first ? rows only
2026-07-12 10:21:57.821 DEBUG 24728 --- [main] org.hibernate.SQL                        : [922cf6fa-a01e-4c02-8b1d-3a3c6003ccf4 | ] 
    select
        u1_0.id 
    from
        public.users u1_0 
    where
        u1_0.email=? 
    fetch
        first ? rows only
2026-07-12 10:21:57.825  WARN 24728 --- [main] c.f.c.exception.GlobalExceptionHandler   : [922cf6fa-a01e-4c02-8b1d-3a3c6003ccf4 | ] Domain exception on /api/v1/auth/register: EMAIL_EXISTS - Email is already taken
2026-07-12 10:21:57.848 DEBUG 24728 --- [main] org.hibernate.SQL                        : [ | ] 
    select
        u1_0.id,
        u1_0.created_at,
        u1_0.email,
        u1_0.enabled,
        u1_0.first_name,
        u1_0.last_name,
        u1_0.password_hash,
        u1_0.updated_at,
        u1_0.username 
    from
        public.users u1_0
2026-07-12 10:21:57.850 DEBUG 24728 --- [main] org.hibernate.SQL                        : [ | ] 
    select
        r1_0.id,
        r1_0.created_at,
        r1_0.description,
        r1_0.name 
    from
        public.roles r1_0
2026-07-12 10:21:57.853 DEBUG 24728 --- [main] org.hibernate.SQL                        : [ | ] 
    insert 
    into
        public.roles
        (created_at, description, name, id) 
    values
        (?, ?, ?, default)
2026-07-12 10:21:57.862 DEBUG 24728 --- [main] c.f.modules.auth.service.AuthService     : [acbb8d7b-5865-4be7-aa6e-d99258fe45df | ] Attempting to register new user: carolwhite
2026-07-12 10:21:57.864 DEBUG 24728 --- [main] org.hibernate.SQL                        : [acbb8d7b-5865-4be7-aa6e-d99258fe45df | ] 
    select
        u1_0.id 
    from
        public.users u1_0 
    where
        u1_0.username=? 
    fetch
        first ? rows only
2026-07-12 10:21:57.866 DEBUG 24728 --- [main] org.hibernate.SQL                        : [acbb8d7b-5865-4be7-aa6e-d99258fe45df | ] 
    select
        u1_0.id 
    from
        public.users u1_0 
    where
        u1_0.email=? 
    fetch
        first ? rows only
2026-07-12 10:21:57.870 DEBUG 24728 --- [main] org.hibernate.SQL                        : [acbb8d7b-5865-4be7-aa6e-d99258fe45df | ] 
    select
        r1_0.id,
        r1_0.created_at,
        r1_0.description,
        r1_0.name 
    from
        public.roles r1_0 
    where
        r1_0.name=?
2026-07-12 10:21:58.459 DEBUG 24728 --- [main] org.hibernate.SQL                        : [acbb8d7b-5865-4be7-aa6e-d99258fe45df | ] 
    insert 
    into
        public.users
        (created_at, email, enabled, first_name, last_name, password_hash, updated_at, username, id) 
    values
        (?, ?, ?, ?, ?, ?, ?, ?, default)
2026-07-12 10:21:58.461  INFO 24728 --- [main] c.f.modules.auth.service.AuthService     : [acbb8d7b-5865-4be7-aa6e-d99258fe45df | ] Successfully registered user: carolwhite with ID: 4
2026-07-12 10:21:58.468 DEBUG 24728 --- [main] c.f.modules.auth.service.AuthService     : [4c688a17-2a48-4555-9564-d4c0b0eb5d5c | ] Attempting to register new user: carolwhite
2026-07-12 10:21:58.471 DEBUG 24728 --- [main] org.hibernate.SQL                        : [4c688a17-2a48-4555-9564-d4c0b0eb5d5c | ] 
    select
        u1_0.id 
    from
        public.users u1_0 
    where
        u1_0.username=? 
    fetch
        first ? rows only
2026-07-12 10:21:58.473  WARN 24728 --- [main] c.f.c.exception.GlobalExceptionHandler   : [4c688a17-2a48-4555-9564-d4c0b0eb5d5c | ] Domain exception on /api/v1/auth/register: USERNAME_EXISTS - Username is already taken
2026-07-12 10:21:58.494 DEBUG 24728 --- [main] org.hibernate.SQL                        : [ | ] 
    select
        u1_0.id,
        u1_0.created_at,
        u1_0.email,
        u1_0.enabled,
        u1_0.first_name,
        u1_0.last_name,
        u1_0.password_hash,
        u1_0.updated_at,
        u1_0.username 
    from
        public.users u1_0
2026-07-12 10:21:58.497 DEBUG 24728 --- [main] org.hibernate.SQL                        : [ | ] 
    select
        r1_0.id,
        r1_0.created_at,
        r1_0.description,
        r1_0.name 
    from
        public.roles r1_0
2026-07-12 10:21:58.499 DEBUG 24728 --- [main] org.hibernate.SQL                        : [ | ] 
    insert 
    into
        public.roles
        (created_at, description, name, id) 
    values
        (?, ?, ?, default)
2026-07-12 10:21:58.507  WARN 24728 --- [main] c.f.c.exception.GlobalExceptionHandler   : [53f0df24-9c15-403a-9023-6d2b457ea03a | ] Validation failure on /api/v1/auth/register: {email=Email should be valid}
2026-07-12 10:21:58.528 DEBUG 24728 --- [main] org.hibernate.SQL                        : [ | ] 
    select
        u1_0.id,
        u1_0.created_at,
        u1_0.email,
        u1_0.enabled,
        u1_0.first_name,
        u1_0.last_name,
        u1_0.password_hash,
        u1_0.updated_at,
        u1_0.username 
    from
        public.users u1_0
2026-07-12 10:21:58.531 DEBUG 24728 --- [main] org.hibernate.SQL                        : [ | ] 
    select
        r1_0.id,
        r1_0.created_at,
        r1_0.description,
        r1_0.name 
    from
        public.roles r1_0
2026-07-12 10:21:58.533 DEBUG 24728 --- [main] org.hibernate.SQL                        : [ | ] 
    insert 
    into
        public.roles
        (created_at, description, name, id) 
    values
        (?, ?, ?, default)
2026-07-12 10:21:58.542  WARN 24728 --- [main] c.f.c.exception.GlobalExceptionHandler   : [effed135-a275-41a1-a2a4-0c8d38215dfe | ] Validation failure on /api/v1/auth/register: {firstName=First name is required}
2026-07-12 10:21:58.590 DEBUG 24728 --- [main] org.hibernate.SQL                        : [ | ] 
    select
        rt1_0.id,
        rt1_0.created_at,
        rt1_0.expires_at,
        rt1_0.revoked,
        rt1_0.token_hash,
        rt1_0.user_id 
    from
        public.refresh_tokens rt1_0
2026-07-12 10:21:58.594 DEBUG 24728 --- [main] org.hibernate.SQL                        : [ | ] 
    select
        u1_0.id,
        u1_0.created_at,
        u1_0.email,
        u1_0.enabled,
        u1_0.first_name,
        u1_0.last_name,
        u1_0.password_hash,
        u1_0.updated_at,
        u1_0.username 
    from
        public.users u1_0
2026-07-12 10:21:58.597 DEBUG 24728 --- [main] org.hibernate.SQL                        : [ | ] 
    select
        r1_0.id,
        r1_0.created_at,
        r1_0.description,
        r1_0.name 
    from
        public.roles r1_0
2026-07-12 10:21:58.600 DEBUG 24728 --- [main] org.hibernate.SQL                        : [ | ] 
    insert 
    into
        public.roles
        (created_at, description, name, id) 
    values
        (?, ?, ?, default)
2026-07-12 10:21:58.608 DEBUG 24728 --- [main] c.f.modules.auth.service.AuthService     : [1775a727-0e08-4d47-9e51-3a30d4d95f51 | ] Attempting to register new user: alicesmith
2026-07-12 10:21:58.610 DEBUG 24728 --- [main] org.hibernate.SQL                        : [1775a727-0e08-4d47-9e51-3a30d4d95f51 | ] 
    select
        u1_0.id 
    from
        public.users u1_0 
    where
        u1_0.username=? 
    fetch
        first ? rows only
2026-07-12 10:21:58.614 DEBUG 24728 --- [main] org.hibernate.SQL                        : [1775a727-0e08-4d47-9e51-3a30d4d95f51 | ] 
    select
        u1_0.id 
    from
        public.users u1_0 
    where
        u1_0.email=? 
    fetch
        first ? rows only
2026-07-12 10:21:58.618 DEBUG 24728 --- [main] org.hibernate.SQL                        : [1775a727-0e08-4d47-9e51-3a30d4d95f51 | ] 
    select
        r1_0.id,
        r1_0.created_at,
        r1_0.description,
        r1_0.name 
    from
        public.roles r1_0 
    where
        r1_0.name=?
2026-07-12 10:21:59.192 DEBUG 24728 --- [main] org.hibernate.SQL                        : [1775a727-0e08-4d47-9e51-3a30d4d95f51 | ] 
    insert 
    into
        public.users
        (created_at, email, enabled, first_name, last_name, password_hash, updated_at, username, id) 
    values
        (?, ?, ?, ?, ?, ?, ?, ?, default)
2026-07-12 10:21:59.194  INFO 24728 --- [main] c.f.modules.auth.service.AuthService     : [1775a727-0e08-4d47-9e51-3a30d4d95f51 | ] Successfully registered user: alicesmith with ID: 5
2026-07-12 10:21:59.219 DEBUG 24728 --- [main] org.hibernate.SQL                        : [a9a585b9-8320-4691-a55d-4207f0b83e97 | ] 
    select
        u1_0.id,
        u1_0.created_at,
        u1_0.email,
        u1_0.enabled,
        u1_0.first_name,
        u1_0.last_name,
        u1_0.password_hash,
        u1_0.updated_at,
        u1_0.username 
    from
        public.users u1_0 
    where
        u1_0.username=?
2026-07-12 10:21:59.227 DEBUG 24728 --- [main] org.hibernate.SQL                        : [a9a585b9-8320-4691-a55d-4207f0b83e97 | ] 
    select
        u1_0.id,
        u1_0.created_at,
        u1_0.email,
        u1_0.enabled,
        u1_0.first_name,
        u1_0.last_name,
        u1_0.password_hash,
        u1_0.updated_at,
        u1_0.username 
    from
        public.users u1_0 
    where
        u1_0.email=?
2026-07-12 10:21:59.798 DEBUG 24728 --- [main] org.hibernate.SQL                        : [a9a585b9-8320-4691-a55d-4207f0b83e97 | ] 
    select
        u1_0.id,
        u1_0.created_at,
        u1_0.email,
        u1_0.enabled,
        u1_0.first_name,
        u1_0.last_name,
        u1_0.password_hash,
        u1_0.updated_at,
        u1_0.username 
    from
        public.users u1_0 
    where
        u1_0.username=?
2026-07-12 10:22:00.687 DEBUG 24728 --- [main] org.hibernate.SQL                        : [a9a585b9-8320-4691-a55d-4207f0b83e97 | ] 
    delete 
    from
        public.refresh_tokens rt1_0 
    where
        rt1_0.expires_at<?
2026-07-12 10:22:00.694 DEBUG 24728 --- [main] org.hibernate.SQL                        : [a9a585b9-8320-4691-a55d-4207f0b83e97 | ] 
    insert 
    into
        public.refresh_tokens
        (created_at, expires_at, revoked, token_hash, user_id, id) 
    values
        (?, ?, ?, ?, ?, default)
2026-07-12 10:22:00.697  INFO 24728 --- [main] c.f.modules.auth.service.AuthService     : [a9a585b9-8320-4691-a55d-4207f0b83e97 | ] User 'alicesmith' (ID: 5) logged in successfully
2026-07-12 10:22:00.726 DEBUG 24728 --- [main] org.hibernate.SQL                        : [ | ] 
    select
        rt1_0.id,
        rt1_0.created_at,
        rt1_0.expires_at,
        rt1_0.revoked,
        rt1_0.token_hash,
        rt1_0.user_id 
    from
        public.refresh_tokens rt1_0
2026-07-12 10:22:00.728 DEBUG 24728 --- [main] org.hibernate.SQL                        : [ | ] 
    select
        u1_0.id,
        u1_0.created_at,
        u1_0.email,
        u1_0.enabled,
        u1_0.first_name,
        u1_0.last_name,
        u1_0.password_hash,
        u1_0.updated_at,
        u1_0.username 
    from
        public.users u1_0
2026-07-12 10:22:00.731 DEBUG 24728 --- [main] org.hibernate.SQL                        : [ | ] 
    select
        r1_0.id,
        r1_0.created_at,
        r1_0.description,
        r1_0.name 
    from
        public.roles r1_0
2026-07-12 10:22:00.734 DEBUG 24728 --- [main] org.hibernate.SQL                        : [ | ] 
    insert 
    into
        public.roles
        (created_at, description, name, id) 
    values
        (?, ?, ?, default)
2026-07-12 10:22:00.739 DEBUG 24728 --- [main] c.f.modules.auth.service.AuthService     : [cdae312a-f343-4d27-85a4-5112afcbc9d8 | ] Attempting to register new user: alicesmith
2026-07-12 10:22:00.743 DEBUG 24728 --- [main] org.hibernate.SQL                        : [cdae312a-f343-4d27-85a4-5112afcbc9d8 | ] 
    select
        u1_0.id 
    from
        public.users u1_0 
    where
        u1_0.username=? 
    fetch
        first ? rows only
2026-07-12 10:22:00.746 DEBUG 24728 --- [main] org.hibernate.SQL                        : [cdae312a-f343-4d27-85a4-5112afcbc9d8 | ] 
    select
        u1_0.id 
    from
        public.users u1_0 
    where
        u1_0.email=? 
    fetch
        first ? rows only
2026-07-12 10:22:00.751 DEBUG 24728 --- [main] org.hibernate.SQL                        : [cdae312a-f343-4d27-85a4-5112afcbc9d8 | ] 
    select
        r1_0.id,
        r1_0.created_at,
        r1_0.description,
        r1_0.name 
    from
        public.roles r1_0 
    where
        r1_0.name=?
2026-07-12 10:22:01.305 DEBUG 24728 --- [main] org.hibernate.SQL                        : [cdae312a-f343-4d27-85a4-5112afcbc9d8 | ] 
    insert 
    into
        public.users
        (created_at, email, enabled, first_name, last_name, password_hash, updated_at, username, id) 
    values
        (?, ?, ?, ?, ?, ?, ?, ?, default)
2026-07-12 10:22:01.307  INFO 24728 --- [main] c.f.modules.auth.service.AuthService     : [cdae312a-f343-4d27-85a4-5112afcbc9d8 | ] Successfully registered user: alicesmith with ID: 6
2026-07-12 10:22:01.316 DEBUG 24728 --- [main] org.hibernate.SQL                        : [a40109c3-3064-4494-89c9-431cb2d1edff | ] 
    select
        u1_0.id,
        u1_0.created_at,
        u1_0.email,
        u1_0.enabled,
        u1_0.first_name,
        u1_0.last_name,
        u1_0.password_hash,
        u1_0.updated_at,
        u1_0.username 
    from
        public.users u1_0 
    where
        u1_0.username=?
2026-07-12 10:22:01.321 DEBUG 24728 --- [main] org.hibernate.SQL                        : [a40109c3-3064-4494-89c9-431cb2d1edff | ] 
    select
        u1_0.id,
        u1_0.created_at,
        u1_0.email,
        u1_0.enabled,
        u1_0.first_name,
        u1_0.last_name,
        u1_0.password_hash,
        u1_0.updated_at,
        u1_0.username 
    from
        public.users u1_0 
    where
        u1_0.username=?
2026-07-12 10:22:01.872 DEBUG 24728 --- [main] org.hibernate.SQL                        : [a40109c3-3064-4494-89c9-431cb2d1edff | ] 
    delete 
    from
        public.refresh_tokens rt1_0 
    where
        rt1_0.expires_at<?
2026-07-12 10:22:01.877 DEBUG 24728 --- [main] org.hibernate.SQL                        : [a40109c3-3064-4494-89c9-431cb2d1edff | ] 
    insert 
    into
        public.refresh_tokens
        (created_at, expires_at, revoked, token_hash, user_id, id) 
    values
        (?, ?, ?, ?, ?, default)
2026-07-12 10:22:01.880  INFO 24728 --- [main] c.f.modules.auth.service.AuthService     : [a40109c3-3064-4494-89c9-431cb2d1edff | ] User 'alicesmith' (ID: 6) logged in successfully
2026-07-12 10:22:02.092 DEBUG 24728 --- [main] org.hibernate.SQL                        : [ | ] 
    select
        rt1_0.id,
        rt1_0.created_at,
        rt1_0.expires_at,
        rt1_0.revoked,
        rt1_0.token_hash,
        rt1_0.user_id 
    from
        public.refresh_tokens rt1_0
2026-07-12 10:22:02.095 DEBUG 24728 --- [main] org.hibernate.SQL                        : [ | ] 
    select
        u1_0.id,
        u1_0.created_at,
        u1_0.email,
        u1_0.enabled,
        u1_0.first_name,
        u1_0.last_name,
        u1_0.password_hash,
        u1_0.updated_at,
        u1_0.username 
    from
        public.users u1_0
2026-07-12 10:22:02.096 DEBUG 24728 --- [main] org.hibernate.SQL                        : [ | ] 
    select
        r1_0.id,
        r1_0.created_at,
        r1_0.description,
        r1_0.name 
    from
        public.roles r1_0
2026-07-12 10:22:02.096 DEBUG 24728 --- [main] org.hibernate.SQL                        : [ | ] 
    insert 
    into
        public.roles
        (created_at, description, name, id) 
    values
        (?, ?, ?, default)
2026-07-12 10:22:02.104 DEBUG 24728 --- [main] c.f.modules.auth.service.AuthService     : [73924680-98a1-44ac-bad0-825b4da3fdb3 | ] Attempting to register new user: alicesmith
2026-07-12 10:22:02.104 DEBUG 24728 --- [main] org.hibernate.SQL                        : [73924680-98a1-44ac-bad0-825b4da3fdb3 | ] 
    select
        u1_0.id 
    from
        public.users u1_0 
    where
        u1_0.username=? 
    fetch
        first ? rows only
2026-07-12 10:22:02.112 DEBUG 24728 --- [main] org.hibernate.SQL                        : [73924680-98a1-44ac-bad0-825b4da3fdb3 | ] 
    select
        u1_0.id 
    from
        public.users u1_0 
    where
        u1_0.email=? 
    fetch
        first ? rows only
2026-07-12 10:22:02.113 DEBUG 24728 --- [main] org.hibernate.SQL                        : [73924680-98a1-44ac-bad0-825b4da3fdb3 | ] 
    select
        r1_0.id,
        r1_0.created_at,
        r1_0.description,
        r1_0.name 
    from
        public.roles r1_0 
    where
        r1_0.name=?
2026-07-12 10:22:02.669 DEBUG 24728 --- [main] org.hibernate.SQL                        : [73924680-98a1-44ac-bad0-825b4da3fdb3 | ] 
    insert 
    into
        public.users
        (created_at, email, enabled, first_name, last_name, password_hash, updated_at, username, id) 
    values
        (?, ?, ?, ?, ?, ?, ?, ?, default)
2026-07-12 10:22:02.671  INFO 24728 --- [main] c.f.modules.auth.service.AuthService     : [73924680-98a1-44ac-bad0-825b4da3fdb3 | ] Successfully registered user: alicesmith with ID: 7
2026-07-12 10:22:02.681 DEBUG 24728 --- [main] org.hibernate.SQL                        : [4e61c1c8-a951-4589-9526-92b60cd901b9 | ] 
    select
        u1_0.id,
        u1_0.created_at,
        u1_0.email,
        u1_0.enabled,
        u1_0.first_name,
        u1_0.last_name,
        u1_0.password_hash,
        u1_0.updated_at,
        u1_0.username 
    from
        public.users u1_0 
    where
        u1_0.username=?
2026-07-12 10:22:02.685 DEBUG 24728 --- [main] org.hibernate.SQL                        : [4e61c1c8-a951-4589-9526-92b60cd901b9 | ] 
    select
        u1_0.id,
        u1_0.created_at,
        u1_0.email,
        u1_0.enabled,
        u1_0.first_name,
        u1_0.last_name,
        u1_0.password_hash,
        u1_0.updated_at,
        u1_0.username 
    from
        public.users u1_0 
    where
        u1_0.username=?
2026-07-12 10:22:03.249 DEBUG 24728 --- [main] org.hibernate.SQL                        : [4e61c1c8-a951-4589-9526-92b60cd901b9 | ] 
    delete 
    from
        public.refresh_tokens rt1_0 
    where
        rt1_0.expires_at<?
2026-07-12 10:22:03.252 DEBUG 24728 --- [main] org.hibernate.SQL                        : [4e61c1c8-a951-4589-9526-92b60cd901b9 | ] 
    insert 
    into
        public.refresh_tokens
        (created_at, expires_at, revoked, token_hash, user_id, id) 
    values
        (?, ?, ?, ?, ?, default)
2026-07-12 10:22:03.254  INFO 24728 --- [main] c.f.modules.auth.service.AuthService     : [4e61c1c8-a951-4589-9526-92b60cd901b9 | ] User 'alicesmith' (ID: 7) logged in successfully
2026-07-12 10:22:03.282 DEBUG 24728 --- [main] org.hibernate.SQL                        : [ | ] 
    select
        rt1_0.id,
        rt1_0.created_at,
        rt1_0.expires_at,
        rt1_0.revoked,
        rt1_0.token_hash,
        rt1_0.user_id 
    from
        public.refresh_tokens rt1_0
2026-07-12 10:22:03.285 DEBUG 24728 --- [main] org.hibernate.SQL                        : [ | ] 
    select
        u1_0.id,
        u1_0.created_at,
        u1_0.email,
        u1_0.enabled,
        u1_0.first_name,
        u1_0.last_name,
        u1_0.password_hash,
        u1_0.updated_at,
        u1_0.username 
    from
        public.users u1_0
2026-07-12 10:22:03.287 DEBUG 24728 --- [main] org.hibernate.SQL                        : [ | ] 
    select
        r1_0.id,
        r1_0.created_at,
        r1_0.description,
        r1_0.name 
    from
        public.roles r1_0
2026-07-12 10:22:03.289 DEBUG 24728 --- [main] org.hibernate.SQL                        : [ | ] 
    insert 
    into
        public.roles
        (created_at, description, name, id) 
    values
        (?, ?, ?, default)
2026-07-12 10:22:03.296 DEBUG 24728 --- [main] c.f.modules.auth.service.AuthService     : [29961d83-6537-4430-84fa-d20befbca8c2 | ] Attempting to register new user: alicesmith
2026-07-12 10:22:03.299 DEBUG 24728 --- [main] org.hibernate.SQL                        : [29961d83-6537-4430-84fa-d20befbca8c2 | ] 
    select
        u1_0.id 
    from
        public.users u1_0 
    where
        u1_0.username=? 
    fetch
        first ? rows only
2026-07-12 10:22:03.301 DEBUG 24728 --- [main] org.hibernate.SQL                        : [29961d83-6537-4430-84fa-d20befbca8c2 | ] 
    select
        u1_0.id 
    from
        public.users u1_0 
    where
        u1_0.email=? 
    fetch
        first ? rows only
2026-07-12 10:22:03.303 DEBUG 24728 --- [main] org.hibernate.SQL                        : [29961d83-6537-4430-84fa-d20befbca8c2 | ] 
    select
        r1_0.id,
        r1_0.created_at,
        r1_0.description,
        r1_0.name 
    from
        public.roles r1_0 
    where
        r1_0.name=?
2026-07-12 10:22:03.859 DEBUG 24728 --- [main] org.hibernate.SQL                        : [29961d83-6537-4430-84fa-d20befbca8c2 | ] 
    insert 
    into
        public.users
        (created_at, email, enabled, first_name, last_name, password_hash, updated_at, username, id) 
    values
        (?, ?, ?, ?, ?, ?, ?, ?, default)
2026-07-12 10:22:03.861  INFO 24728 --- [main] c.f.modules.auth.service.AuthService     : [29961d83-6537-4430-84fa-d20befbca8c2 | ] Successfully registered user: alicesmith with ID: 8
2026-07-12 10:22:03.871  WARN 24728 --- [main] c.f.c.exception.GlobalExceptionHandler   : [5358eb0d-9c10-4b82-a6b4-00d84993b005 | ] Validation failure on /api/v1/auth/login: {usernameOrEmail=Username or email is required}
2026-07-12 10:22:03.889 DEBUG 24728 --- [main] org.hibernate.SQL                        : [ | ] 
    select
        rt1_0.id,
        rt1_0.created_at,
        rt1_0.expires_at,
        rt1_0.revoked,
        rt1_0.token_hash,
        rt1_0.user_id 
    from
        public.refresh_tokens rt1_0
2026-07-12 10:22:03.892 DEBUG 24728 --- [main] org.hibernate.SQL                        : [ | ] 
    select
        u1_0.id,
        u1_0.created_at,
        u1_0.email,
        u1_0.enabled,
        u1_0.first_name,
        u1_0.last_name,
        u1_0.password_hash,
        u1_0.updated_at,
        u1_0.username 
    from
        public.users u1_0
2026-07-12 10:22:03.895 DEBUG 24728 --- [main] org.hibernate.SQL                        : [ | ] 
    select
        r1_0.id,
        r1_0.created_at,
        r1_0.description,
        r1_0.name 
    from
        public.roles r1_0
2026-07-12 10:22:03.897 DEBUG 24728 --- [main] org.hibernate.SQL                        : [ | ] 
    insert 
    into
        public.roles
        (created_at, description, name, id) 
    values
        (?, ?, ?, default)
2026-07-12 10:22:03.901 DEBUG 24728 --- [main] c.f.modules.auth.service.AuthService     : [06d819ba-6e8c-467d-815f-b3620e377c9f | ] Attempting to register new user: alicesmith
2026-07-12 10:22:03.904 DEBUG 24728 --- [main] org.hibernate.SQL                        : [06d819ba-6e8c-467d-815f-b3620e377c9f | ] 
    select
        u1_0.id 
    from
        public.users u1_0 
    where
        u1_0.username=? 
    fetch
        first ? rows only
2026-07-12 10:22:03.907 DEBUG 24728 --- [main] org.hibernate.SQL                        : [06d819ba-6e8c-467d-815f-b3620e377c9f | ] 
    select
        u1_0.id 
    from
        public.users u1_0 
    where
        u1_0.email=? 
    fetch
        first ? rows only
2026-07-12 10:22:03.910 DEBUG 24728 --- [main] org.hibernate.SQL                        : [06d819ba-6e8c-467d-815f-b3620e377c9f | ] 
    select
        r1_0.id,
        r1_0.created_at,
        r1_0.description,
        r1_0.name 
    from
        public.roles r1_0 
    where
        r1_0.name=?
2026-07-12 10:22:04.497 DEBUG 24728 --- [main] org.hibernate.SQL                        : [06d819ba-6e8c-467d-815f-b3620e377c9f | ] 
    insert 
    into
        public.users
        (created_at, email, enabled, first_name, last_name, password_hash, updated_at, username, id) 
    values
        (?, ?, ?, ?, ?, ?, ?, ?, default)
2026-07-12 10:22:04.499  INFO 24728 --- [main] c.f.modules.auth.service.AuthService     : [06d819ba-6e8c-467d-815f-b3620e377c9f | ] Successfully registered user: alicesmith with ID: 9
2026-07-12 10:22:04.511 DEBUG 24728 --- [main] org.hibernate.SQL                        : [2ac3884e-cf72-4012-8001-99d55d3d3204 | ] 
    select
        u1_0.id,
        u1_0.created_at,
        u1_0.email,
        u1_0.enabled,
        u1_0.first_name,
        u1_0.last_name,
        u1_0.password_hash,
        u1_0.updated_at,
        u1_0.username 
    from
        public.users u1_0 
    where
        u1_0.username=?
2026-07-12 10:22:04.515 DEBUG 24728 --- [main] org.hibernate.SQL                        : [2ac3884e-cf72-4012-8001-99d55d3d3204 | ] 
    select
        u1_0.id,
        u1_0.created_at,
        u1_0.email,
        u1_0.enabled,
        u1_0.first_name,
        u1_0.last_name,
        u1_0.password_hash,
        u1_0.updated_at,
        u1_0.username 
    from
        public.users u1_0 
    where
        u1_0.username=?
2026-07-12 10:22:05.114 DEBUG 24728 --- [main] org.hibernate.SQL                        : [2ac3884e-cf72-4012-8001-99d55d3d3204 | ] 
    delete 
    from
        public.refresh_tokens rt1_0 
    where
        rt1_0.expires_at<?
2026-07-12 10:22:05.117 DEBUG 24728 --- [main] org.hibernate.SQL                        : [2ac3884e-cf72-4012-8001-99d55d3d3204 | ] 
    insert 
    into
        public.refresh_tokens
        (created_at, expires_at, revoked, token_hash, user_id, id) 
    values
        (?, ?, ?, ?, ?, default)
2026-07-12 10:22:05.118  INFO 24728 --- [main] c.f.modules.auth.service.AuthService     : [2ac3884e-cf72-4012-8001-99d55d3d3204 | ] User 'alicesmith' (ID: 9) logged in successfully
2026-07-12 10:22:05.230 DEBUG 24728 --- [main] org.hibernate.SQL                        : [ | ] 
    select
        count(*) 
    from
        public.refresh_tokens rt1_0
2026-07-12 10:22:05.244 DEBUG 24728 --- [main] org.hibernate.SQL                        : [ | ] 
    select
        rt1_0.id,
        rt1_0.created_at,
        rt1_0.expires_at,
        rt1_0.revoked,
        rt1_0.token_hash,
        rt1_0.user_id 
    from
        public.refresh_tokens rt1_0
2026-07-12 10:22:05.265 DEBUG 24728 --- [main] org.hibernate.SQL                        : [ | ] 
    select
        rt1_0.id,
        rt1_0.created_at,
        rt1_0.expires_at,
        rt1_0.revoked,
        rt1_0.token_hash,
        rt1_0.user_id 
    from
        public.refresh_tokens rt1_0
2026-07-12 10:22:05.267 DEBUG 24728 --- [main] org.hibernate.SQL                        : [ | ] 
    select
        u1_0.id,
        u1_0.created_at,
        u1_0.email,
        u1_0.enabled,
        u1_0.first_name,
        u1_0.last_name,
        u1_0.password_hash,
        u1_0.updated_at,
        u1_0.username 
    from
        public.users u1_0
2026-07-12 10:22:05.270 DEBUG 24728 --- [main] org.hibernate.SQL                        : [ | ] 
    select
        r1_0.id,
        r1_0.created_at,
        r1_0.description,
        r1_0.name 
    from
        public.roles r1_0
2026-07-12 10:22:05.271 DEBUG 24728 --- [main] org.hibernate.SQL                        : [ | ] 
    insert 
    into
        public.roles
        (created_at, description, name, id) 
    values
        (?, ?, ?, default)
2026-07-12 10:22:05.277 DEBUG 24728 --- [main] c.f.modules.auth.service.AuthService     : [f8f224f0-5ca5-42ac-90f9-3fe664201f51 | ] Attempting to register new user: alicesmith
2026-07-12 10:22:05.279 DEBUG 24728 --- [main] org.hibernate.SQL                        : [f8f224f0-5ca5-42ac-90f9-3fe664201f51 | ] 
    select
        u1_0.id 
    from
        public.users u1_0 
    where
        u1_0.username=? 
    fetch
        first ? rows only
2026-07-12 10:22:05.282 DEBUG 24728 --- [main] org.hibernate.SQL                        : [f8f224f0-5ca5-42ac-90f9-3fe664201f51 | ] 
    select
        u1_0.id 
    from
        public.users u1_0 
    where
        u1_0.email=? 
    fetch
        first ? rows only
2026-07-12 10:22:05.285 DEBUG 24728 --- [main] org.hibernate.SQL                        : [f8f224f0-5ca5-42ac-90f9-3fe664201f51 | ] 
    select
        r1_0.id,
        r1_0.created_at,
        r1_0.description,
        r1_0.name 
    from
        public.roles r1_0 
    where
        r1_0.name=?
2026-07-12 10:22:05.834 DEBUG 24728 --- [main] org.hibernate.SQL                        : [f8f224f0-5ca5-42ac-90f9-3fe664201f51 | ] 
    insert 
    into
        public.users
        (created_at, email, enabled, first_name, last_name, password_hash, updated_at, username, id) 
    values
        (?, ?, ?, ?, ?, ?, ?, ?, default)
2026-07-12 10:22:05.836  INFO 24728 --- [main] c.f.modules.auth.service.AuthService     : [f8f224f0-5ca5-42ac-90f9-3fe664201f51 | ] Successfully registered user: alicesmith with ID: 10
2026-07-12 10:22:05.845 DEBUG 24728 --- [main] org.hibernate.SQL                        : [b3d6096a-17d9-45e3-9c4b-8909f81af166 | ] 
    select
        u1_0.id,
        u1_0.created_at,
        u1_0.email,
        u1_0.enabled,
        u1_0.first_name,
        u1_0.last_name,
        u1_0.password_hash,
        u1_0.updated_at,
        u1_0.username 
    from
        public.users u1_0 
    where
        u1_0.username=?
2026-07-12 10:22:05.849 DEBUG 24728 --- [main] org.hibernate.SQL                        : [b3d6096a-17d9-45e3-9c4b-8909f81af166 | ] 
    select
        u1_0.id,
        u1_0.created_at,
        u1_0.email,
        u1_0.enabled,
        u1_0.first_name,
        u1_0.last_name,
        u1_0.password_hash,
        u1_0.updated_at,
        u1_0.username 
    from
        public.users u1_0 
    where
        u1_0.email=?
2026-07-12 10:22:05.852  WARN 24728 --- [main] c.f.c.exception.GlobalExceptionHandler   : [b3d6096a-17d9-45e3-9c4b-8909f81af166 | ] Domain exception on /api/v1/auth/login: INVALID_CREDENTIALS - Invalid username/email or password
2026-07-12 10:22:05.868 DEBUG 24728 --- [main] org.hibernate.SQL                        : [ | ] 
    select
        rt1_0.id,
        rt1_0.created_at,
        rt1_0.expires_at,
        rt1_0.revoked,
        rt1_0.token_hash,
        rt1_0.user_id 
    from
        public.refresh_tokens rt1_0
2026-07-12 10:22:05.870 DEBUG 24728 --- [main] org.hibernate.SQL                        : [ | ] 
    select
        u1_0.id,
        u1_0.created_at,
        u1_0.email,
        u1_0.enabled,
        u1_0.first_name,
        u1_0.last_name,
        u1_0.password_hash,
        u1_0.updated_at,
        u1_0.username 
    from
        public.users u1_0
2026-07-12 10:22:05.872 DEBUG 24728 --- [main] org.hibernate.SQL                        : [ | ] 
    select
        r1_0.id,
        r1_0.created_at,
        r1_0.description,
        r1_0.name 
    from
        public.roles r1_0
2026-07-12 10:22:05.874 DEBUG 24728 --- [main] org.hibernate.SQL                        : [ | ] 
    insert 
    into
        public.roles
        (created_at, description, name, id) 
    values
        (?, ?, ?, default)
2026-07-12 10:22:05.880 DEBUG 24728 --- [main] c.f.modules.auth.service.AuthService     : [67e4587c-94fb-44e8-a379-ead5bc0bf723 | ] Attempting to register new user: alicesmith
2026-07-12 10:22:05.882 DEBUG 24728 --- [main] org.hibernate.SQL                        : [67e4587c-94fb-44e8-a379-ead5bc0bf723 | ] 
    select
        u1_0.id 
    from
        public.users u1_0 
    where
        u1_0.username=? 
    fetch
        first ? rows only
2026-07-12 10:22:05.885 DEBUG 24728 --- [main] org.hibernate.SQL                        : [67e4587c-94fb-44e8-a379-ead5bc0bf723 | ] 
    select
        u1_0.id 
    from
        public.users u1_0 
    where
        u1_0.email=? 
    fetch
        first ? rows only
2026-07-12 10:22:05.888 DEBUG 24728 --- [main] org.hibernate.SQL                        : [67e4587c-94fb-44e8-a379-ead5bc0bf723 | ] 
    select
        r1_0.id,
        r1_0.created_at,
        r1_0.description,
        r1_0.name 
    from
        public.roles r1_0 
    where
        r1_0.name=?
2026-07-12 10:22:06.443 DEBUG 24728 --- [main] org.hibernate.SQL                        : [67e4587c-94fb-44e8-a379-ead5bc0bf723 | ] 
    insert 
    into
        public.users
        (created_at, email, enabled, first_name, last_name, password_hash, updated_at, username, id) 
    values
        (?, ?, ?, ?, ?, ?, ?, ?, default)
2026-07-12 10:22:06.444  INFO 24728 --- [main] c.f.modules.auth.service.AuthService     : [67e4587c-94fb-44e8-a379-ead5bc0bf723 | ] Successfully registered user: alicesmith with ID: 11
2026-07-12 10:22:06.456 DEBUG 24728 --- [main] org.hibernate.SQL                        : [3d75d886-2dc2-426e-854f-91be29bea3d6 | ] 
    select
        u1_0.id,
        u1_0.created_at,
        u1_0.email,
        u1_0.enabled,
        u1_0.first_name,
        u1_0.last_name,
        u1_0.password_hash,
        u1_0.updated_at,
        u1_0.username 
    from
        public.users u1_0 
    where
        u1_0.username=?
2026-07-12 10:22:06.460 DEBUG 24728 --- [main] org.hibernate.SQL                        : [3d75d886-2dc2-426e-854f-91be29bea3d6 | ] 
    select
        u1_0.id,
        u1_0.created_at,
        u1_0.email,
        u1_0.enabled,
        u1_0.first_name,
        u1_0.last_name,
        u1_0.password_hash,
        u1_0.updated_at,
        u1_0.username 
    from
        public.users u1_0 
    where
        u1_0.username=?
2026-07-12 10:22:07.016 DEBUG 24728 --- [main] c.f.modules.auth.service.AuthService     : [3d75d886-2dc2-426e-854f-91be29bea3d6 | ] Authentication failure for identifier 'alicesmith': BadCredentialsException
2026-07-12 10:22:07.018  WARN 24728 --- [main] c.f.c.exception.GlobalExceptionHandler   : [3d75d886-2dc2-426e-854f-91be29bea3d6 | ] Domain exception on /api/v1/auth/login: INVALID_CREDENTIALS - Invalid username/email or password
2026-07-12 10:22:07.026 DEBUG 24728 --- [main] org.hibernate.SQL                        : [988bad4f-aa98-4f1f-93a2-79e5ce9d41ef | ] 
    select
        u1_0.id,
        u1_0.created_at,
        u1_0.email,
        u1_0.enabled,
        u1_0.first_name,
        u1_0.last_name,
        u1_0.password_hash,
        u1_0.updated_at,
        u1_0.username 
    from
        public.users u1_0 
    where
        u1_0.username=?
2026-07-12 10:22:07.028 DEBUG 24728 --- [main] org.hibernate.SQL                        : [988bad4f-aa98-4f1f-93a2-79e5ce9d41ef | ] 
    select
        u1_0.id,
        u1_0.created_at,
        u1_0.email,
        u1_0.enabled,
        u1_0.first_name,
        u1_0.last_name,
        u1_0.password_hash,
        u1_0.updated_at,
        u1_0.username 
    from
        public.users u1_0 
    where
        u1_0.email=?
2026-07-12 10:22:07.030  WARN 24728 --- [main] c.f.c.exception.GlobalExceptionHandler   : [988bad4f-aa98-4f1f-93a2-79e5ce9d41ef | ] Domain exception on /api/v1/auth/login: INVALID_CREDENTIALS - Invalid username/email or password
2026-07-12 10:22:07.056 DEBUG 24728 --- [main] org.hibernate.SQL                        : [ | ] 
    select
        rt1_0.id,
        rt1_0.created_at,
        rt1_0.expires_at,
        rt1_0.revoked,
        rt1_0.token_hash,
        rt1_0.user_id 
    from
        public.refresh_tokens rt1_0
2026-07-12 10:22:07.059 DEBUG 24728 --- [main] org.hibernate.SQL                        : [ | ] 
    select
        u1_0.id,
        u1_0.created_at,
        u1_0.email,
        u1_0.enabled,
        u1_0.first_name,
        u1_0.last_name,
        u1_0.password_hash,
        u1_0.updated_at,
        u1_0.username 
    from
        public.users u1_0
2026-07-12 10:22:07.062 DEBUG 24728 --- [main] org.hibernate.SQL                        : [ | ] 
    select
        r1_0.id,
        r1_0.created_at,
        r1_0.description,
        r1_0.name 
    from
        public.roles r1_0
2026-07-12 10:22:07.063 DEBUG 24728 --- [main] org.hibernate.SQL                        : [ | ] 
    insert 
    into
        public.roles
        (created_at, description, name, id) 
    values
        (?, ?, ?, default)
2026-07-12 10:22:07.069 DEBUG 24728 --- [main] c.f.modules.auth.service.AuthService     : [e4532e93-401f-4311-acad-e17c701807ce | ] Attempting to register new user: alicesmith
2026-07-12 10:22:07.071 DEBUG 24728 --- [main] org.hibernate.SQL                        : [e4532e93-401f-4311-acad-e17c701807ce | ] 
    select
        u1_0.id 
    from
        public.users u1_0 
    where
        u1_0.username=? 
    fetch
        first ? rows only
2026-07-12 10:22:07.075 DEBUG 24728 --- [main] org.hibernate.SQL                        : [e4532e93-401f-4311-acad-e17c701807ce | ] 
    select
        u1_0.id 
    from
        public.users u1_0 
    where
        u1_0.email=? 
    fetch
        first ? rows only
2026-07-12 10:22:07.077 DEBUG 24728 --- [main] org.hibernate.SQL                        : [e4532e93-401f-4311-acad-e17c701807ce | ] 
    select
        r1_0.id,
        r1_0.created_at,
        r1_0.description,
        r1_0.name 
    from
        public.roles r1_0 
    where
        r1_0.name=?
2026-07-12 10:22:07.632 DEBUG 24728 --- [main] org.hibernate.SQL                        : [e4532e93-401f-4311-acad-e17c701807ce | ] 
    insert 
    into
        public.users
        (created_at, email, enabled, first_name, last_name, password_hash, updated_at, username, id) 
    values
        (?, ?, ?, ?, ?, ?, ?, ?, default)
2026-07-12 10:22:07.634  INFO 24728 --- [main] c.f.modules.auth.service.AuthService     : [e4532e93-401f-4311-acad-e17c701807ce | ] Successfully registered user: alicesmith with ID: 12
2026-07-12 10:22:07.643  WARN 24728 --- [main] c.f.c.exception.GlobalExceptionHandler   : [5743670b-a70f-452c-b09c-094b089ea733 | ] Validation failure on /api/v1/auth/login: {password=Password is required}
2026-07-12 10:22:07.661 DEBUG 24728 --- [main] org.hibernate.SQL                        : [ | ] 
    select
        rt1_0.id,
        rt1_0.created_at,
        rt1_0.expires_at,
        rt1_0.revoked,
        rt1_0.token_hash,
        rt1_0.user_id 
    from
        public.refresh_tokens rt1_0
2026-07-12 10:22:07.663 DEBUG 24728 --- [main] org.hibernate.SQL                        : [ | ] 
    select
        u1_0.id,
        u1_0.created_at,
        u1_0.email,
        u1_0.enabled,
        u1_0.first_name,
        u1_0.last_name,
        u1_0.password_hash,
        u1_0.updated_at,
        u1_0.username 
    from
        public.users u1_0
2026-07-12 10:22:07.665 DEBUG 24728 --- [main] org.hibernate.SQL                        : [ | ] 
    select
        r1_0.id,
        r1_0.created_at,
        r1_0.description,
        r1_0.name 
    from
        public.roles r1_0
2026-07-12 10:22:07.665 DEBUG 24728 --- [main] org.hibernate.SQL                        : [ | ] 
    insert 
    into
        public.roles
        (created_at, description, name, id) 
    values
        (?, ?, ?, default)
2026-07-12 10:22:07.674 DEBUG 24728 --- [main] c.f.modules.auth.service.AuthService     : [e2336a90-7525-449f-9f09-0474a3e751e6 | ] Attempting to register new user: alicesmith
2026-07-12 10:22:07.676 DEBUG 24728 --- [main] org.hibernate.SQL                        : [e2336a90-7525-449f-9f09-0474a3e751e6 | ] 
    select
        u1_0.id 
    from
        public.users u1_0 
    where
        u1_0.username=? 
    fetch
        first ? rows only
2026-07-12 10:22:07.679 DEBUG 24728 --- [main] org.hibernate.SQL                        : [e2336a90-7525-449f-9f09-0474a3e751e6 | ] 
    select
        u1_0.id 
    from
        public.users u1_0 
    where
        u1_0.email=? 
    fetch
        first ? rows only
2026-07-12 10:22:07.681 DEBUG 24728 --- [main] org.hibernate.SQL                        : [e2336a90-7525-449f-9f09-0474a3e751e6 | ] 
    select
        r1_0.id,
        r1_0.created_at,
        r1_0.description,
        r1_0.name 
    from
        public.roles r1_0 
    where
        r1_0.name=?
2026-07-12 10:22:08.248 DEBUG 24728 --- [main] org.hibernate.SQL                        : [e2336a90-7525-449f-9f09-0474a3e751e6 | ] 
    insert 
    into
        public.users
        (created_at, email, enabled, first_name, last_name, password_hash, updated_at, username, id) 
    values
        (?, ?, ?, ?, ?, ?, ?, ?, default)
2026-07-12 10:22:08.250  INFO 24728 --- [main] c.f.modules.auth.service.AuthService     : [e2336a90-7525-449f-9f09-0474a3e751e6 | ] Successfully registered user: alicesmith with ID: 13
2026-07-12 10:22:08.262 DEBUG 24728 --- [main] org.hibernate.SQL                        : [5d1e40b8-2457-4a74-9ba9-e8b7ad444098 | ] 
    select
        u1_0.id,
        u1_0.created_at,
        u1_0.email,
        u1_0.enabled,
        u1_0.first_name,
        u1_0.last_name,
        u1_0.password_hash,
        u1_0.updated_at,
        u1_0.username 
    from
        public.users u1_0 
    where
        u1_0.username=?
2026-07-12 10:22:08.266 DEBUG 24728 --- [main] org.hibernate.SQL                        : [5d1e40b8-2457-4a74-9ba9-e8b7ad444098 | ] 
    select
        u1_0.id,
        u1_0.created_at,
        u1_0.email,
        u1_0.enabled,
        u1_0.first_name,
        u1_0.last_name,
        u1_0.password_hash,
        u1_0.updated_at,
        u1_0.username 
    from
        public.users u1_0 
    where
        u1_0.email=?
2026-07-12 10:22:08.267  WARN 24728 --- [main] c.f.c.exception.GlobalExceptionHandler   : [5d1e40b8-2457-4a74-9ba9-e8b7ad444098 | ] Domain exception on /api/v1/auth/login: INVALID_CREDENTIALS - Invalid username/email or password
2026-07-12 10:22:08.283 DEBUG 24728 --- [main] org.hibernate.SQL                        : [ | ] 
    select
        rt1_0.id,
        rt1_0.created_at,
        rt1_0.expires_at,
        rt1_0.revoked,
        rt1_0.token_hash,
        rt1_0.user_id 
    from
        public.refresh_tokens rt1_0
2026-07-12 10:22:08.285 DEBUG 24728 --- [main] org.hibernate.SQL                        : [ | ] 
    select
        u1_0.id,
        u1_0.created_at,
        u1_0.email,
        u1_0.enabled,
        u1_0.first_name,
        u1_0.last_name,
        u1_0.password_hash,
        u1_0.updated_at,
        u1_0.username 
    from
        public.users u1_0
2026-07-12 10:22:08.287 DEBUG 24728 --- [main] org.hibernate.SQL                        : [ | ] 
    select
        r1_0.id,
        r1_0.created_at,
        r1_0.description,
        r1_0.name 
    from
        public.roles r1_0
2026-07-12 10:22:08.288 DEBUG 24728 --- [main] org.hibernate.SQL                        : [ | ] 
    insert 
    into
        public.roles
        (created_at, description, name, id) 
    values
        (?, ?, ?, default)
2026-07-12 10:22:08.294 DEBUG 24728 --- [main] c.f.modules.auth.service.AuthService     : [31358855-0b34-4572-aee8-1d6c27871bde | ] Attempting to register new user: alicesmith
2026-07-12 10:22:08.296 DEBUG 24728 --- [main] org.hibernate.SQL                        : [31358855-0b34-4572-aee8-1d6c27871bde | ] 
    select
        u1_0.id 
    from
        public.users u1_0 
    where
        u1_0.username=? 
    fetch
        first ? rows only
2026-07-12 10:22:08.300 DEBUG 24728 --- [main] org.hibernate.SQL                        : [31358855-0b34-4572-aee8-1d6c27871bde | ] 
    select
        u1_0.id 
    from
        public.users u1_0 
    where
        u1_0.email=? 
    fetch
        first ? rows only
2026-07-12 10:22:08.302 DEBUG 24728 --- [main] org.hibernate.SQL                        : [31358855-0b34-4572-aee8-1d6c27871bde | ] 
    select
        r1_0.id,
        r1_0.created_at,
        r1_0.description,
        r1_0.name 
    from
        public.roles r1_0 
    where
        r1_0.name=?
2026-07-12 10:22:08.858 DEBUG 24728 --- [main] org.hibernate.SQL                        : [31358855-0b34-4572-aee8-1d6c27871bde | ] 
    insert 
    into
        public.users
        (created_at, email, enabled, first_name, last_name, password_hash, updated_at, username, id) 
    values
        (?, ?, ?, ?, ?, ?, ?, ?, default)
2026-07-12 10:22:08.862  INFO 24728 --- [main] c.f.modules.auth.service.AuthService     : [31358855-0b34-4572-aee8-1d6c27871bde | ] Successfully registered user: alicesmith with ID: 14
2026-07-12 10:22:08.871 DEBUG 24728 --- [main] org.hibernate.SQL                        : [f975295e-8292-4c95-8862-ccc410b78190 | ] 
    select
        u1_0.id,
        u1_0.created_at,
        u1_0.email,
        u1_0.enabled,
        u1_0.first_name,
        u1_0.last_name,
        u1_0.password_hash,
        u1_0.updated_at,
        u1_0.username 
    from
        public.users u1_0 
    where
        u1_0.username=?
2026-07-12 10:22:08.876 DEBUG 24728 --- [main] org.hibernate.SQL                        : [f975295e-8292-4c95-8862-ccc410b78190 | ] 
    select
        u1_0.id,
        u1_0.created_at,
        u1_0.email,
        u1_0.enabled,
        u1_0.first_name,
        u1_0.last_name,
        u1_0.password_hash,
        u1_0.updated_at,
        u1_0.username 
    from
        public.users u1_0 
    where
        u1_0.email=?
2026-07-12 10:22:08.878 DEBUG 24728 --- [main] org.hibernate.SQL                        : [f975295e-8292-4c95-8862-ccc410b78190 | ] 
    select
        u1_0.id,
        u1_0.created_at,
        u1_0.email,
        u1_0.enabled,
        u1_0.first_name,
        u1_0.last_name,
        u1_0.password_hash,
        u1_0.updated_at,
        u1_0.username 
    from
        public.users u1_0 
    where
        u1_0.username=?
2026-07-12 10:22:09.463 DEBUG 24728 --- [main] org.hibernate.SQL                        : [f975295e-8292-4c95-8862-ccc410b78190 | ] 
    delete 
    from
        public.refresh_tokens rt1_0 
    where
        rt1_0.expires_at<?
2026-07-12 10:22:09.468 DEBUG 24728 --- [main] org.hibernate.SQL                        : [f975295e-8292-4c95-8862-ccc410b78190 | ] 
    insert 
    into
        public.refresh_tokens
        (created_at, expires_at, revoked, token_hash, user_id, id) 
    values
        (?, ?, ?, ?, ?, default)
2026-07-12 10:22:09.470  INFO 24728 --- [main] c.f.modules.auth.service.AuthService     : [f975295e-8292-4c95-8862-ccc410b78190 | ] User 'alicesmith' (ID: 14) logged in successfully
2026-07-12 10:22:09.486 DEBUG 24728 --- [main] org.hibernate.SQL                        : [ | ] 
    select
        rt1_0.id,
        rt1_0.created_at,
        rt1_0.expires_at,
        rt1_0.revoked,
        rt1_0.token_hash,
        rt1_0.user_id 
    from
        public.refresh_tokens rt1_0
2026-07-12 10:22:09.489 DEBUG 24728 --- [main] org.hibernate.SQL                        : [ | ] 
    select
        u1_0.id,
        u1_0.created_at,
        u1_0.email,
        u1_0.enabled,
        u1_0.first_name,
        u1_0.last_name,
        u1_0.password_hash,
        u1_0.updated_at,
        u1_0.username 
    from
        public.users u1_0
2026-07-12 10:22:09.492 DEBUG 24728 --- [main] org.hibernate.SQL                        : [ | ] 
    select
        r1_0.id,
        r1_0.created_at,
        r1_0.description,
        r1_0.name 
    from
        public.roles r1_0
2026-07-12 10:22:09.494 DEBUG 24728 --- [main] org.hibernate.SQL                        : [ | ] 
    insert 
    into
        public.roles
        (created_at, description, name, id) 
    values
        (?, ?, ?, default)
2026-07-12 10:22:09.500 DEBUG 24728 --- [main] c.f.modules.auth.service.AuthService     : [9651dbfc-7c98-4322-9491-97f5e41bf268 | ] Attempting to register new user: alicesmith
2026-07-12 10:22:09.504 DEBUG 24728 --- [main] org.hibernate.SQL                        : [9651dbfc-7c98-4322-9491-97f5e41bf268 | ] 
    select
        u1_0.id 
    from
        public.users u1_0 
    where
        u1_0.username=? 
    fetch
        first ? rows only
2026-07-12 10:22:09.505 DEBUG 24728 --- [main] org.hibernate.SQL                        : [9651dbfc-7c98-4322-9491-97f5e41bf268 | ] 
    select
        u1_0.id 
    from
        public.users u1_0 
    where
        u1_0.email=? 
    fetch
        first ? rows only
2026-07-12 10:22:09.508 DEBUG 24728 --- [main] org.hibernate.SQL                        : [9651dbfc-7c98-4322-9491-97f5e41bf268 | ] 
    select
        r1_0.id,
        r1_0.created_at,
        r1_0.description,
        r1_0.name 
    from
        public.roles r1_0 
    where
        r1_0.name=?
2026-07-12 10:22:10.054 DEBUG 24728 --- [main] org.hibernate.SQL                        : [9651dbfc-7c98-4322-9491-97f5e41bf268 | ] 
    insert 
    into
        public.users
        (created_at, email, enabled, first_name, last_name, password_hash, updated_at, username, id) 
    values
        (?, ?, ?, ?, ?, ?, ?, ?, default)
2026-07-12 10:22:10.054  INFO 24728 --- [main] c.f.modules.auth.service.AuthService     : [9651dbfc-7c98-4322-9491-97f5e41bf268 | ] Successfully registered user: alicesmith with ID: 15
2026-07-12 10:22:10.064 DEBUG 24728 --- [main] org.hibernate.SQL                        : [9fb00fc1-36c6-41b1-acbc-2900436f2ec9 | ] 
    select
        u1_0.id,
        u1_0.created_at,
        u1_0.email,
        u1_0.enabled,
        u1_0.first_name,
        u1_0.last_name,
        u1_0.password_hash,
        u1_0.updated_at,
        u1_0.username 
    from
        public.users u1_0 
    where
        u1_0.username=?
2026-07-12 10:22:10.068 DEBUG 24728 --- [main] org.hibernate.SQL                        : [9fb00fc1-36c6-41b1-acbc-2900436f2ec9 | ] 
    select
        u1_0.id,
        u1_0.created_at,
        u1_0.email,
        u1_0.enabled,
        u1_0.first_name,
        u1_0.last_name,
        u1_0.password_hash,
        u1_0.updated_at,
        u1_0.username 
    from
        public.users u1_0 
    where
        u1_0.username=?
2026-07-12 10:22:10.612 DEBUG 24728 --- [main] org.hibernate.SQL                        : [9fb00fc1-36c6-41b1-acbc-2900436f2ec9 | ] 
    delete 
    from
        public.refresh_tokens rt1_0 
    where
        rt1_0.expires_at<?
2026-07-12 10:22:10.614 DEBUG 24728 --- [main] org.hibernate.SQL                        : [9fb00fc1-36c6-41b1-acbc-2900436f2ec9 | ] 
    insert 
    into
        public.refresh_tokens
        (created_at, expires_at, revoked, token_hash, user_id, id) 
    values
        (?, ?, ?, ?, ?, default)
2026-07-12 10:22:10.615  INFO 24728 --- [main] c.f.modules.auth.service.AuthService     : [9fb00fc1-36c6-41b1-acbc-2900436f2ec9 | ] User 'alicesmith' (ID: 15) logged in successfully
2026-07-12 10:22:10.632 DEBUG 24728 --- [main] org.hibernate.SQL                        : [ | ] 
    select
        rt1_0.id,
        rt1_0.created_at,
        rt1_0.expires_at,
        rt1_0.revoked,
        rt1_0.token_hash,
        rt1_0.user_id 
    from
        public.refresh_tokens rt1_0
2026-07-12 10:22:10.633 DEBUG 24728 --- [main] org.hibernate.SQL                        : [ | ] 
    select
        u1_0.id,
        u1_0.created_at,
        u1_0.email,
        u1_0.enabled,
        u1_0.first_name,
        u1_0.last_name,
        u1_0.password_hash,
        u1_0.updated_at,
        u1_0.username 
    from
        public.users u1_0
2026-07-12 10:22:10.635 DEBUG 24728 --- [main] org.hibernate.SQL                        : [ | ] 
    select
        r1_0.id,
        r1_0.created_at,
        r1_0.description,
        r1_0.name 
    from
        public.roles r1_0
2026-07-12 10:22:10.636 DEBUG 24728 --- [main] org.hibernate.SQL                        : [ | ] 
    insert 
    into
        public.roles
        (created_at, description, name, id) 
    values
        (?, ?, ?, default)
2026-07-12 10:22:10.641 DEBUG 24728 --- [main] c.f.modules.auth.service.AuthService     : [bf94f8e9-6a51-4adf-a131-b96d8a4f6e63 | ] Attempting to register new user: alicesmith
2026-07-12 10:22:10.643 DEBUG 24728 --- [main] org.hibernate.SQL                        : [bf94f8e9-6a51-4adf-a131-b96d8a4f6e63 | ] 
    select
        u1_0.id 
    from
        public.users u1_0 
    where
        u1_0.username=? 
    fetch
        first ? rows only
2026-07-12 10:22:10.647 DEBUG 24728 --- [main] org.hibernate.SQL                        : [bf94f8e9-6a51-4adf-a131-b96d8a4f6e63 | ] 
    select
        u1_0.id 
    from
        public.users u1_0 
    where
        u1_0.email=? 
    fetch
        first ? rows only
2026-07-12 10:22:10.649 DEBUG 24728 --- [main] org.hibernate.SQL                        : [bf94f8e9-6a51-4adf-a131-b96d8a4f6e63 | ] 
    select
        r1_0.id,
        r1_0.created_at,
        r1_0.description,
        r1_0.name 
    from
        public.roles r1_0 
    where
        r1_0.name=?
2026-07-12 10:22:11.187 DEBUG 24728 --- [main] org.hibernate.SQL                        : [bf94f8e9-6a51-4adf-a131-b96d8a4f6e63 | ] 
    insert 
    into
        public.users
        (created_at, email, enabled, first_name, last_name, password_hash, updated_at, username, id) 
    values
        (?, ?, ?, ?, ?, ?, ?, ?, default)
2026-07-12 10:22:11.189  INFO 24728 --- [main] c.f.modules.auth.service.AuthService     : [bf94f8e9-6a51-4adf-a131-b96d8a4f6e63 | ] Successfully registered user: alicesmith with ID: 16
2026-07-12 10:22:11.198 DEBUG 24728 --- [main] org.hibernate.SQL                        : [6beb1370-a83e-4617-9944-e7bee801bbf3 | ] 
    select
        u1_0.id,
        u1_0.created_at,
        u1_0.email,
        u1_0.enabled,
        u1_0.first_name,
        u1_0.last_name,
        u1_0.password_hash,
        u1_0.updated_at,
        u1_0.username 
    from
        public.users u1_0 
    where
        u1_0.username=?
2026-07-12 10:22:11.203 DEBUG 24728 --- [main] org.hibernate.SQL                        : [6beb1370-a83e-4617-9944-e7bee801bbf3 | ] 
    select
        u1_0.id,
        u1_0.created_at,
        u1_0.email,
        u1_0.enabled,
        u1_0.first_name,
        u1_0.last_name,
        u1_0.password_hash,
        u1_0.updated_at,
        u1_0.username 
    from
        public.users u1_0 
    where
        u1_0.username=?
2026-07-12 10:22:11.741 DEBUG 24728 --- [main] c.f.modules.auth.service.AuthService     : [6beb1370-a83e-4617-9944-e7bee801bbf3 | ] Authentication failure for identifier 'alicesmith': BadCredentialsException
2026-07-12 10:22:11.741  WARN 24728 --- [main] c.f.c.exception.GlobalExceptionHandler   : [6beb1370-a83e-4617-9944-e7bee801bbf3 | ] Domain exception on /api/v1/auth/login: INVALID_CREDENTIALS - Invalid username/email or password
2026-07-12 10:22:11.963  INFO 24728 --- [main] c.f.m.a.repository.RoleRepositoryTest    : [ | ] Starting RoleRepositoryTest using Java 21.0.11 with PID 24728 (started by varun in C:\Users\varun\OneDrive\Documents\flutter1\Forgemind\ForgeMind\backend)
2026-07-12 10:22:11.963 DEBUG 24728 --- [main] c.f.m.a.repository.RoleRepositoryTest    : [ | ] Running with Spring Boot v3.3.1, Spring v6.1.10
2026-07-12 10:22:11.963  INFO 24728 --- [main] c.f.m.a.repository.RoleRepositoryTest    : [ | ] The following 1 profile is active: "test"
2026-07-12 10:22:12.952 DEBUG 24728 --- [main] org.hibernate.SQL                        : [ | ] 
    drop table if exists public.activities cascade 
2026-07-12 10:22:12.955 DEBUG 24728 --- [main] org.hibernate.SQL                        : [ | ] 
    drop table if exists public.knowledge_chunks cascade 
2026-07-12 10:22:12.955 DEBUG 24728 --- [main] org.hibernate.SQL                        : [ | ] 
    drop table if exists public.knowledge_documents cascade 
2026-07-12 10:22:12.956 DEBUG 24728 --- [main] org.hibernate.SQL                        : [ | ] 
    drop table if exists public.projects cascade 
2026-07-12 10:22:12.956 DEBUG 24728 --- [main] org.hibernate.SQL                        : [ | ] 
    drop table if exists public.refresh_tokens cascade 
2026-07-12 10:22:12.956 DEBUG 24728 --- [main] org.hibernate.SQL                        : [ | ] 
    drop table if exists public.roles cascade 
2026-07-12 10:22:12.956 DEBUG 24728 --- [main] org.hibernate.SQL                        : [ | ] 
    drop table if exists public.tasks cascade 
2026-07-12 10:22:12.957 DEBUG 24728 --- [main] org.hibernate.SQL                        : [ | ] 
    drop table if exists public.team_members cascade 
2026-07-12 10:22:12.957 DEBUG 24728 --- [main] org.hibernate.SQL                        : [ | ] 
    drop table if exists public.teams cascade 
2026-07-12 10:22:12.957 DEBUG 24728 --- [main] org.hibernate.SQL                        : [ | ] 
    drop table if exists public.user_roles cascade 
2026-07-12 10:22:12.958 DEBUG 24728 --- [main] org.hibernate.SQL                        : [ | ] 
    drop table if exists public.users cascade 
2026-07-12 10:22:12.959 DEBUG 24728 --- [main] org.hibernate.SQL                        : [ | ] 
    create table public.activities (
        actor_id bigint not null,
        created_at timestamp(6) with time zone not null,
        id uuid not null,
        project_id uuid,
        task_id uuid,
        team_id uuid,
        message TEXT not null,
        metadata TEXT,
        activity_type enum ('PROJECT_CREATED','PROJECT_DELETED','PROJECT_UPDATED','TASK_ASSIGNED','TASK_COMPLETED','TASK_CREATED','TASK_DELETED','TASK_STATUS_CHANGED','TASK_UPDATED','TEAM_CREATED','TEAM_MEMBER_ADDED','TEAM_MEMBER_REMOVED','USER_UPDATED') not null,
        primary key (id)
    )
2026-07-12 10:22:12.964 DEBUG 24728 --- [main] org.hibernate.SQL                        : [ | ] 
    create table public.knowledge_chunks (
        chunk_index integer not null,
        created_at timestamp(6) with time zone not null,
        document_id uuid not null,
        id uuid not null,
        project_id uuid not null,
        chunk_text TEXT not null,
        metadata JSONB,
        source_id varchar(255) not null,
        source_type enum ('ACTIVITY','DOCUMENTATION','PROJECT','TASK','TEAM') not null,
        primary key (id)
    )
2026-07-12 10:22:12.966  WARN 24728 --- [main] o.h.t.s.i.ExceptionHandlerLoggedImpl     : [ | ] GenerationTarget encountered exception accepting command : Error executing DDL "
    create table public.knowledge_chunks (
        chunk_index integer not null,
        created_at timestamp(6) with time zone not null,
        document_id uuid not null,
        id uuid not null,
        project_id uuid not null,
        chunk_text TEXT not null,
        metadata JSONB,
        source_id varchar(255) not null,
        source_type enum ('ACTIVITY','DOCUMENTATION','PROJECT','TASK','TEAM') not null,
        primary key (id)
    )" via JDBC [Unknown data type: "JSONB";]

org.hibernate.tool.schema.spi.CommandAcceptanceException: Error executing DDL "
    create table public.knowledge_chunks (
        chunk_index integer not null,
        created_at timestamp(6) with time zone not null,
        document_id uuid not null,
        id uuid not null,
        project_id uuid not null,
        chunk_text TEXT not null,
        metadata JSONB,
        source_id varchar(255) not null,
        source_type enum ('ACTIVITY','DOCUMENTATION','PROJECT','TASK','TEAM') not null,
        primary key (id)
    )" via JDBC [Unknown data type: "JSONB";]
	at org.hibernate.tool.schema.internal.exec.GenerationTargetToDatabase.accept(GenerationTargetToDatabase.java:94)
	at org.hibernate.tool.schema.internal.Helper.applySqlString(Helper.java:233)
	at org.hibernate.tool.schema.internal.Helper.applySqlStrings(Helper.java:217)
	at org.hibernate.tool.schema.internal.SchemaCreatorImpl.createTables(SchemaCreatorImpl.java:428)
	at org.hibernate.tool.schema.internal.SchemaCreatorImpl.createSequencesTablesConstraints(SchemaCreatorImpl.java:344)
	at org.hibernate.tool.schema.internal.SchemaCreatorImpl.createFromMetadata(SchemaCreatorImpl.java:239)
	at org.hibernate.tool.schema.internal.SchemaCreatorImpl.performCreation(SchemaCreatorImpl.java:172)
	at org.hibernate.tool.schema.internal.SchemaCreatorImpl.doCreation(SchemaCreatorImpl.java:142)
	at org.hibernate.tool.schema.internal.SchemaCreatorImpl.doCreation(SchemaCreatorImpl.java:118)
	at org.hibernate.tool.schema.spi.SchemaManagementToolCoordinator.performDatabaseAction(SchemaManagementToolCoordinator.java:250)
	at org.hibernate.tool.schema.spi.SchemaManagementToolCoordinator.lambda$process$5(SchemaManagementToolCoordinator.java:144)
	at java.base/java.util.HashMap.forEach(HashMap.java:1429)
	at org.hibernate.tool.schema.spi.SchemaManagementToolCoordinator.process(SchemaManagementToolCoordinator.java:141)
	at org.hibernate.boot.internal.SessionFactoryObserverForSchemaExport.sessionFactoryCreated(SessionFactoryObserverForSchemaExport.java:37)
	at org.hibernate.internal.SessionFactoryObserverChain.sessionFactoryCreated(SessionFactoryObserverChain.java:35)
	at org.hibernate.internal.SessionFactoryImpl.<init>(SessionFactoryImpl.java:322)
	at org.hibernate.boot.internal.SessionFactoryBuilderImpl.build(SessionFactoryBuilderImpl.java:457)
	at org.hibernate.jpa.boot.internal.EntityManagerFactoryBuilderImpl.build(EntityManagerFactoryBuilderImpl.java:1506)
	at org.springframework.orm.jpa.vendor.SpringHibernateJpaPersistenceProvider.createContainerEntityManagerFactory(SpringHibernateJpaPersistenceProvider.java:75)
	at org.springframework.orm.jpa.LocalContainerEntityManagerFactoryBean.createNativeEntityManagerFactory(LocalContainerEntityManagerFactoryBean.java:390)
	at org.springframework.orm.jpa.AbstractEntityManagerFactoryBean.buildNativeEntityManagerFactory(AbstractEntityManagerFactoryBean.java:409)
	at org.springframework.orm.jpa.AbstractEntityManagerFactoryBean.afterPropertiesSet(AbstractEntityManagerFactoryBean.java:396)
	at org.springframework.orm.jpa.LocalContainerEntityManagerFactoryBean.afterPropertiesSet(LocalContainerEntityManagerFactoryBean.java:366)
	at org.springframework.beans.factory.support.AbstractAutowireCapableBeanFactory.invokeInitMethods(AbstractAutowireCapableBeanFactory.java:1835)
	at org.springframework.beans.factory.support.AbstractAutowireCapableBeanFactory.initializeBean(AbstractAutowireCapableBeanFactory.java:1784)
	at org.springframework.beans.factory.support.AbstractAutowireCapableBeanFactory.doCreateBean(AbstractAutowireCapableBeanFactory.java:600)
	at org.springframework.beans.factory.support.AbstractAutowireCapableBeanFactory.createBean(AbstractAutowireCapableBeanFactory.java:522)
	at org.springframework.beans.factory.support.AbstractBeanFactory.lambda$doGetBean$0(AbstractBeanFactory.java:337)
	at org.springframework.beans.factory.support.DefaultSingletonBeanRegistry.getSingleton(DefaultSingletonBeanRegistry.java:234)
	at org.springframework.beans.factory.support.AbstractBeanFactory.doGetBean(AbstractBeanFactory.java:335)
	at org.springframework.beans.factory.support.AbstractBeanFactory.getBean(AbstractBeanFactory.java:205)
	at org.springframework.context.support.AbstractApplicationContext.finishBeanFactoryInitialization(AbstractApplicationContext.java:952)
	at org.springframework.context.support.AbstractApplicationContext.refresh(AbstractApplicationContext.java:624)
	at org.springframework.boot.SpringApplication.refresh(SpringApplication.java:754)
	at org.springframework.boot.SpringApplication.refreshContext(SpringApplication.java:456)
	at org.springframework.boot.SpringApplication.run(SpringApplication.java:335)
	at org.springframework.boot.test.context.SpringBootContextLoader.lambda$loadContext$3(SpringBootContextLoader.java:137)
	at org.springframework.util.function.ThrowingSupplier.get(ThrowingSupplier.java:58)
	at org.springframework.util.function.ThrowingSupplier.get(ThrowingSupplier.java:46)
	at org.springframework.boot.SpringApplication.withHook(SpringApplication.java:1463)
	at org.springframework.boot.test.context.SpringBootContextLoader$ContextLoaderHook.run(SpringBootContextLoader.java:553)
	at org.springframework.boot.test.context.SpringBootContextLoader.loadContext(SpringBootContextLoader.java:137)
	at org.springframework.boot.test.context.SpringBootContextLoader.loadContext(SpringBootContextLoader.java:108)
	at org.springframework.test.context.cache.DefaultCacheAwareContextLoaderDelegate.loadContextInternal(DefaultCacheAwareContextLoaderDelegate.java:225)
	at org.springframework.test.context.cache.DefaultCacheAwareContextLoaderDelegate.loadContext(DefaultCacheAwareContextLoaderDelegate.java:152)
	at org.springframework.test.context.support.DefaultTestContext.getApplicationContext(DefaultTestContext.java:130)
	at org.springframework.test.context.support.DependencyInjectionTestExecutionListener.injectDependencies(DependencyInjectionTestExecutionListener.java:142)
	at org.springframework.test.context.support.DependencyInjectionTestExecutionListener.prepareTestInstance(DependencyInjectionTestExecutionListener.java:98)
	at org.springframework.test.context.TestContextManager.prepareTestInstance(TestContextManager.java:260)
	at org.springframework.test.context.junit.jupiter.SpringExtension.postProcessTestInstance(SpringExtension.java:163)
	at org.junit.jupiter.engine.descriptor.ClassBasedTestDescriptor.lambda$invokeTestInstancePostProcessors$10(ClassBasedTestDescriptor.java:378)
	at org.junit.jupiter.engine.descriptor.ClassBasedTestDescriptor.executeAndMaskThrowable(ClassBasedTestDescriptor.java:383)
	at org.junit.jupiter.engine.descriptor.ClassBasedTestDescriptor.lambda$invokeTestInstancePostProcessors$11(ClassBasedTestDescriptor.java:378)
	at java.base/java.util.stream.ReferencePipeline$3$1.accept(ReferencePipeline.java:197)
	at java.base/java.util.stream.ReferencePipeline$2$1.accept(ReferencePipeline.java:179)
	at java.base/java.util.ArrayList$ArrayListSpliterator.forEachRemaining(ArrayList.java:1708)
	at java.base/java.util.stream.AbstractPipeline.copyInto(AbstractPipeline.java:509)
	at java.base/java.util.stream.AbstractPipeline.wrapAndCopyInto(AbstractPipeline.java:499)
	at java.base/java.util.stream.StreamSpliterators$WrappingSpliterator.forEachRemaining(StreamSpliterators.java:310)
	at java.base/java.util.stream.Streams$ConcatSpliterator.forEachRemaining(Streams.java:735)
	at java.base/java.util.stream.Streams$ConcatSpliterator.forEachRemaining(Streams.java:734)
	at java.base/java.util.stream.ReferencePipeline$Head.forEach(ReferencePipeline.java:762)
	at org.junit.jupiter.engine.descriptor.ClassBasedTestDescriptor.invokeTestInstancePostProcessors(ClassBasedTestDescriptor.java:377)
	at org.junit.jupiter.engine.descriptor.ClassBasedTestDescriptor.lambda$instantiateAndPostProcessTestInstance$6(ClassBasedTestDescriptor.java:290)
	at org.junit.platform.engine.support.hierarchical.ThrowableCollector.execute(ThrowableCollector.java:73)
	at org.junit.jupiter.engine.descriptor.ClassBasedTestDescriptor.instantiateAndPostProcessTestInstance(ClassBasedTestDescriptor.java:289)
	at org.junit.jupiter.engine.descriptor.ClassBasedTestDescriptor.lambda$testInstancesProvider$4(ClassBasedTestDescriptor.java:279)
	at java.base/java.util.Optional.orElseGet(Optional.java:364)
	at org.junit.jupiter.engine.descriptor.ClassBasedTestDescriptor.lambda$testInstancesProvider$5(ClassBasedTestDescriptor.java:278)
	at org.junit.jupiter.engine.execution.TestInstancesProvider.getTestInstances(TestInstancesProvider.java:31)
	at org.junit.jupiter.engine.descriptor.TestMethodTestDescriptor.lambda$prepare$0(TestMethodTestDescriptor.java:106)
	at org.junit.platform.engine.support.hierarchical.ThrowableCollector.execute(ThrowableCollector.java:73)
	at org.junit.jupiter.engine.descriptor.TestMethodTestDescriptor.prepare(TestMethodTestDescriptor.java:105)
	at org.junit.jupiter.engine.descriptor.TestMethodTestDescriptor.prepare(TestMethodTestDescriptor.java:69)
	at org.junit.platform.engine.support.hierarchical.NodeTestTask.lambda$prepare$2(NodeTestTask.java:123)
	at org.junit.platform.engine.support.hierarchical.ThrowableCollector.execute(ThrowableCollector.java:73)
	at org.junit.platform.engine.support.hierarchical.NodeTestTask.prepare(NodeTestTask.java:123)
	at org.junit.platform.engine.support.hierarchical.NodeTestTask.execute(NodeTestTask.java:90)
	at java.base/java.util.ArrayList.forEach(ArrayList.java:1596)
	at org.junit.platform.engine.support.hierarchical.SameThreadHierarchicalTestExecutorService.invokeAll(SameThreadHierarchicalTestExecutorService.java:41)
	at org.junit.platform.engine.support.hierarchical.NodeTestTask.lambda$executeRecursively$6(NodeTestTask.java:155)
	at org.junit.platform.engine.support.hierarchical.ThrowableCollector.execute(ThrowableCollector.java:73)
	at org.junit.platform.engine.support.hierarchical.NodeTestTask.lambda$executeRecursively$8(NodeTestTask.java:141)
	at org.junit.platform.engine.support.hierarchical.Node.around(Node.java:137)
	at org.junit.platform.engine.support.hierarchical.NodeTestTask.lambda$executeRecursively$9(NodeTestTask.java:139)
	at org.junit.platform.engine.support.hierarchical.ThrowableCollector.execute(ThrowableCollector.java:73)
	at org.junit.platform.engine.support.hierarchical.NodeTestTask.executeRecursively(NodeTestTask.java:138)
	at org.junit.platform.engine.support.hierarchical.NodeTestTask.execute(NodeTestTask.java:95)
	at java.base/java.util.ArrayList.forEach(ArrayList.java:1596)
	at org.junit.platform.engine.support.hierarchical.SameThreadHierarchicalTestExecutorService.invokeAll(SameThreadHierarchicalTestExecutorService.java:41)
	at org.junit.platform.engine.support.hierarchical.NodeTestTask.lambda$executeRecursively$6(NodeTestTask.java:155)
	at org.junit.platform.engine.support.hierarchical.ThrowableCollector.execute(ThrowableCollector.java:73)
	at org.junit.platform.engine.support.hierarchical.NodeTestTask.lambda$executeRecursively$8(NodeTestTask.java:141)
	at org.junit.platform.engine.support.hierarchical.Node.around(Node.java:137)
	at org.junit.platform.engine.support.hierarchical.NodeTestTask.lambda$executeRecursively$9(NodeTestTask.java:139)
	at org.junit.platform.engine.support.hierarchical.ThrowableCollector.execute(ThrowableCollector.java:73)
	at org.junit.platform.engine.support.hierarchical.NodeTestTask.executeRecursively(NodeTestTask.java:138)
	at org.junit.platform.engine.support.hierarchical.NodeTestTask.execute(NodeTestTask.java:95)
	at org.junit.platform.engine.support.hierarchical.SameThreadHierarchicalTestExecutorService.submit(SameThreadHierarchicalTestExecutorService.java:35)
	at org.junit.platform.engine.support.hierarchical.HierarchicalTestExecutor.execute(HierarchicalTestExecutor.java:57)
	at org.junit.platform.engine.support.hierarchical.HierarchicalTestEngine.execute(HierarchicalTestEngine.java:54)
	at org.junit.platform.launcher.core.EngineExecutionOrchestrator.execute(EngineExecutionOrchestrator.java:198)
	at org.junit.platform.launcher.core.EngineExecutionOrchestrator.execute(EngineExecutionOrchestrator.java:169)
	at org.junit.platform.launcher.core.EngineExecutionOrchestrator.execute(EngineExecutionOrchestrator.java:93)
	at org.junit.platform.launcher.core.EngineExecutionOrchestrator.lambda$execute$0(EngineExecutionOrchestrator.java:58)
	at org.junit.platform.launcher.core.EngineExecutionOrchestrator.withInterceptedStreams(EngineExecutionOrchestrator.java:141)
	at org.junit.platform.launcher.core.EngineExecutionOrchestrator.execute(EngineExecutionOrchestrator.java:57)
	at org.junit.platform.launcher.core.DefaultLauncher.execute(DefaultLauncher.java:103)
	at org.junit.platform.launcher.core.DefaultLauncher.execute(DefaultLauncher.java:85)
	at org.junit.platform.launcher.core.DelegatingLauncher.execute(DelegatingLauncher.java:47)
	at org.apache.maven.surefire.junitplatform.LazyLauncher.execute(LazyLauncher.java:56)
	at org.apache.maven.surefire.junitplatform.JUnitPlatformProvider.execute(JUnitPlatformProvider.java:184)
	at org.apache.maven.surefire.junitplatform.JUnitPlatformProvider.invokeAllTests(JUnitPlatformProvider.java:148)
	at org.apache.maven.surefire.junitplatform.JUnitPlatformProvider.invoke(JUnitPlatformProvider.java:122)
	at org.apache.maven.surefire.booter.ForkedBooter.runSuitesInProcess(ForkedBooter.java:385)
	at org.apache.maven.surefire.booter.ForkedBooter.execute(ForkedBooter.java:162)
	at org.apache.maven.surefire.booter.ForkedBooter.run(ForkedBooter.java:507)
	at org.apache.maven.surefire.booter.ForkedBooter.main(ForkedBooter.java:495)
Caused by: org.h2.jdbc.JdbcSQLNonTransientException: Unknown data type: "JSONB"; SQL statement:

    create table public.knowledge_chunks (
        chunk_index integer not null,
        created_at timestamp(6) with time zone not null,
        document_id uuid not null,
        id uuid not null,
        project_id uuid not null,
        chunk_text TEXT not null,
        metadata JSONB,
        source_id varchar(255) not null,
        source_type enum ('ACTIVITY','DOCUMENTATION','PROJECT','TASK','TEAM') not null,
        primary key (id)
    ) [50004-224]
	at org.h2.message.DbException.getJdbcSQLException(DbException.java:566)
	at org.h2.message.DbException.getJdbcSQLException(DbException.java:489)
	at org.h2.message.DbException.get(DbException.java:223)
	at org.h2.message.DbException.get(DbException.java:199)
	at org.h2.command.Parser.readIfDataType1(Parser.java:5866)
	at org.h2.command.Parser.readIfDataType(Parser.java:5704)
	at org.h2.command.Parser.parseColumnWithType(Parser.java:5686)
	at org.h2.command.Parser.parseColumnForTable(Parser.java:5565)
	at org.h2.command.Parser.parseTableColumnDefinition(Parser.java:8999)
	at org.h2.command.Parser.parseCreateTable(Parser.java:8939)
	at org.h2.command.Parser.parseCreate(Parser.java:6404)
	at org.h2.command.Parser.parsePrepared(Parser.java:666)
	at org.h2.command.Parser.parse(Parser.java:592)
	at org.h2.command.Parser.parse(Parser.java:564)
	at org.h2.command.Parser.prepareCommand(Parser.java:483)
	at org.h2.engine.SessionLocal.prepareLocal(SessionLocal.java:639)
	at org.h2.engine.SessionLocal.prepareCommand(SessionLocal.java:559)
	at org.h2.jdbc.JdbcConnection.prepareCommand(JdbcConnection.java:1166)
	at org.h2.jdbc.JdbcStatement.executeInternal(JdbcStatement.java:245)
	at org.h2.jdbc.JdbcStatement.execute(JdbcStatement.java:231)
	at org.hibernate.tool.schema.internal.exec.GenerationTargetToDatabase.accept(GenerationTargetToDatabase.java:80)
	... 117 common frames omitted

2026-07-12 10:22:12.969 DEBUG 24728 --- [main] org.hibernate.SQL                        : [ | ] 
    create table public.knowledge_documents (
        chunk_count integer not null,
        created_at timestamp(6) with time zone not null,
        indexed_at timestamp(6) with time zone not null,
        updated_at timestamp(6) with time zone not null,
        id uuid not null,
        project_id uuid not null,
        checksum varchar(64),
        title varchar(500),
        source_id varchar(255) not null,
        source_type enum ('ACTIVITY','DOCUMENTATION','PROJECT','TASK','TEAM') not null,
        primary key (id)
    )
2026-07-12 10:22:12.971 DEBUG 24728 --- [main] org.hibernate.SQL                        : [ | ] 
    create table public.projects (
        created_at timestamp(6) with time zone not null,
        owner_id bigint not null,
        updated_at timestamp(6) with time zone not null,
        id uuid not null,
        name varchar(100) not null,
        description TEXT,
        status enum ('ACTIVE','ARCHIVED','COMPLETED') not null,
        primary key (id)
    )
2026-07-12 10:22:12.972 DEBUG 24728 --- [main] org.hibernate.SQL                        : [ | ] 
    create table public.refresh_tokens (
        revoked boolean not null,
        created_at timestamp(6) with time zone not null,
        expires_at timestamp(6) with time zone not null,
        id bigint generated by default as identity,
        user_id bigint not null,
        token_hash varchar(255) not null unique,
        primary key (id)
    )
2026-07-12 10:22:12.974 DEBUG 24728 --- [main] org.hibernate.SQL                        : [ | ] 
    create table public.roles (
        created_at timestamp(6) with time zone not null,
        id bigint generated by default as identity,
        name varchar(50) not null unique,
        description varchar(255),
        primary key (id)
    )
2026-07-12 10:22:12.977 DEBUG 24728 --- [main] org.hibernate.SQL                        : [ | ] 
    create table public.tasks (
        assignee_id bigint,
        created_at timestamp(6) with time zone not null,
        created_by bigint not null,
        due_date timestamp(6) with time zone,
        updated_at timestamp(6) with time zone not null,
        id uuid not null,
        project_id uuid not null,
        description TEXT,
        title varchar(255) not null,
        priority enum ('CRITICAL','HIGH','LOW','MEDIUM') not null,
        status enum ('BLOCKED','DONE','IN_PROGRESS','IN_REVIEW','TODO') not null,
        primary key (id)
    )
2026-07-12 10:22:12.979 DEBUG 24728 --- [main] org.hibernate.SQL                        : [ | ] 
    create table public.team_members (
        joined_at timestamp(6) with time zone not null,
        user_id bigint not null,
        id uuid not null,
        team_id uuid not null,
        role enum ('ADMIN','MEMBER','OWNER') not null,
        primary key (id),
        unique (team_id, user_id)
    )
2026-07-12 10:22:12.982 DEBUG 24728 --- [main] org.hibernate.SQL                        : [ | ] 
    create table public.teams (
        created_at timestamp(6) with time zone not null,
        updated_at timestamp(6) with time zone not null,
        id uuid not null,
        description TEXT,
        name varchar(255) not null,
        primary key (id)
    )
2026-07-12 10:22:12.983 DEBUG 24728 --- [main] org.hibernate.SQL                        : [ | ] 
    create table public.user_roles (
        role_id bigint not null,
        user_id bigint not null,
        primary key (role_id, user_id)
    )
2026-07-12 10:22:12.984 DEBUG 24728 --- [main] org.hibernate.SQL                        : [ | ] 
    create table public.users (
        enabled boolean not null,
        created_at timestamp(6) with time zone not null,
        id bigint generated by default as identity,
        updated_at timestamp(6) with time zone not null,
        username varchar(50) not null unique,
        first_name varchar(100) not null,
        last_name varchar(100) not null,
        email varchar(255) not null unique,
        password_hash varchar(255) not null,
        primary key (id)
    )
2026-07-12 10:22:12.986 DEBUG 24728 --- [main] org.hibernate.SQL                        : [ | ] 
    alter table if exists public.activities 
       add constraint FKmfjrc8jdvy0yrr7x67qmrxkue 
       foreign key (actor_id) 
       references public.users
2026-07-12 10:22:12.989 DEBUG 24728 --- [main] org.hibernate.SQL                        : [ | ] 
    alter table if exists public.projects 
       add constraint FKmueqy6cpcwpfl8gnnag4idjt9 
       foreign key (owner_id) 
       references public.users
2026-07-12 10:22:12.991 DEBUG 24728 --- [main] org.hibernate.SQL                        : [ | ] 
    alter table if exists public.refresh_tokens 
       add constraint FK1lih5y2npsf8u5o3vhdb9y0os 
       foreign key (user_id) 
       references public.users
2026-07-12 10:22:12.993 DEBUG 24728 --- [main] org.hibernate.SQL                        : [ | ] 
    alter table if exists public.tasks 
       add constraint FKekr1dgiqktpyoip3qmp6lxsit 
       foreign key (assignee_id) 
       references public.users
2026-07-12 10:22:12.995 DEBUG 24728 --- [main] org.hibernate.SQL                        : [ | ] 
    alter table if exists public.tasks 
       add constraint FK9dgm9t7wn4w3gh57h63g712lo 
       foreign key (created_by) 
       references public.users
2026-07-12 10:22:12.997 DEBUG 24728 --- [main] org.hibernate.SQL                        : [ | ] 
    alter table if exists public.tasks 
       add constraint FKsfhn82y57i3k9uxww1s007acc 
       foreign key (project_id) 
       references public.projects
2026-07-12 10:22:13.000 DEBUG 24728 --- [main] org.hibernate.SQL                        : [ | ] 
    alter table if exists public.team_members 
       add constraint FKtgca08el3ofisywcf11f0f76t 
       foreign key (team_id) 
       references public.teams
2026-07-12 10:22:13.002 DEBUG 24728 --- [main] org.hibernate.SQL                        : [ | ] 
    alter table if exists public.team_members 
       add constraint FKee8x7x5026imwmma9kndkxs36 
       foreign key (user_id) 
       references public.users
2026-07-12 10:22:13.003 DEBUG 24728 --- [main] org.hibernate.SQL                        : [ | ] 
    alter table if exists public.user_roles 
       add constraint FKh8ciramu9cc9q3qcqiv4ue8a6 
       foreign key (role_id) 
       references public.roles
2026-07-12 10:22:13.005 DEBUG 24728 --- [main] org.hibernate.SQL                        : [ | ] 
    alter table if exists public.user_roles 
       add constraint FKhfh9dx7w3ubf1co1vdev94g3f 
       foreign key (user_id) 
       references public.users
2026-07-12 10:22:13.255  INFO 24728 --- [main] c.f.m.a.repository.RoleRepositoryTest    : [ | ] Started RoleRepositoryTest in 1.375 seconds (process running for 58.631)
2026-07-12 10:22:13.275 DEBUG 24728 --- [main] org.hibernate.SQL                        : [ | ] 
    insert 
    into
        public.roles
        (created_at, description, name, id) 
    values
        (?, ?, ?, default)
2026-07-12 10:22:13.284 DEBUG 24728 --- [main] org.hibernate.SQL                        : [ | ] 
    select
        r1_0.id,
        r1_0.created_at,
        r1_0.description,
        r1_0.name 
    from
        public.roles r1_0 
    where
        r1_0.name=?
2026-07-12 10:22:13.295 DEBUG 24728 --- [main] org.hibernate.SQL                        : [ | ] 
    insert 
    into
        public.roles
        (created_at, description, name, id) 
    values
        (?, ?, ?, default)
2026-07-12 10:22:13.300 DEBUG 24728 --- [main] org.hibernate.SQL                        : [ | ] 
    select
        r1_0.id 
    from
        public.roles r1_0 
    where
        r1_0.name=? 
    fetch
        first ? rows only
2026-07-12 10:22:13.308 DEBUG 24728 --- [main] org.hibernate.SQL                        : [ | ] 
    insert 
    into
        public.roles
        (created_at, description, name, id) 
    values
        (?, ?, ?, default)
2026-07-12 10:22:13.313 DEBUG 24728 --- [main] org.hibernate.SQL                        : [ | ] 
    select
        r1_0.id,
        r1_0.created_at,
        r1_0.description,
        r1_0.name 
    from
        public.roles r1_0
2026-07-12 10:22:13.335 DEBUG 24728 --- [main] org.hibernate.SQL                        : [ | ] 
    insert 
    into
        public.roles
        (created_at, description, name, id) 
    values
        (?, ?, ?, default)
2026-07-12 10:22:13.339 DEBUG 24728 --- [main] org.hibernate.SQL                        : [ | ] 
    insert 
    into
        public.roles
        (created_at, description, name, id) 
    values
        (?, ?, ?, default)
2026-07-12 10:22:13.348 DEBUG 24728 --- [main] org.hibernate.SQL                        : [ | ] 
    insert 
    into
        public.roles
        (created_at, description, name, id) 
    values
        (?, ?, ?, default)
2026-07-12 10:22:13.353 DEBUG 24728 --- [main] org.hibernate.SQL                        : [ | ] 
    select
        r1_0.id,
        r1_0.created_at,
        r1_0.description,
        r1_0.name 
    from
        public.roles r1_0 
    where
        r1_0.name=?
2026-07-12 10:22:13.362 DEBUG 24728 --- [main] org.hibernate.SQL                        : [ | ] 
    insert 
    into
        public.roles
        (created_at, description, name, id) 
    values
        (?, ?, ?, default)
2026-07-12 10:22:13.367 DEBUG 24728 --- [main] org.hibernate.SQL                        : [ | ] 
    select
        r1_0.id 
    from
        public.roles r1_0 
    where
        r1_0.name=? 
    fetch
        first ? rows only
2026-07-12 10:22:13.407 DEBUG 24728 --- [main] org.hibernate.SQL                        : [ | ] 
    insert 
    into
        public.roles
        (created_at, description, name, id) 
    values
        (?, ?, ?, default)
2026-07-12 10:22:13.411 DEBUG 24728 --- [main] org.hibernate.SQL                        : [ | ] 
    insert 
    into
        public.users
        (created_at, email, enabled, first_name, last_name, password_hash, updated_at, username, id) 
    values
        (?, ?, ?, ?, ?, ?, ?, ?, default)
2026-07-12 10:22:13.416 DEBUG 24728 --- [main] org.hibernate.SQL                        : [ | ] 
    select
        u1_0.id,
        u1_0.created_at,
        u1_0.email,
        u1_0.enabled,
        u1_0.first_name,
        u1_0.last_name,
        u1_0.password_hash,
        u1_0.updated_at,
        u1_0.username 
    from
        public.users u1_0 
    where
        u1_0.username=?
2026-07-12 10:22:13.426 DEBUG 24728 --- [main] org.hibernate.SQL                        : [ | ] 
    insert 
    into
        public.roles
        (created_at, description, name, id) 
    values
        (?, ?, ?, default)
2026-07-12 10:22:13.428 DEBUG 24728 --- [main] org.hibernate.SQL                        : [ | ] 
    insert 
    into
        public.users
        (created_at, email, enabled, first_name, last_name, password_hash, updated_at, username, id) 
    values
        (?, ?, ?, ?, ?, ?, ?, ?, default)
2026-07-12 10:22:13.435 DEBUG 24728 --- [main] org.hibernate.SQL                        : [ | ] 
    select
        u1_0.id,
        u1_0.created_at,
        u1_0.email,
        u1_0.enabled,
        u1_0.first_name,
        u1_0.last_name,
        u1_0.password_hash,
        u1_0.updated_at,
        u1_0.username 
    from
        public.users u1_0 
    where
        u1_0.email=?
2026-07-12 10:22:13.445 DEBUG 24728 --- [main] org.hibernate.SQL                        : [ | ] 
    insert 
    into
        public.roles
        (created_at, description, name, id) 
    values
        (?, ?, ?, default)
2026-07-12 10:22:13.449 DEBUG 24728 --- [main] org.hibernate.SQL                        : [ | ] 
    insert 
    into
        public.users
        (created_at, email, enabled, first_name, last_name, password_hash, updated_at, username, id) 
    values
        (?, ?, ?, ?, ?, ?, ?, ?, default)
2026-07-12 10:22:13.452 DEBUG 24728 --- [main] org.hibernate.SQL                        : [ | ] 
    select
        u1_0.id,
        u1_0.created_at,
        u1_0.email,
        u1_0.enabled,
        u1_0.first_name,
        u1_0.last_name,
        u1_0.password_hash,
        u1_0.updated_at,
        u1_0.username 
    from
        public.users u1_0 
    where
        u1_0.username=?
2026-07-12 10:22:13.476 DEBUG 24728 --- [main] org.hibernate.SQL                        : [ | ] 
    insert 
    into
        public.roles
        (created_at, description, name, id) 
    values
        (?, ?, ?, default)
2026-07-12 10:22:13.480 DEBUG 24728 --- [main] org.hibernate.SQL                        : [ | ] 
    insert 
    into
        public.users
        (created_at, email, enabled, first_name, last_name, password_hash, updated_at, username, id) 
    values
        (?, ?, ?, ?, ?, ?, ?, ?, default)
2026-07-12 10:22:13.484 DEBUG 24728 --- [main] org.hibernate.SQL                        : [ | ] 
    select
        u1_0.id,
        u1_0.created_at,
        u1_0.email,
        u1_0.enabled,
        u1_0.first_name,
        u1_0.last_name,
        u1_0.password_hash,
        u1_0.updated_at,
        u1_0.username 
    from
        public.users u1_0 
    where
        u1_0.username=?
2026-07-12 10:22:13.495 DEBUG 24728 --- [main] org.hibernate.SQL                        : [ | ] 
    insert 
    into
        public.roles
        (created_at, description, name, id) 
    values
        (?, ?, ?, default)
2026-07-12 10:22:13.498 DEBUG 24728 --- [main] org.hibernate.SQL                        : [ | ] 
    insert 
    into
        public.users
        (created_at, email, enabled, first_name, last_name, password_hash, updated_at, username, id) 
    values
        (?, ?, ?, ?, ?, ?, ?, ?, default)
2026-07-12 10:22:13.503 DEBUG 24728 --- [main] org.hibernate.SQL                        : [ | ] 
    select
        u1_0.id 
    from
        public.users u1_0 
    where
        u1_0.email=? 
    fetch
        first ? rows only
2026-07-12 10:22:13.513 DEBUG 24728 --- [main] org.hibernate.SQL                        : [ | ] 
    insert 
    into
        public.roles
        (created_at, description, name, id) 
    values
        (?, ?, ?, default)
2026-07-12 10:22:13.516 DEBUG 24728 --- [main] org.hibernate.SQL                        : [ | ] 
    insert 
    into
        public.users
        (created_at, email, enabled, first_name, last_name, password_hash, updated_at, username, id) 
    values
        (?, ?, ?, ?, ?, ?, ?, ?, default)
2026-07-12 10:22:13.521 DEBUG 24728 --- [main] org.hibernate.SQL                        : [ | ] 
    select
        u1_0.id 
    from
        public.users u1_0 
    where
        u1_0.username=? 
    fetch
        first ? rows only
2026-07-12 10:22:13.531 DEBUG 24728 --- [main] org.hibernate.SQL                        : [ | ] 
    insert 
    into
        public.roles
        (created_at, description, name, id) 
    values
        (?, ?, ?, default)
2026-07-12 10:22:13.534 DEBUG 24728 --- [main] org.hibernate.SQL                        : [ | ] 
    insert 
    into
        public.users
        (created_at, email, enabled, first_name, last_name, password_hash, updated_at, username, id) 
    values
        (?, ?, ?, ?, ?, ?, ?, ?, default)
2026-07-12 10:22:13.538 DEBUG 24728 --- [main] org.hibernate.SQL                        : [ | ] 
    select
        u1_0.id 
    from
        public.users u1_0 
    where
        u1_0.email=? 
    fetch
        first ? rows only
2026-07-12 10:22:13.549 DEBUG 24728 --- [main] org.hibernate.SQL                        : [ | ] 
    insert 
    into
        public.roles
        (created_at, description, name, id) 
    values
        (?, ?, ?, default)
2026-07-12 10:22:13.552 DEBUG 24728 --- [main] org.hibernate.SQL                        : [ | ] 
    insert 
    into
        public.users
        (created_at, email, enabled, first_name, last_name, password_hash, updated_at, username, id) 
    values
        (?, ?, ?, ?, ?, ?, ?, ?, default)
2026-07-12 10:22:13.556 DEBUG 24728 --- [main] org.hibernate.SQL                        : [ | ] 
    select
        u1_0.id,
        u1_0.created_at,
        u1_0.email,
        u1_0.enabled,
        u1_0.first_name,
        u1_0.last_name,
        u1_0.password_hash,
        u1_0.updated_at,
        u1_0.username 
    from
        public.users u1_0 
    where
        u1_0.username=?
2026-07-12 10:22:13.568 DEBUG 24728 --- [main] org.hibernate.SQL                        : [ | ] 
    insert 
    into
        public.roles
        (created_at, description, name, id) 
    values
        (?, ?, ?, default)
2026-07-12 10:22:13.572 DEBUG 24728 --- [main] org.hibernate.SQL                        : [ | ] 
    insert 
    into
        public.users
        (created_at, email, enabled, first_name, last_name, password_hash, updated_at, username, id) 
    values
        (?, ?, ?, ?, ?, ?, ?, ?, default)
2026-07-12 10:22:13.576 DEBUG 24728 --- [main] org.hibernate.SQL                        : [ | ] 
    select
        u1_0.id 
    from
        public.users u1_0 
    where
        u1_0.username=? 
    fetch
        first ? rows only
2026-07-12 10:22:13.586 DEBUG 24728 --- [main] org.hibernate.SQL                        : [ | ] 
    insert 
    into
        public.roles
        (created_at, description, name, id) 
    values
        (?, ?, ?, default)
2026-07-12 10:22:13.589 DEBUG 24728 --- [main] org.hibernate.SQL                        : [ | ] 
    insert 
    into
        public.users
        (created_at, email, enabled, first_name, last_name, password_hash, updated_at, username, id) 
    values
        (?, ?, ?, ?, ?, ?, ?, ?, default)
2026-07-12 10:22:13.594 DEBUG 24728 --- [main] org.hibernate.SQL                        : [ | ] 
    select
        u1_0.id,
        u1_0.created_at,
        u1_0.email,
        u1_0.enabled,
        u1_0.first_name,
        u1_0.last_name,
        u1_0.password_hash,
        u1_0.updated_at,
        u1_0.username 
    from
        public.users u1_0 
    where
        u1_0.username=?
2026-07-12 10:22:13.603 DEBUG 24728 --- [main] org.hibernate.SQL                        : [ | ] 
    insert 
    into
        public.roles
        (created_at, description, name, id) 
    values
        (?, ?, ?, default)
2026-07-12 10:22:13.607 DEBUG 24728 --- [main] org.hibernate.SQL                        : [ | ] 
    insert 
    into
        public.users
        (created_at, email, enabled, first_name, last_name, password_hash, updated_at, username, id) 
    values
        (?, ?, ?, ?, ?, ?, ?, ?, default)
2026-07-12 10:22:13.616 DEBUG 24728 --- [main] org.hibernate.SQL                        : [ | ] 
    insert 
    into
        public.roles
        (created_at, description, name, id) 
    values
        (?, ?, ?, default)
2026-07-12 10:22:13.619 DEBUG 24728 --- [main] org.hibernate.SQL                        : [ | ] 
    insert 
    into
        public.users
        (created_at, email, enabled, first_name, last_name, password_hash, updated_at, username, id) 
    values
        (?, ?, ?, ?, ?, ?, ?, ?, default)
2026-07-12 10:22:13.623 DEBUG 24728 --- [main] org.hibernate.SQL                        : [ | ] 
    select
        u1_0.id,
        u1_0.created_at,
        u1_0.email,
        u1_0.enabled,
        u1_0.first_name,
        u1_0.last_name,
        u1_0.password_hash,
        u1_0.updated_at,
        u1_0.username 
    from
        public.users u1_0 
    where
        u1_0.email=?
2026-07-12 10:22:14.549  INFO 24728 --- [main] c.f.modules.auth.service.AuthService     : [ | ] User 'alicesmith' (ID: 1) logged in successfully
2026-07-12 10:22:14.560  INFO 24728 --- [main] c.f.modules.auth.service.AuthService     : [ | ] User 'alicesmith' (ID: 1) logged in successfully
2026-07-12 10:22:14.568  INFO 24728 --- [main] c.f.modules.auth.service.AuthService     : [ | ] User 'alicesmith' (ID: 1) logged in successfully
2026-07-12 10:22:14.591  INFO 24728 --- [main] c.f.modules.auth.service.AuthService     : [ | ] User 'alicesmith' (ID: 1) logged in successfully
2026-07-12 10:22:14.601  INFO 24728 --- [main] c.f.modules.auth.service.AuthService     : [ | ] User 'alicesmith' (ID: 1) logged in successfully
2026-07-12 10:22:14.625 DEBUG 24728 --- [main] c.f.modules.auth.service.AuthService     : [ | ] Authentication failure for identifier 'alicesmith': DisabledException
2026-07-12 10:22:14.640 DEBUG 24728 --- [main] c.f.modules.auth.service.AuthService     : [ | ] Authentication failure for identifier 'alicesmith': BadCredentialsException
2026-07-12 10:22:14.650  INFO 24728 --- [main] c.f.modules.auth.service.AuthService     : [ | ] User 'alicesmith' (ID: 1) logged in successfully
2026-07-12 10:22:14.669  INFO 24728 --- [main] c.f.modules.auth.service.AuthService     : [ | ] User 'alicesmith' (ID: 1) logged in successfully
2026-07-12 10:22:14.683 DEBUG 24728 --- [main] c.f.modules.auth.service.AuthService     : [ | ] Attempting to register new user: johndoe
2026-07-12 10:22:14.684  INFO 24728 --- [main] c.f.modules.auth.service.AuthService     : [ | ] Successfully registered user: johndoe with ID: 2
2026-07-12 10:22:14.690 DEBUG 24728 --- [main] c.f.modules.auth.service.AuthService     : [ | ] Attempting to register new user: johndoe
2026-07-12 10:22:14.691  INFO 24728 --- [main] c.f.modules.auth.service.AuthService     : [ | ] Successfully registered user: johndoe with ID: 3
2026-07-12 10:22:14.699 DEBUG 24728 --- [main] c.f.modules.auth.service.AuthService     : [ | ] Attempting to register new user: johndoe
2026-07-12 10:22:14.706 DEBUG 24728 --- [main] c.f.modules.auth.service.AuthService     : [ | ] Attempting to register new user: johndoe
2026-07-12 10:22:14.707  INFO 24728 --- [main] c.f.modules.auth.service.AuthService     : [ | ] Successfully registered user: johndoe with ID: 1
2026-07-12 10:22:14.714 DEBUG 24728 --- [main] c.f.modules.auth.service.AuthService     : [ | ] Attempting to register new user: johndoe
2026-07-12 10:22:14.725  INFO 24728 --- [main] c.f.m.auth.service.UserServiceImpl       : [ | ] User testuser updated their profile
2026-07-12 10:22:14.746  INFO 24728 --- [main] c.f.m.auth.service.UserServiceImpl       : [ | ] User testuser deactivated their account
2026-07-12 10:22:15.009  INFO 24728 --- [main] c.f.m.p.service.ProjectServiceImpl       : [ | ] Project updated: id=0cfa691e-8176-4c53-bccb-5ad957325f08, name=Test Project
2026-07-12 10:22:15.016  WARN 24728 --- [main] c.f.m.p.service.ProjectServiceImpl       : [ | ] Project not found: id=1fbf4215-1135-4701-9482-ec6da8d035ad
2026-07-12 10:22:15.024  WARN 24728 --- [main] c.f.m.p.service.ProjectServiceImpl       : [ | ] Access denied: User 2 attempted to modify Project 104385f1-42b6-407a-a025-07b7764627a1 owned by User 1
2026-07-12 10:22:15.030  INFO 24728 --- [main] c.f.m.p.service.ProjectServiceImpl       : [ | ] Project deleted: id=ef234f9b-b795-4b3b-9d81-ddb07be255fd
2026-07-12 10:22:15.038  INFO 24728 --- [main] c.f.m.p.service.ProjectServiceImpl       : [ | ] Project created: id=a2de3b84-313a-403e-8efe-e1e5db80075b, name=Test Project
2026-07-12 10:22:15.295  INFO 24728 --- [main] c.f.m.task.service.TaskServiceImpl       : [ | ] Task created: id=9efdba04-5008-4574-8fab-ff8e823ff51f, title=Test Task, project=b21b9065-0782-4b1c-a909-9a4cfea2caf7, by=1
2026-07-12 10:22:15.304  WARN 24728 --- [main] c.f.m.task.service.TaskServiceImpl       : [ | ] Unauthorized access: user=1 attempted action on project=e0f36096-90fb-4904-b2d3-0fdf882e4484 owned by=2
2026-07-12 10:22:15.311  INFO 24728 --- [main] c.f.m.task.service.TaskServiceImpl       : [ | ] Task deleted: id=f8fd2c1e-07c7-48ca-a8f2-3ee6c5bf28f7, by=1
2026-07-12 10:22:15.318  WARN 24728 --- [main] c.f.m.task.service.TaskServiceImpl       : [ | ] Task not found: id=2862c04e-8402-481b-8af4-dcd082516276
2026-07-12 10:22:15.362  INFO 24728 --- [SpringApplicationShutdownHook] org.springframework.web.SimpLogging      : [ | ] Stopping...
2026-07-12 10:22:15.362  INFO 24728 --- [SpringApplicationShutdownHook] org.springframework.web.SimpLogging      : [ | ] BrokerAvailabilityEvent[available=false, SimpleBrokerMessageHandler [org.springframework.messaging.simp.broker.DefaultSubscriptionRegistry@2169e311]]
2026-07-12 10:22:15.362  INFO 24728 --- [SpringApplicationShutdownHook] org.springframework.web.SimpLogging      : [ | ] Stopped.
2026-07-12 10:22:15.404 DEBUG 24728 --- [SpringApplicationShutdownHook] org.hibernate.SQL                        : [ | ] 
    drop table if exists public.activities cascade 
2026-07-12 10:22:15.406 DEBUG 24728 --- [SpringApplicationShutdownHook] org.hibernate.SQL                        : [ | ] 
    drop table if exists public.knowledge_chunks cascade 
2026-07-12 10:22:15.407 DEBUG 24728 --- [SpringApplicationShutdownHook] org.hibernate.SQL                        : [ | ] 
    drop table if exists public.knowledge_documents cascade 
2026-07-12 10:22:15.407 DEBUG 24728 --- [SpringApplicationShutdownHook] org.hibernate.SQL                        : [ | ] 
    drop table if exists public.projects cascade 
2026-07-12 10:22:15.408 DEBUG 24728 --- [SpringApplicationShutdownHook] org.hibernate.SQL                        : [ | ] 
    drop table if exists public.refresh_tokens cascade 
2026-07-12 10:22:15.408 DEBUG 24728 --- [SpringApplicationShutdownHook] org.hibernate.SQL                        : [ | ] 
    drop table if exists public.roles cascade 
2026-07-12 10:22:15.409 DEBUG 24728 --- [SpringApplicationShutdownHook] org.hibernate.SQL                        : [ | ] 
    drop table if exists public.tasks cascade 
2026-07-12 10:22:15.411 DEBUG 24728 --- [SpringApplicationShutdownHook] org.hibernate.SQL                        : [ | ] 
    drop table if exists public.team_members cascade 
2026-07-12 10:22:15.412 DEBUG 24728 --- [SpringApplicationShutdownHook] org.hibernate.SQL                        : [ | ] 
    drop table if exists public.teams cascade 
2026-07-12 10:22:15.413 DEBUG 24728 --- [SpringApplicationShutdownHook] org.hibernate.SQL                        : [ | ] 
    drop table if exists public.user_roles cascade 
2026-07-12 10:22:15.413 DEBUG 24728 --- [SpringApplicationShutdownHook] org.hibernate.SQL                        : [ | ] 
    drop table if exists public.users cascade 
2026-07-12 10:22:15.434  INFO 24728 --- [SpringApplicationShutdownHook] org.springframework.web.SimpLogging      : [ | ] Stopping...
2026-07-12 10:22:15.435  INFO 24728 --- [SpringApplicationShutdownHook] org.springframework.web.SimpLogging      : [ | ] BrokerAvailabilityEvent[available=false, SimpleBrokerMessageHandler [org.springframework.messaging.simp.broker.DefaultSubscriptionRegistry@603a1212]]
2026-07-12 10:22:15.435  INFO 24728 --- [SpringApplicationShutdownHook] org.springframework.web.SimpLogging      : [ | ] Stopped.
2026-07-12 10:22:15.455 DEBUG 24728 --- [SpringApplicationShutdownHook] org.hibernate.SQL                        : [ | ] 
    drop table if exists public.activities cascade 
2026-07-12 10:22:15.456 DEBUG 24728 --- [SpringApplicationShutdownHook] org.hibernate.SQL                        : [ | ] 
    drop table if exists public.knowledge_chunks cascade 
2026-07-12 10:22:15.456 DEBUG 24728 --- [SpringApplicationShutdownHook] org.hibernate.SQL                        : [ | ] 
    drop table if exists public.knowledge_documents cascade 
2026-07-12 10:22:15.456 DEBUG 24728 --- [SpringApplicationShutdownHook] org.hibernate.SQL                        : [ | ] 
    drop table if exists public.projects cascade 
2026-07-12 10:22:15.456 DEBUG 24728 --- [SpringApplicationShutdownHook] org.hibernate.SQL                        : [ | ] 
    drop table if exists public.refresh_tokens cascade 
2026-07-12 10:22:15.456 DEBUG 24728 --- [SpringApplicationShutdownHook] org.hibernate.SQL                        : [ | ] 
    drop table if exists public.roles cascade 
2026-07-12 10:22:15.456 DEBUG 24728 --- [SpringApplicationShutdownHook] org.hibernate.SQL                        : [ | ] 
    drop table if exists public.tasks cascade 
2026-07-12 10:22:15.456 DEBUG 24728 --- [SpringApplicationShutdownHook] org.hibernate.SQL                        : [ | ] 
    drop table if exists public.team_members cascade 
2026-07-12 10:22:15.456 DEBUG 24728 --- [SpringApplicationShutdownHook] org.hibernate.SQL                        : [ | ] 
    drop table if exists public.teams cascade 
2026-07-12 10:22:15.456 DEBUG 24728 --- [SpringApplicationShutdownHook] org.hibernate.SQL                        : [ | ] 
    drop table if exists public.user_roles cascade 
2026-07-12 10:22:15.456 DEBUG 24728 --- [SpringApplicationShutdownHook] org.hibernate.SQL                        : [ | ] 
    drop table if exists public.users cascade 
2026-07-12 10:22:15.462 DEBUG 24728 --- [SpringApplicationShutdownHook] org.hibernate.SQL                        : [ | ] 
    drop table if exists public.activities cascade 
2026-07-12 10:22:15.463 DEBUG 24728 --- [SpringApplicationShutdownHook] org.hibernate.SQL                        : [ | ] 
    drop table if exists public.knowledge_chunks cascade 
2026-07-12 10:22:15.464 DEBUG 24728 --- [SpringApplicationShutdownHook] org.hibernate.SQL                        : [ | ] 
    drop table if exists public.knowledge_documents cascade 
2026-07-12 10:22:15.464 DEBUG 24728 --- [SpringApplicationShutdownHook] org.hibernate.SQL                        : [ | ] 
    drop table if exists public.projects cascade 
2026-07-12 10:22:15.465 DEBUG 24728 --- [SpringApplicationShutdownHook] org.hibernate.SQL                        : [ | ] 
    drop table if exists public.refresh_tokens cascade 
2026-07-12 10:22:15.466 DEBUG 24728 --- [SpringApplicationShutdownHook] org.hibernate.SQL                        : [ | ] 
    drop table if exists public.roles cascade 
2026-07-12 10:22:15.468 DEBUG 24728 --- [SpringApplicationShutdownHook] org.hibernate.SQL                        : [ | ] 
    drop table if exists public.tasks cascade 
2026-07-12 10:22:15.469 DEBUG 24728 --- [SpringApplicationShutdownHook] org.hibernate.SQL                        : [ | ] 
    drop table if exists public.team_members cascade 
2026-07-12 10:22:15.470 DEBUG 24728 --- [SpringApplicationShutdownHook] org.hibernate.SQL                        : [ | ] 
    drop table if exists public.teams cascade 
2026-07-12 10:22:15.471 DEBUG 24728 --- [SpringApplicationShutdownHook] org.hibernate.SQL                        : [ | ] 
    drop table if exists public.user_roles cascade 
2026-07-12 10:22:15.472 DEBUG 24728 --- [SpringApplicationShutdownHook] org.hibernate.SQL                        : [ | ] 
    drop table if exists public.users cascade 
2026-07-12 10:23:43.290  INFO 18024 --- [main] c.forgemind.ForgemindApplicationTests    : [ | ] Starting ForgemindApplicationTests using Java 21.0.11 with PID 18024 (started by varun in C:\Users\varun\OneDrive\Documents\flutter1\Forgemind\ForgeMind\backend)
2026-07-12 10:23:43.293 DEBUG 18024 --- [main] c.forgemind.ForgemindApplicationTests    : [ | ] Running with Spring Boot v3.3.1, Spring v6.1.10
2026-07-12 10:23:43.294  INFO 18024 --- [main] c.forgemind.ForgemindApplicationTests    : [ | ] The following 1 profile is active: "test"
2026-07-12 10:23:58.244 DEBUG 18024 --- [main] org.hibernate.SQL                        : [ | ] 
    drop table if exists public.activities cascade 
2026-07-12 10:23:58.260 DEBUG 18024 --- [main] org.hibernate.SQL                        : [ | ] 
    drop table if exists public.knowledge_chunks cascade 
2026-07-12 10:23:58.261 DEBUG 18024 --- [main] org.hibernate.SQL                        : [ | ] 
    drop table if exists public.knowledge_documents cascade 
2026-07-12 10:23:58.262 DEBUG 18024 --- [main] org.hibernate.SQL                        : [ | ] 
    drop table if exists public.projects cascade 
2026-07-12 10:23:58.262 DEBUG 18024 --- [main] org.hibernate.SQL                        : [ | ] 
    drop table if exists public.refresh_tokens cascade 
2026-07-12 10:23:58.262 DEBUG 18024 --- [main] org.hibernate.SQL                        : [ | ] 
    drop table if exists public.roles cascade 
2026-07-12 10:23:58.263 DEBUG 18024 --- [main] org.hibernate.SQL                        : [ | ] 
    drop table if exists public.tasks cascade 
2026-07-12 10:23:58.264 DEBUG 18024 --- [main] org.hibernate.SQL                        : [ | ] 
    drop table if exists public.team_members cascade 
2026-07-12 10:23:58.264 DEBUG 18024 --- [main] org.hibernate.SQL                        : [ | ] 
    drop table if exists public.teams cascade 
2026-07-12 10:23:58.265 DEBUG 18024 --- [main] org.hibernate.SQL                        : [ | ] 
    drop table if exists public.user_roles cascade 
2026-07-12 10:23:58.266 DEBUG 18024 --- [main] org.hibernate.SQL                        : [ | ] 
    drop table if exists public.users cascade 
2026-07-12 10:23:58.279 DEBUG 18024 --- [main] org.hibernate.SQL                        : [ | ] 
    create table public.activities (
        actor_id bigint not null,
        created_at timestamp(6) with time zone not null,
        id uuid not null,
        project_id uuid,
        task_id uuid,
        team_id uuid,
        message TEXT not null,
        metadata TEXT,
        activity_type enum ('PROJECT_CREATED','PROJECT_DELETED','PROJECT_UPDATED','TASK_ASSIGNED','TASK_COMPLETED','TASK_CREATED','TASK_DELETED','TASK_STATUS_CHANGED','TASK_UPDATED','TEAM_CREATED','TEAM_MEMBER_ADDED','TEAM_MEMBER_REMOVED','USER_UPDATED') not null,
        primary key (id)
    )
2026-07-12 10:23:58.294 DEBUG 18024 --- [main] org.hibernate.SQL                        : [ | ] 
    create table public.knowledge_chunks (
        chunk_index integer not null,
        created_at timestamp(6) with time zone not null,
        document_id uuid not null,
        id uuid not null,
        project_id uuid not null,
        chunk_text TEXT not null,
        metadata JSONB,
        source_id varchar(255) not null,
        source_type enum ('ACTIVITY','DOCUMENTATION','PROJECT','TASK','TEAM') not null,
        primary key (id)
    )
2026-07-12 10:23:58.297 DEBUG 18024 --- [main] org.hibernate.SQL                        : [ | ] 
    create table public.knowledge_documents (
        chunk_count integer not null,
        created_at timestamp(6) with time zone not null,
        indexed_at timestamp(6) with time zone not null,
        updated_at timestamp(6) with time zone not null,
        id uuid not null,
        project_id uuid not null,
        checksum varchar(64),
        title varchar(500),
        source_id varchar(255) not null,
        source_type enum ('ACTIVITY','DOCUMENTATION','PROJECT','TASK','TEAM') not null,
        primary key (id)
    )
2026-07-12 10:23:58.301 DEBUG 18024 --- [main] org.hibernate.SQL                        : [ | ] 
    create table public.projects (
        created_at timestamp(6) with time zone not null,
        owner_id bigint not null,
        updated_at timestamp(6) with time zone not null,
        id uuid not null,
        name varchar(100) not null,
        description TEXT,
        status enum ('ACTIVE','ARCHIVED','COMPLETED') not null,
        primary key (id)
    )
2026-07-12 10:23:58.304 DEBUG 18024 --- [main] org.hibernate.SQL                        : [ | ] 
    create table public.refresh_tokens (
        revoked boolean not null,
        created_at timestamp(6) with time zone not null,
        expires_at timestamp(6) with time zone not null,
        id bigint generated by default as identity,
        user_id bigint not null,
        token_hash varchar(255) not null unique,
        primary key (id)
    )
2026-07-12 10:23:58.318 DEBUG 18024 --- [main] org.hibernate.SQL                        : [ | ] 
    create table public.roles (
        created_at timestamp(6) with time zone not null,
        id bigint generated by default as identity,
        name varchar(50) not null unique,
        description varchar(255),
        primary key (id)
    )
2026-07-12 10:23:58.323 DEBUG 18024 --- [main] org.hibernate.SQL                        : [ | ] 
    create table public.tasks (
        assignee_id bigint,
        created_at timestamp(6) with time zone not null,
        created_by bigint not null,
        due_date timestamp(6) with time zone,
        updated_at timestamp(6) with time zone not null,
        id uuid not null,
        project_id uuid not null,
        description TEXT,
        title varchar(255) not null,
        priority enum ('CRITICAL','HIGH','LOW','MEDIUM') not null,
        status enum ('BLOCKED','DONE','IN_PROGRESS','IN_REVIEW','TODO') not null,
        primary key (id)
    )
2026-07-12 10:23:58.328 DEBUG 18024 --- [main] org.hibernate.SQL                        : [ | ] 
    create table public.team_members (
        joined_at timestamp(6) with time zone not null,
        user_id bigint not null,
        id uuid not null,
        team_id uuid not null,
        role enum ('ADMIN','MEMBER','OWNER') not null,
        primary key (id),
        unique (team_id, user_id)
    )
2026-07-12 10:23:58.336 DEBUG 18024 --- [main] org.hibernate.SQL                        : [ | ] 
    create table public.teams (
        created_at timestamp(6) with time zone not null,
        updated_at timestamp(6) with time zone not null,
        id uuid not null,
        description TEXT,
        name varchar(255) not null,
        primary key (id)
    )
2026-07-12 10:23:58.339 DEBUG 18024 --- [main] org.hibernate.SQL                        : [ | ] 
    create table public.user_roles (
        role_id bigint not null,
        user_id bigint not null,
        primary key (role_id, user_id)
    )
2026-07-12 10:23:58.342 DEBUG 18024 --- [main] org.hibernate.SQL                        : [ | ] 
    create table public.users (
        enabled boolean not null,
        created_at timestamp(6) with time zone not null,
        id bigint generated by default as identity,
        updated_at timestamp(6) with time zone not null,
        username varchar(50) not null unique,
        first_name varchar(100) not null,
        last_name varchar(100) not null,
        email varchar(255) not null unique,
        password_hash varchar(255) not null,
        primary key (id)
    )
2026-07-12 10:23:58.346 DEBUG 18024 --- [main] org.hibernate.SQL                        : [ | ] 
    alter table if exists public.activities 
       add constraint FKmfjrc8jdvy0yrr7x67qmrxkue 
       foreign key (actor_id) 
       references public.users
2026-07-12 10:23:58.378 DEBUG 18024 --- [main] org.hibernate.SQL                        : [ | ] 
    alter table if exists public.projects 
       add constraint FKmueqy6cpcwpfl8gnnag4idjt9 
       foreign key (owner_id) 
       references public.users
2026-07-12 10:23:58.381 DEBUG 18024 --- [main] org.hibernate.SQL                        : [ | ] 
    alter table if exists public.refresh_tokens 
       add constraint FK1lih5y2npsf8u5o3vhdb9y0os 
       foreign key (user_id) 
       references public.users
2026-07-12 10:23:58.383 DEBUG 18024 --- [main] org.hibernate.SQL                        : [ | ] 
    alter table if exists public.tasks 
       add constraint FKekr1dgiqktpyoip3qmp6lxsit 
       foreign key (assignee_id) 
       references public.users
2026-07-12 10:23:58.387 DEBUG 18024 --- [main] org.hibernate.SQL                        : [ | ] 
    alter table if exists public.tasks 
       add constraint FK9dgm9t7wn4w3gh57h63g712lo 
       foreign key (created_by) 
       references public.users
2026-07-12 10:23:58.389 DEBUG 18024 --- [main] org.hibernate.SQL                        : [ | ] 
    alter table if exists public.tasks 
       add constraint FKsfhn82y57i3k9uxww1s007acc 
       foreign key (project_id) 
       references public.projects
2026-07-12 10:23:58.391 DEBUG 18024 --- [main] org.hibernate.SQL                        : [ | ] 
    alter table if exists public.team_members 
       add constraint FKtgca08el3ofisywcf11f0f76t 
       foreign key (team_id) 
       references public.teams
2026-07-12 10:23:58.394 DEBUG 18024 --- [main] org.hibernate.SQL                        : [ | ] 
    alter table if exists public.team_members 
       add constraint FKee8x7x5026imwmma9kndkxs36 
       foreign key (user_id) 
       references public.users
2026-07-12 10:23:58.396 DEBUG 18024 --- [main] org.hibernate.SQL                        : [ | ] 
    alter table if exists public.user_roles 
       add constraint FKh8ciramu9cc9q3qcqiv4ue8a6 
       foreign key (role_id) 
       references public.roles
2026-07-12 10:23:58.400 DEBUG 18024 --- [main] org.hibernate.SQL                        : [ | ] 
    alter table if exists public.user_roles 
       add constraint FKhfh9dx7w3ubf1co1vdev94g3f 
       foreign key (user_id) 
       references public.users
2026-07-12 10:24:00.916  INFO 18024 --- [main] c.forgemind.modules.ai.config.AiConfig   : [ | ] Initializing AI Provider: MOCK
2026-07-12 10:24:01.148  INFO 18024 --- [main] c.f.modules.ai.tools.ToolExecutor        : [ | ] ToolExecutor initialized with 5 tools: [project.fetch, metrics.compute, task.list, team.fetch, activity.recent]
2026-07-12 10:24:01.178  INFO 18024 --- [main] c.f.m.a.embedding.MockEmbeddingProvider  : [ | ] MockEmbeddingProvider initialized with 1536 dimensions
2026-07-12 10:24:01.302  INFO 18024 --- [main] c.f.modules.ai.agent.AgentRegistry       : [ | ] AgentRegistry initialized with 5 agents: [PLANNING, DOCUMENTATION, RISK_ANALYSIS, SPRINT_PLANNING, STANDUP]
2026-07-12 10:24:02.964  INFO 18024 --- [main] eAuthenticationProviderManagerConfigurer : [ | ] Global AuthenticationManager configured with AuthenticationProvider bean with name authenticationProvider
2026-07-12 10:24:02.967  WARN 18024 --- [main] r$InitializeUserDetailsManagerConfigurer : [ | ] Global AuthenticationManager configured with an AuthenticationProvider bean. UserDetailsService beans will not be used for username/password login. Consider removing the AuthenticationProvider bean. Alternatively, consider using the UserDetailsService in a manually instantiated DaoAuthenticationProvider.
2026-07-12 10:24:07.621  INFO 18024 --- [main] org.springframework.web.SimpLogging      : [ | ] Starting...
2026-07-12 10:24:07.622  INFO 18024 --- [main] org.springframework.web.SimpLogging      : [ | ] BrokerAvailabilityEvent[available=true, SimpleBrokerMessageHandler [org.springframework.messaging.simp.broker.DefaultSubscriptionRegistry@41fd7740]]
2026-07-12 10:24:07.624  INFO 18024 --- [main] org.springframework.web.SimpLogging      : [ | ] Started.
2026-07-12 10:24:07.668  INFO 18024 --- [main] c.forgemind.ForgemindApplicationTests    : [ | ] Started ForgemindApplicationTests in 25.59 seconds (process running for 28.388)
2026-07-12 10:24:08.060  INFO 18024 --- [main] c.f.modules.ai.agent.AgentRegistry       : [ | ] AgentRegistry initialized with 1 agents: [STANDUP]
2026-07-12 10:24:08.075  INFO 18024 --- [main] c.f.modules.ai.agent.AgentRegistry       : [ | ] AgentRegistry initialized with 2 agents: [PLANNING, RISK_ANALYSIS]
2026-07-12 10:24:08.080  INFO 18024 --- [main] c.f.modules.ai.agent.AgentRegistry       : [ | ] AgentRegistry initialized with 1 agents: [STANDUP]
2026-07-12 10:24:08.884  INFO 18024 --- [main] c.f.modules.ai.agent.AbstractAgent       : [ | ] Agent[PLANNING] starting execution c770efe3-9003-4c76-8be5-5611d4c94a10
2026-07-12 10:24:08.886 ERROR 18024 --- [main] c.f.modules.ai.agent.AbstractAgent       : [ | ] Agent[PLANNING] failed execution c770efe3-9003-4c76-8be5-5611d4c94a10: PlannerAgent requires a non-blank 'featureDescription' parameter.
2026-07-12 10:24:09.191  INFO 18024 --- [main] c.f.modules.ai.tools.ToolExecutor        : [ | ] ToolExecutor initialized with 4 tools: [activity.recent, task.list, project.fetch, metrics.compute]
2026-07-12 10:24:09.271  INFO 18024 --- [main] c.f.modules.ai.agent.AbstractAgent       : [ | ] Agent[RISK_ANALYSIS] starting execution 44ebc774-23c4-4065-861c-8a7322419a75
2026-07-12 10:24:09.279  WARN 18024 --- [main] c.f.m.a.agent.security.AgentAccessGuard  : [ | ] Agent access denied: user 999 attempted to run an agent on project f812474d-4bc9-4cc5-936d-00069ff44b7c owned by 42
2026-07-12 10:24:09.281 ERROR 18024 --- [main] c.f.modules.ai.agent.AbstractAgent       : [ | ] Agent[RISK_ANALYSIS] failed execution 44ebc774-23c4-4065-861c-8a7322419a75: You do not have permission to run AI agents on this project.
2026-07-12 10:24:09.295  INFO 18024 --- [main] c.f.modules.ai.tools.ToolExecutor        : [ | ] ToolExecutor initialized with 4 tools: [activity.recent, task.list, project.fetch, metrics.compute]
2026-07-12 10:24:09.502 ERROR 18024 --- [main] c.f.modules.ai.context.AiContextBuilder  : [ | ] Failed to serialize AI context

com.fasterxml.jackson.databind.exc.InvalidDefinitionException: Java 8 date/time type `java.time.Instant` not supported by default: add Module "com.fasterxml.jackson.datatype:jackson-datatype-jsr310" to enable handling (through reference chain: java.util.ImmutableCollections$MapN["tasks"]->java.util.Collections$UnmodifiableRandomAccessList[0]->com.forgemind.modules.task.dto.response.TaskResponse["createdAt"])
	at com.fasterxml.jackson.databind.exc.InvalidDefinitionException.from(InvalidDefinitionException.java:77)
	at com.fasterxml.jackson.databind.SerializerProvider.reportBadDefinition(SerializerProvider.java:1330)
	at com.fasterxml.jackson.databind.ser.impl.UnsupportedTypeSerializer.serialize(UnsupportedTypeSerializer.java:35)
	at com.fasterxml.jackson.databind.ser.BeanPropertyWriter.serializeAsField(BeanPropertyWriter.java:732)
	at com.fasterxml.jackson.databind.ser.std.BeanSerializerBase.serializeFields(BeanSerializerBase.java:770)
	at com.fasterxml.jackson.databind.ser.BeanSerializer.serialize(BeanSerializer.java:183)
	at com.fasterxml.jackson.databind.ser.impl.IndexedListSerializer.serializeContents(IndexedListSerializer.java:119)
	at com.fasterxml.jackson.databind.ser.impl.IndexedListSerializer.serialize(IndexedListSerializer.java:79)
	at com.fasterxml.jackson.databind.ser.impl.IndexedListSerializer.serialize(IndexedListSerializer.java:18)
	at com.fasterxml.jackson.databind.ser.std.MapSerializer.serializeFields(MapSerializer.java:808)
	at com.fasterxml.jackson.databind.ser.std.MapSerializer.serializeWithoutTypeInfo(MapSerializer.java:764)
	at com.fasterxml.jackson.databind.ser.std.MapSerializer.serialize(MapSerializer.java:720)
	at com.fasterxml.jackson.databind.ser.std.MapSerializer.serialize(MapSerializer.java:35)
	at com.fasterxml.jackson.databind.ser.DefaultSerializerProvider._serialize(DefaultSerializerProvider.java:502)
	at com.fasterxml.jackson.databind.ser.DefaultSerializerProvider.serializeValue(DefaultSerializerProvider.java:341)
	at com.fasterxml.jackson.databind.ObjectWriter$Prefetch.serialize(ObjectWriter.java:1574)
	at com.fasterxml.jackson.databind.ObjectWriter._writeValueAndClose(ObjectWriter.java:1275)
	at com.fasterxml.jackson.databind.ObjectWriter.writeValueAsString(ObjectWriter.java:1140)
	at com.forgemind.modules.ai.context.AiContextBuilder.buildProjectContext(AiContextBuilder.java:44)
	at com.forgemind.modules.ai.context.AiContextBuilderTest.buildProjectContext_ShouldGatherProjectAndTasks(AiContextBuilderTest.java:74)
	at java.base/jdk.internal.reflect.DirectMethodHandleAccessor.invoke(DirectMethodHandleAccessor.java:103)
	at java.base/java.lang.reflect.Method.invoke(Method.java:580)
	at org.junit.platform.commons.util.ReflectionUtils.invokeMethod(ReflectionUtils.java:728)
	at org.junit.jupiter.engine.execution.MethodInvocation.proceed(MethodInvocation.java:60)
	at org.junit.jupiter.engine.execution.InvocationInterceptorChain$ValidatingInvocation.proceed(InvocationInterceptorChain.java:131)
	at org.junit.jupiter.engine.extension.TimeoutExtension.intercept(TimeoutExtension.java:156)
	at org.junit.jupiter.engine.extension.TimeoutExtension.interceptTestableMethod(TimeoutExtension.java:147)
	at org.junit.jupiter.engine.extension.TimeoutExtension.interceptTestMethod(TimeoutExtension.java:86)
	at org.junit.jupiter.engine.execution.InterceptingExecutableInvoker$ReflectiveInterceptorCall.lambda$ofVoidMethod$0(InterceptingExecutableInvoker.java:103)
	at org.junit.jupiter.engine.execution.InterceptingExecutableInvoker.lambda$invoke$0(InterceptingExecutableInvoker.java:93)
	at org.junit.jupiter.engine.execution.InvocationInterceptorChain$InterceptedInvocation.proceed(InvocationInterceptorChain.java:106)
	at org.junit.jupiter.engine.execution.InvocationInterceptorChain.proceed(InvocationInterceptorChain.java:64)
	at org.junit.jupiter.engine.execution.InvocationInterceptorChain.chainAndInvoke(InvocationInterceptorChain.java:45)
	at org.junit.jupiter.engine.execution.InvocationInterceptorChain.invoke(InvocationInterceptorChain.java:37)
	at org.junit.jupiter.engine.execution.InterceptingExecutableInvoker.invoke(InterceptingExecutableInvoker.java:92)
	at org.junit.jupiter.engine.execution.InterceptingExecutableInvoker.invoke(InterceptingExecutableInvoker.java:86)
	at org.junit.jupiter.engine.descriptor.TestMethodTestDescriptor.lambda$invokeTestMethod$7(TestMethodTestDescriptor.java:218)
	at org.junit.platform.engine.support.hierarchical.ThrowableCollector.execute(ThrowableCollector.java:73)
	at org.junit.jupiter.engine.descriptor.TestMethodTestDescriptor.invokeTestMethod(TestMethodTestDescriptor.java:214)
	at org.junit.jupiter.engine.descriptor.TestMethodTestDescriptor.execute(TestMethodTestDescriptor.java:139)
	at org.junit.jupiter.engine.descriptor.TestMethodTestDescriptor.execute(TestMethodTestDescriptor.java:69)
	at org.junit.platform.engine.support.hierarchical.NodeTestTask.lambda$executeRecursively$6(NodeTestTask.java:151)
	at org.junit.platform.engine.support.hierarchical.ThrowableCollector.execute(ThrowableCollector.java:73)
	at org.junit.platform.engine.support.hierarchical.NodeTestTask.lambda$executeRecursively$8(NodeTestTask.java:141)
	at org.junit.platform.engine.support.hierarchical.Node.around(Node.java:137)
	at org.junit.platform.engine.support.hierarchical.NodeTestTask.lambda$executeRecursively$9(NodeTestTask.java:139)
	at org.junit.platform.engine.support.hierarchical.ThrowableCollector.execute(ThrowableCollector.java:73)
	at org.junit.platform.engine.support.hierarchical.NodeTestTask.executeRecursively(NodeTestTask.java:138)
	at org.junit.platform.engine.support.hierarchical.NodeTestTask.execute(NodeTestTask.java:95)
	at java.base/java.util.ArrayList.forEach(ArrayList.java:1596)
	at org.junit.platform.engine.support.hierarchical.SameThreadHierarchicalTestExecutorService.invokeAll(SameThreadHierarchicalTestExecutorService.java:41)
	at org.junit.platform.engine.support.hierarchical.NodeTestTask.lambda$executeRecursively$6(NodeTestTask.java:155)
	at org.junit.platform.engine.support.hierarchical.ThrowableCollector.execute(ThrowableCollector.java:73)
	at org.junit.platform.engine.support.hierarchical.NodeTestTask.lambda$executeRecursively$8(NodeTestTask.java:141)
	at org.junit.platform.engine.support.hierarchical.Node.around(Node.java:137)
	at org.junit.platform.engine.support.hierarchical.NodeTestTask.lambda$executeRecursively$9(NodeTestTask.java:139)
	at org.junit.platform.engine.support.hierarchical.ThrowableCollector.execute(ThrowableCollector.java:73)
	at org.junit.platform.engine.support.hierarchical.NodeTestTask.executeRecursively(NodeTestTask.java:138)
	at org.junit.platform.engine.support.hierarchical.NodeTestTask.execute(NodeTestTask.java:95)
	at java.base/java.util.ArrayList.forEach(ArrayList.java:1596)
	at org.junit.platform.engine.support.hierarchical.SameThreadHierarchicalTestExecutorService.invokeAll(SameThreadHierarchicalTestExecutorService.java:41)
	at org.junit.platform.engine.support.hierarchical.NodeTestTask.lambda$executeRecursively$6(NodeTestTask.java:155)
	at org.junit.platform.engine.support.hierarchical.ThrowableCollector.execute(ThrowableCollector.java:73)
	at org.junit.platform.engine.support.hierarchical.NodeTestTask.lambda$executeRecursively$8(NodeTestTask.java:141)
	at org.junit.platform.engine.support.hierarchical.Node.around(Node.java:137)
	at org.junit.platform.engine.support.hierarchical.NodeTestTask.lambda$executeRecursively$9(NodeTestTask.java:139)
	at org.junit.platform.engine.support.hierarchical.ThrowableCollector.execute(ThrowableCollector.java:73)
	at org.junit.platform.engine.support.hierarchical.NodeTestTask.executeRecursively(NodeTestTask.java:138)
	at org.junit.platform.engine.support.hierarchical.NodeTestTask.execute(NodeTestTask.java:95)
	at org.junit.platform.engine.support.hierarchical.SameThreadHierarchicalTestExecutorService.submit(SameThreadHierarchicalTestExecutorService.java:35)
	at org.junit.platform.engine.support.hierarchical.HierarchicalTestExecutor.execute(HierarchicalTestExecutor.java:57)
	at org.junit.platform.engine.support.hierarchical.HierarchicalTestEngine.execute(HierarchicalTestEngine.java:54)
	at org.junit.platform.launcher.core.EngineExecutionOrchestrator.execute(EngineExecutionOrchestrator.java:198)
	at org.junit.platform.launcher.core.EngineExecutionOrchestrator.execute(EngineExecutionOrchestrator.java:169)
	at org.junit.platform.launcher.core.EngineExecutionOrchestrator.execute(EngineExecutionOrchestrator.java:93)
	at org.junit.platform.launcher.core.EngineExecutionOrchestrator.lambda$execute$0(EngineExecutionOrchestrator.java:58)
	at org.junit.platform.launcher.core.EngineExecutionOrchestrator.withInterceptedStreams(EngineExecutionOrchestrator.java:141)
	at org.junit.platform.launcher.core.EngineExecutionOrchestrator.execute(EngineExecutionOrchestrator.java:57)
	at org.junit.platform.launcher.core.DefaultLauncher.execute(DefaultLauncher.java:103)
	at org.junit.platform.launcher.core.DefaultLauncher.execute(DefaultLauncher.java:85)
	at org.junit.platform.launcher.core.DelegatingLauncher.execute(DelegatingLauncher.java:47)
	at org.apache.maven.surefire.junitplatform.LazyLauncher.execute(LazyLauncher.java:56)
	at org.apache.maven.surefire.junitplatform.JUnitPlatformProvider.execute(JUnitPlatformProvider.java:184)
	at org.apache.maven.surefire.junitplatform.JUnitPlatformProvider.invokeAllTests(JUnitPlatformProvider.java:148)
	at org.apache.maven.surefire.junitplatform.JUnitPlatformProvider.invoke(JUnitPlatformProvider.java:122)
	at org.apache.maven.surefire.booter.ForkedBooter.runSuitesInProcess(ForkedBooter.java:385)
	at org.apache.maven.surefire.booter.ForkedBooter.execute(ForkedBooter.java:162)
	at org.apache.maven.surefire.booter.ForkedBooter.run(ForkedBooter.java:507)
	at org.apache.maven.surefire.booter.ForkedBooter.main(ForkedBooter.java:495)

2026-07-12 10:24:09.584  INFO 18024 --- [main] c.f.m.a.s.AiOrchestratorServiceImpl      : [ | ] Generating tasks for project 16d2c20c-7bb1-40e6-a670-8ae47f038355 with feature: Build login feature
2026-07-12 10:24:09.684  INFO 18024 --- [main] c.f.modules.ai.tools.ToolExecutor        : [ | ] ToolExecutor initialized with 1 tools: [echo]
2026-07-12 10:24:09.686 DEBUG 18024 --- [main] c.f.modules.ai.tools.ToolExecutor        : [ | ] Tool 'echo' executed in 2ms
2026-07-12 10:24:09.690  INFO 18024 --- [main] c.f.modules.ai.tools.ToolExecutor        : [ | ] ToolExecutor initialized with 1 tools: [echo]
2026-07-12 10:24:09.701  INFO 18024 --- [main] c.f.modules.ai.tools.ToolExecutor        : [ | ] ToolExecutor initialized with 1 tools: [boom]
2026-07-12 10:24:09.704 ERROR 18024 --- [main] c.f.modules.ai.tools.ToolExecutor        : [ | ] Tool 'boom' failed after 0ms

java.lang.IllegalStateException: kaboom
	at com.forgemind.modules.ai.tools.ToolExecutorTest$BoomTool.execute(ToolExecutorTest.java:51)
	at com.forgemind.modules.ai.tools.ToolExecutorTest$BoomTool.execute(ToolExecutorTest.java:1)
	at com.forgemind.modules.ai.tools.ToolExecutor.execute(ToolExecutor.java:73)
	at com.forgemind.modules.ai.tools.ToolExecutorTest.lambda$1(ToolExecutorTest.java:83)
	at org.junit.jupiter.api.AssertThrows.assertThrows(AssertThrows.java:53)
	at org.junit.jupiter.api.AssertThrows.assertThrows(AssertThrows.java:35)
	at org.junit.jupiter.api.Assertions.assertThrows(Assertions.java:3115)
	at com.forgemind.modules.ai.tools.ToolExecutorTest.execute_ShouldWrapToolFailures(ToolExecutorTest.java:83)
	at java.base/jdk.internal.reflect.DirectMethodHandleAccessor.invoke(DirectMethodHandleAccessor.java:103)
	at java.base/java.lang.reflect.Method.invoke(Method.java:580)
	at org.junit.platform.commons.util.ReflectionUtils.invokeMethod(ReflectionUtils.java:728)
	at org.junit.jupiter.engine.execution.MethodInvocation.proceed(MethodInvocation.java:60)
	at org.junit.jupiter.engine.execution.InvocationInterceptorChain$ValidatingInvocation.proceed(InvocationInterceptorChain.java:131)
	at org.junit.jupiter.engine.extension.TimeoutExtension.intercept(TimeoutExtension.java:156)
	at org.junit.jupiter.engine.extension.TimeoutExtension.interceptTestableMethod(TimeoutExtension.java:147)
	at org.junit.jupiter.engine.extension.TimeoutExtension.interceptTestMethod(TimeoutExtension.java:86)
	at org.junit.jupiter.engine.execution.InterceptingExecutableInvoker$ReflectiveInterceptorCall.lambda$ofVoidMethod$0(InterceptingExecutableInvoker.java:103)
	at org.junit.jupiter.engine.execution.InterceptingExecutableInvoker.lambda$invoke$0(InterceptingExecutableInvoker.java:93)
	at org.junit.jupiter.engine.execution.InvocationInterceptorChain$InterceptedInvocation.proceed(InvocationInterceptorChain.java:106)
	at org.junit.jupiter.engine.execution.InvocationInterceptorChain.proceed(InvocationInterceptorChain.java:64)
	at org.junit.jupiter.engine.execution.InvocationInterceptorChain.chainAndInvoke(InvocationInterceptorChain.java:45)
	at org.junit.jupiter.engine.execution.InvocationInterceptorChain.invoke(InvocationInterceptorChain.java:37)
	at org.junit.jupiter.engine.execution.InterceptingExecutableInvoker.invoke(InterceptingExecutableInvoker.java:92)
	at org.junit.jupiter.engine.execution.InterceptingExecutableInvoker.invoke(InterceptingExecutableInvoker.java:86)
	at org.junit.jupiter.engine.descriptor.TestMethodTestDescriptor.lambda$invokeTestMethod$7(TestMethodTestDescriptor.java:218)
	at org.junit.platform.engine.support.hierarchical.ThrowableCollector.execute(ThrowableCollector.java:73)
	at org.junit.jupiter.engine.descriptor.TestMethodTestDescriptor.invokeTestMethod(TestMethodTestDescriptor.java:214)
	at org.junit.jupiter.engine.descriptor.TestMethodTestDescriptor.execute(TestMethodTestDescriptor.java:139)
	at org.junit.jupiter.engine.descriptor.TestMethodTestDescriptor.execute(TestMethodTestDescriptor.java:69)
	at org.junit.platform.engine.support.hierarchical.NodeTestTask.lambda$executeRecursively$6(NodeTestTask.java:151)
	at org.junit.platform.engine.support.hierarchical.ThrowableCollector.execute(ThrowableCollector.java:73)
	at org.junit.platform.engine.support.hierarchical.NodeTestTask.lambda$executeRecursively$8(NodeTestTask.java:141)
	at org.junit.platform.engine.support.hierarchical.Node.around(Node.java:137)
	at org.junit.platform.engine.support.hierarchical.NodeTestTask.lambda$executeRecursively$9(NodeTestTask.java:139)
	at org.junit.platform.engine.support.hierarchical.ThrowableCollector.execute(ThrowableCollector.java:73)
	at org.junit.platform.engine.support.hierarchical.NodeTestTask.executeRecursively(NodeTestTask.java:138)
	at org.junit.platform.engine.support.hierarchical.NodeTestTask.execute(NodeTestTask.java:95)
	at java.base/java.util.ArrayList.forEach(ArrayList.java:1596)
	at org.junit.platform.engine.support.hierarchical.SameThreadHierarchicalTestExecutorService.invokeAll(SameThreadHierarchicalTestExecutorService.java:41)
	at org.junit.platform.engine.support.hierarchical.NodeTestTask.lambda$executeRecursively$6(NodeTestTask.java:155)
	at org.junit.platform.engine.support.hierarchical.ThrowableCollector.execute(ThrowableCollector.java:73)
	at org.junit.platform.engine.support.hierarchical.NodeTestTask.lambda$executeRecursively$8(NodeTestTask.java:141)
	at org.junit.platform.engine.support.hierarchical.Node.around(Node.java:137)
	at org.junit.platform.engine.support.hierarchical.NodeTestTask.lambda$executeRecursively$9(NodeTestTask.java:139)
	at org.junit.platform.engine.support.hierarchical.ThrowableCollector.execute(ThrowableCollector.java:73)
	at org.junit.platform.engine.support.hierarchical.NodeTestTask.executeRecursively(NodeTestTask.java:138)
	at org.junit.platform.engine.support.hierarchical.NodeTestTask.execute(NodeTestTask.java:95)
	at java.base/java.util.ArrayList.forEach(ArrayList.java:1596)
	at org.junit.platform.engine.support.hierarchical.SameThreadHierarchicalTestExecutorService.invokeAll(SameThreadHierarchicalTestExecutorService.java:41)
	at org.junit.platform.engine.support.hierarchical.NodeTestTask.lambda$executeRecursively$6(NodeTestTask.java:155)
	at org.junit.platform.engine.support.hierarchical.ThrowableCollector.execute(ThrowableCollector.java:73)
	at org.junit.platform.engine.support.hierarchical.NodeTestTask.lambda$executeRecursively$8(NodeTestTask.java:141)
	at org.junit.platform.engine.support.hierarchical.Node.around(Node.java:137)
	at org.junit.platform.engine.support.hierarchical.NodeTestTask.lambda$executeRecursively$9(NodeTestTask.java:139)
	at org.junit.platform.engine.support.hierarchical.ThrowableCollector.execute(ThrowableCollector.java:73)
	at org.junit.platform.engine.support.hierarchical.NodeTestTask.executeRecursively(NodeTestTask.java:138)
	at org.junit.platform.engine.support.hierarchical.NodeTestTask.execute(NodeTestTask.java:95)
	at org.junit.platform.engine.support.hierarchical.SameThreadHierarchicalTestExecutorService.submit(SameThreadHierarchicalTestExecutorService.java:35)
	at org.junit.platform.engine.support.hierarchical.HierarchicalTestExecutor.execute(HierarchicalTestExecutor.java:57)
	at org.junit.platform.engine.support.hierarchical.HierarchicalTestEngine.execute(HierarchicalTestEngine.java:54)
	at org.junit.platform.launcher.core.EngineExecutionOrchestrator.execute(EngineExecutionOrchestrator.java:198)
	at org.junit.platform.launcher.core.EngineExecutionOrchestrator.execute(EngineExecutionOrchestrator.java:169)
	at org.junit.platform.launcher.core.EngineExecutionOrchestrator.execute(EngineExecutionOrchestrator.java:93)
	at org.junit.platform.launcher.core.EngineExecutionOrchestrator.lambda$execute$0(EngineExecutionOrchestrator.java:58)
	at org.junit.platform.launcher.core.EngineExecutionOrchestrator.withInterceptedStreams(EngineExecutionOrchestrator.java:141)
	at org.junit.platform.launcher.core.EngineExecutionOrchestrator.execute(EngineExecutionOrchestrator.java:57)
	at org.junit.platform.launcher.core.DefaultLauncher.execute(DefaultLauncher.java:103)
	at org.junit.platform.launcher.core.DefaultLauncher.execute(DefaultLauncher.java:85)
	at org.junit.platform.launcher.core.DelegatingLauncher.execute(DelegatingLauncher.java:47)
	at org.apache.maven.surefire.junitplatform.LazyLauncher.execute(LazyLauncher.java:56)
	at org.apache.maven.surefire.junitplatform.JUnitPlatformProvider.execute(JUnitPlatformProvider.java:184)
	at org.apache.maven.surefire.junitplatform.JUnitPlatformProvider.invokeAllTests(JUnitPlatformProvider.java:148)
	at org.apache.maven.surefire.junitplatform.JUnitPlatformProvider.invoke(JUnitPlatformProvider.java:122)
	at org.apache.maven.surefire.booter.ForkedBooter.runSuitesInProcess(ForkedBooter.java:385)
	at org.apache.maven.surefire.booter.ForkedBooter.execute(ForkedBooter.java:162)
	at org.apache.maven.surefire.booter.ForkedBooter.run(ForkedBooter.java:507)
	at org.apache.maven.surefire.booter.ForkedBooter.main(ForkedBooter.java:495)

2026-07-12 10:24:09.718  INFO 18024 --- [main] c.f.modules.ai.agent.AgentRegistry       : [ | ] AgentRegistry initialized with 2 agents: [PLANNING, DOCUMENTATION]
2026-07-12 10:24:09.726  INFO 18024 --- [main] c.f.modules.ai.workflow.WorkflowEngine   : [ | ] Workflow[chained] starting with 2 step(s)
2026-07-12 10:24:09.726  INFO 18024 --- [main] c.f.modules.ai.workflow.WorkflowEngine   : [ | ] Workflow[chained] → step 'plan' (PLANNING)
2026-07-12 10:24:09.733  INFO 18024 --- [main] c.f.modules.ai.workflow.WorkflowEngine   : [ | ] Workflow[chained] → step 'document' (DOCUMENTATION)
2026-07-12 10:24:09.735  INFO 18024 --- [main] c.f.modules.ai.workflow.WorkflowEngine   : [ | ] Workflow[chained] completed 2 step(s) in 9ms
2026-07-12 10:24:09.737  INFO 18024 --- [main] c.f.modules.ai.agent.AgentRegistry       : [ | ] AgentRegistry initialized with 2 agents: [PLANNING, DOCUMENTATION]
2026-07-12 10:24:09.738  INFO 18024 --- [main] c.f.modules.ai.workflow.WorkflowEngine   : [ | ] Workflow[plan-then-doc] starting with 2 step(s)
2026-07-12 10:24:09.738  INFO 18024 --- [main] c.f.modules.ai.workflow.WorkflowEngine   : [ | ] Workflow[plan-then-doc] → step 'plan' (PLANNING)
2026-07-12 10:24:09.738  INFO 18024 --- [main] c.f.modules.ai.workflow.WorkflowEngine   : [ | ] Workflow[plan-then-doc] → step 'document' (DOCUMENTATION)
2026-07-12 10:24:09.739  INFO 18024 --- [main] c.f.modules.ai.workflow.WorkflowEngine   : [ | ] Workflow[plan-then-doc] completed 2 step(s) in 1ms
2026-07-12 10:24:10.057  INFO 18024 --- [main] c.f.m.a.c.AuthControllerIntegrationTest  : [ | ] Starting AuthControllerIntegrationTest using Java 21.0.11 with PID 18024 (started by varun in C:\Users\varun\OneDrive\Documents\flutter1\Forgemind\ForgeMind\backend)
2026-07-12 10:24:10.057 DEBUG 18024 --- [main] c.f.m.a.c.AuthControllerIntegrationTest  : [ | ] Running with Spring Boot v3.3.1, Spring v6.1.10
2026-07-12 10:24:10.058  INFO 18024 --- [main] c.f.m.a.c.AuthControllerIntegrationTest  : [ | ] The following 1 profile is active: "test"
2026-07-12 10:24:12.570 DEBUG 18024 --- [main] org.hibernate.SQL                        : [ | ] 
    drop table if exists public.activities cascade 
2026-07-12 10:24:12.575 DEBUG 18024 --- [main] org.hibernate.SQL                        : [ | ] 
    drop table if exists public.knowledge_chunks cascade 
2026-07-12 10:24:12.577 DEBUG 18024 --- [main] org.hibernate.SQL                        : [ | ] 
    drop table if exists public.knowledge_documents cascade 
2026-07-12 10:24:12.578 DEBUG 18024 --- [main] org.hibernate.SQL                        : [ | ] 
    drop table if exists public.projects cascade 
2026-07-12 10:24:12.580 DEBUG 18024 --- [main] org.hibernate.SQL                        : [ | ] 
    drop table if exists public.refresh_tokens cascade 
2026-07-12 10:24:12.582 DEBUG 18024 --- [main] org.hibernate.SQL                        : [ | ] 
    drop table if exists public.roles cascade 
2026-07-12 10:24:12.584 DEBUG 18024 --- [main] org.hibernate.SQL                        : [ | ] 
    drop table if exists public.tasks cascade 
2026-07-12 10:24:12.586 DEBUG 18024 --- [main] org.hibernate.SQL                        : [ | ] 
    drop table if exists public.team_members cascade 
2026-07-12 10:24:12.588 DEBUG 18024 --- [main] org.hibernate.SQL                        : [ | ] 
    drop table if exists public.teams cascade 
2026-07-12 10:24:12.589 DEBUG 18024 --- [main] org.hibernate.SQL                        : [ | ] 
    drop table if exists public.user_roles cascade 
2026-07-12 10:24:12.591 DEBUG 18024 --- [main] org.hibernate.SQL                        : [ | ] 
    drop table if exists public.users cascade 
2026-07-12 10:24:12.593 DEBUG 18024 --- [main] org.hibernate.SQL                        : [ | ] 
    create table public.activities (
        actor_id bigint not null,
        created_at timestamp(6) with time zone not null,
        id uuid not null,
        project_id uuid,
        task_id uuid,
        team_id uuid,
        message TEXT not null,
        metadata TEXT,
        activity_type enum ('PROJECT_CREATED','PROJECT_DELETED','PROJECT_UPDATED','TASK_ASSIGNED','TASK_COMPLETED','TASK_CREATED','TASK_DELETED','TASK_STATUS_CHANGED','TASK_UPDATED','TEAM_CREATED','TEAM_MEMBER_ADDED','TEAM_MEMBER_REMOVED','USER_UPDATED') not null,
        primary key (id)
    )
2026-07-12 10:24:12.596 DEBUG 18024 --- [main] org.hibernate.SQL                        : [ | ] 
    create table public.knowledge_chunks (
        chunk_index integer not null,
        created_at timestamp(6) with time zone not null,
        document_id uuid not null,
        id uuid not null,
        project_id uuid not null,
        chunk_text TEXT not null,
        metadata JSONB,
        source_id varchar(255) not null,
        source_type enum ('ACTIVITY','DOCUMENTATION','PROJECT','TASK','TEAM') not null,
        primary key (id)
    )
2026-07-12 10:24:12.598 DEBUG 18024 --- [main] org.hibernate.SQL                        : [ | ] 
    create table public.knowledge_documents (
        chunk_count integer not null,
        created_at timestamp(6) with time zone not null,
        indexed_at timestamp(6) with time zone not null,
        updated_at timestamp(6) with time zone not null,
        id uuid not null,
        project_id uuid not null,
        checksum varchar(64),
        title varchar(500),
        source_id varchar(255) not null,
        source_type enum ('ACTIVITY','DOCUMENTATION','PROJECT','TASK','TEAM') not null,
        primary key (id)
    )
2026-07-12 10:24:12.601 DEBUG 18024 --- [main] org.hibernate.SQL                        : [ | ] 
    create table public.projects (
        created_at timestamp(6) with time zone not null,
        owner_id bigint not null,
        updated_at timestamp(6) with time zone not null,
        id uuid not null,
        name varchar(100) not null,
        description TEXT,
        status enum ('ACTIVE','ARCHIVED','COMPLETED') not null,
        primary key (id)
    )
2026-07-12 10:24:12.604 DEBUG 18024 --- [main] org.hibernate.SQL                        : [ | ] 
    create table public.refresh_tokens (
        revoked boolean not null,
        created_at timestamp(6) with time zone not null,
        expires_at timestamp(6) with time zone not null,
        id bigint generated by default as identity,
        user_id bigint not null,
        token_hash varchar(255) not null unique,
        primary key (id)
    )
2026-07-12 10:24:12.607 DEBUG 18024 --- [main] org.hibernate.SQL                        : [ | ] 
    create table public.roles (
        created_at timestamp(6) with time zone not null,
        id bigint generated by default as identity,
        name varchar(50) not null unique,
        description varchar(255),
        primary key (id)
    )
2026-07-12 10:24:12.610 DEBUG 18024 --- [main] org.hibernate.SQL                        : [ | ] 
    create table public.tasks (
        assignee_id bigint,
        created_at timestamp(6) with time zone not null,
        created_by bigint not null,
        due_date timestamp(6) with time zone,
        updated_at timestamp(6) with time zone not null,
        id uuid not null,
        project_id uuid not null,
        description TEXT,
        title varchar(255) not null,
        priority enum ('CRITICAL','HIGH','LOW','MEDIUM') not null,
        status enum ('BLOCKED','DONE','IN_PROGRESS','IN_REVIEW','TODO') not null,
        primary key (id)
    )
2026-07-12 10:24:12.613 DEBUG 18024 --- [main] org.hibernate.SQL                        : [ | ] 
    create table public.team_members (
        joined_at timestamp(6) with time zone not null,
        user_id bigint not null,
        id uuid not null,
        team_id uuid not null,
        role enum ('ADMIN','MEMBER','OWNER') not null,
        primary key (id),
        unique (team_id, user_id)
    )
2026-07-12 10:24:12.616 DEBUG 18024 --- [main] org.hibernate.SQL                        : [ | ] 
    create table public.teams (
        created_at timestamp(6) with time zone not null,
        updated_at timestamp(6) with time zone not null,
        id uuid not null,
        description TEXT,
        name varchar(255) not null,
        primary key (id)
    )
2026-07-12 10:24:12.618 DEBUG 18024 --- [main] org.hibernate.SQL                        : [ | ] 
    create table public.user_roles (
        role_id bigint not null,
        user_id bigint not null,
        primary key (role_id, user_id)
    )
2026-07-12 10:24:12.620 DEBUG 18024 --- [main] org.hibernate.SQL                        : [ | ] 
    create table public.users (
        enabled boolean not null,
        created_at timestamp(6) with time zone not null,
        id bigint generated by default as identity,
        updated_at timestamp(6) with time zone not null,
        username varchar(50) not null unique,
        first_name varchar(100) not null,
        last_name varchar(100) not null,
        email varchar(255) not null unique,
        password_hash varchar(255) not null,
        primary key (id)
    )
2026-07-12 10:24:12.622 DEBUG 18024 --- [main] org.hibernate.SQL                        : [ | ] 
    alter table if exists public.activities 
       add constraint FKmfjrc8jdvy0yrr7x67qmrxkue 
       foreign key (actor_id) 
       references public.users
2026-07-12 10:24:12.625 DEBUG 18024 --- [main] org.hibernate.SQL                        : [ | ] 
    alter table if exists public.projects 
       add constraint FKmueqy6cpcwpfl8gnnag4idjt9 
       foreign key (owner_id) 
       references public.users
2026-07-12 10:24:12.627 DEBUG 18024 --- [main] org.hibernate.SQL                        : [ | ] 
    alter table if exists public.refresh_tokens 
       add constraint FK1lih5y2npsf8u5o3vhdb9y0os 
       foreign key (user_id) 
       references public.users
2026-07-12 10:24:12.630 DEBUG 18024 --- [main] org.hibernate.SQL                        : [ | ] 
    alter table if exists public.tasks 
       add constraint FKekr1dgiqktpyoip3qmp6lxsit 
       foreign key (assignee_id) 
       references public.users
2026-07-12 10:24:12.633 DEBUG 18024 --- [main] org.hibernate.SQL                        : [ | ] 
    alter table if exists public.tasks 
       add constraint FK9dgm9t7wn4w3gh57h63g712lo 
       foreign key (created_by) 
       references public.users
2026-07-12 10:24:12.636 DEBUG 18024 --- [main] org.hibernate.SQL                        : [ | ] 
    alter table if exists public.tasks 
       add constraint FKsfhn82y57i3k9uxww1s007acc 
       foreign key (project_id) 
       references public.projects
2026-07-12 10:24:12.638 DEBUG 18024 --- [main] org.hibernate.SQL                        : [ | ] 
    alter table if exists public.team_members 
       add constraint FKtgca08el3ofisywcf11f0f76t 
       foreign key (team_id) 
       references public.teams
2026-07-12 10:24:12.639 DEBUG 18024 --- [main] org.hibernate.SQL                        : [ | ] 
    alter table if exists public.team_members 
       add constraint FKee8x7x5026imwmma9kndkxs36 
       foreign key (user_id) 
       references public.users
2026-07-12 10:24:12.644 DEBUG 18024 --- [main] org.hibernate.SQL                        : [ | ] 
    alter table if exists public.user_roles 
       add constraint FKh8ciramu9cc9q3qcqiv4ue8a6 
       foreign key (role_id) 
       references public.roles
2026-07-12 10:24:12.647 DEBUG 18024 --- [main] org.hibernate.SQL                        : [ | ] 
    alter table if exists public.user_roles 
       add constraint FKhfh9dx7w3ubf1co1vdev94g3f 
       foreign key (user_id) 
       references public.users
2026-07-12 10:24:13.592  INFO 18024 --- [main] c.forgemind.modules.ai.config.AiConfig   : [ | ] Initializing AI Provider: MOCK
2026-07-12 10:24:13.748  INFO 18024 --- [main] c.f.modules.ai.tools.ToolExecutor        : [ | ] ToolExecutor initialized with 5 tools: [project.fetch, metrics.compute, task.list, team.fetch, activity.recent]
2026-07-12 10:24:13.765  INFO 18024 --- [main] c.f.m.a.embedding.MockEmbeddingProvider  : [ | ] MockEmbeddingProvider initialized with 1536 dimensions
2026-07-12 10:24:13.843  INFO 18024 --- [main] c.f.modules.ai.agent.AgentRegistry       : [ | ] AgentRegistry initialized with 5 agents: [PLANNING, DOCUMENTATION, RISK_ANALYSIS, SPRINT_PLANNING, STANDUP]
2026-07-12 10:24:14.121  INFO 18024 --- [main] eAuthenticationProviderManagerConfigurer : [ | ] Global AuthenticationManager configured with AuthenticationProvider bean with name authenticationProvider
2026-07-12 10:24:14.121  WARN 18024 --- [main] r$InitializeUserDetailsManagerConfigurer : [ | ] Global AuthenticationManager configured with an AuthenticationProvider bean. UserDetailsService beans will not be used for username/password login. Consider removing the AuthenticationProvider bean. Alternatively, consider using the UserDetailsService in a manually instantiated DaoAuthenticationProvider.
2026-07-12 10:24:16.131 DEBUG 18024 --- [main] c.f.config.filter.MdcLoggingFilter       : [ | ] Filter 'mdcLoggingFilter' configured for use
2026-07-12 10:24:16.131 DEBUG 18024 --- [main] c.f.m.a.s.JwtAuthenticationFilter        : [ | ] Filter 'jwtAuthenticationFilter' configured for use
2026-07-12 10:24:16.186  INFO 18024 --- [main] org.springframework.web.SimpLogging      : [ | ] Starting...
2026-07-12 10:24:16.186  INFO 18024 --- [main] org.springframework.web.SimpLogging      : [ | ] BrokerAvailabilityEvent[available=true, SimpleBrokerMessageHandler [org.springframework.messaging.simp.broker.DefaultSubscriptionRegistry@7ae45908]]
2026-07-12 10:24:16.188  INFO 18024 --- [main] org.springframework.web.SimpLogging      : [ | ] Started.
2026-07-12 10:24:16.211  INFO 18024 --- [main] c.f.m.a.c.AuthControllerIntegrationTest  : [ | ] Started AuthControllerIntegrationTest in 6.263 seconds (process running for 36.931)
2026-07-12 10:24:16.465 DEBUG 18024 --- [main] org.hibernate.SQL                        : [ | ] 
    select
        u1_0.id,
        u1_0.created_at,
        u1_0.email,
        u1_0.enabled,
        u1_0.first_name,
        u1_0.last_name,
        u1_0.password_hash,
        u1_0.updated_at,
        u1_0.username 
    from
        public.users u1_0
2026-07-12 10:24:16.525 DEBUG 18024 --- [main] org.hibernate.SQL                        : [ | ] 
    select
        r1_0.id,
        r1_0.created_at,
        r1_0.description,
        r1_0.name 
    from
        public.roles r1_0
2026-07-12 10:24:16.588 DEBUG 18024 --- [main] org.hibernate.SQL                        : [ | ] 
    insert 
    into
        public.roles
        (created_at, description, name, id) 
    values
        (?, ?, ?, default)
2026-07-12 10:24:16.965  WARN 18024 --- [main] c.f.c.exception.GlobalExceptionHandler   : [5b4b8ed1-a352-4464-94bc-fba15430401f | ] Validation failure on /api/v1/auth/register: {password=Password must be at least 8 characters long}
2026-07-12 10:24:17.153 DEBUG 18024 --- [main] org.hibernate.SQL                        : [ | ] 
    select
        u1_0.id,
        u1_0.created_at,
        u1_0.email,
        u1_0.enabled,
        u1_0.first_name,
        u1_0.last_name,
        u1_0.password_hash,
        u1_0.updated_at,
        u1_0.username 
    from
        public.users u1_0
2026-07-12 10:24:17.155 DEBUG 18024 --- [main] org.hibernate.SQL                        : [ | ] 
    select
        r1_0.id,
        r1_0.created_at,
        r1_0.description,
        r1_0.name 
    from
        public.roles r1_0
2026-07-12 10:24:17.158 DEBUG 18024 --- [main] org.hibernate.SQL                        : [ | ] 
    insert 
    into
        public.roles
        (created_at, description, name, id) 
    values
        (?, ?, ?, default)
2026-07-12 10:24:17.169  WARN 18024 --- [main] c.f.c.exception.GlobalExceptionHandler   : [7af7e48e-65ef-4fec-be71-f0fab62e85e9 | ] Validation failure on /api/v1/auth/register: {username=Username is required}
2026-07-12 10:24:17.190 DEBUG 18024 --- [main] org.hibernate.SQL                        : [ | ] 
    select
        u1_0.id,
        u1_0.created_at,
        u1_0.email,
        u1_0.enabled,
        u1_0.first_name,
        u1_0.last_name,
        u1_0.password_hash,
        u1_0.updated_at,
        u1_0.username 
    from
        public.users u1_0
2026-07-12 10:24:17.194 DEBUG 18024 --- [main] org.hibernate.SQL                        : [ | ] 
    select
        r1_0.id,
        r1_0.created_at,
        r1_0.description,
        r1_0.name 
    from
        public.roles r1_0
2026-07-12 10:24:17.196 DEBUG 18024 --- [main] org.hibernate.SQL                        : [ | ] 
    insert 
    into
        public.roles
        (created_at, description, name, id) 
    values
        (?, ?, ?, default)
2026-07-12 10:24:17.206 DEBUG 18024 --- [main] c.f.modules.auth.service.AuthService     : [f6226461-b4e4-4041-970c-c83cc6f36b19 | ] Attempting to register new user: alicesmith
2026-07-12 10:24:17.265 DEBUG 18024 --- [main] org.hibernate.SQL                        : [f6226461-b4e4-4041-970c-c83cc6f36b19 | ] 
    select
        u1_0.id 
    from
        public.users u1_0 
    where
        u1_0.username=? 
    fetch
        first ? rows only
2026-07-12 10:24:17.275 DEBUG 18024 --- [main] org.hibernate.SQL                        : [f6226461-b4e4-4041-970c-c83cc6f36b19 | ] 
    select
        u1_0.id 
    from
        public.users u1_0 
    where
        u1_0.email=? 
    fetch
        first ? rows only
2026-07-12 10:24:17.279 DEBUG 18024 --- [main] org.hibernate.SQL                        : [f6226461-b4e4-4041-970c-c83cc6f36b19 | ] 
    select
        r1_0.id,
        r1_0.created_at,
        r1_0.description,
        r1_0.name 
    from
        public.roles r1_0 
    where
        r1_0.name=?
2026-07-12 10:24:18.076 DEBUG 18024 --- [main] org.hibernate.SQL                        : [f6226461-b4e4-4041-970c-c83cc6f36b19 | ] 
    insert 
    into
        public.users
        (created_at, email, enabled, first_name, last_name, password_hash, updated_at, username, id) 
    values
        (?, ?, ?, ?, ?, ?, ?, ?, default)
2026-07-12 10:24:18.082  INFO 18024 --- [main] c.f.modules.auth.service.AuthService     : [f6226461-b4e4-4041-970c-c83cc6f36b19 | ] Successfully registered user: alicesmith with ID: 1
2026-07-12 10:24:18.129 DEBUG 18024 --- [main] org.hibernate.SQL                        : [ | ] 
    select
        u1_0.id,
        u1_0.created_at,
        u1_0.email,
        u1_0.enabled,
        u1_0.first_name,
        u1_0.last_name,
        u1_0.password_hash,
        u1_0.updated_at,
        u1_0.username 
    from
        public.users u1_0
2026-07-12 10:24:18.132 DEBUG 18024 --- [main] org.hibernate.SQL                        : [ | ] 
    select
        r1_0.id,
        r1_0.created_at,
        r1_0.description,
        r1_0.name 
    from
        public.roles r1_0
2026-07-12 10:24:18.135 DEBUG 18024 --- [main] org.hibernate.SQL                        : [ | ] 
    insert 
    into
        public.roles
        (created_at, description, name, id) 
    values
        (?, ?, ?, default)
2026-07-12 10:24:18.145 DEBUG 18024 --- [main] c.f.modules.auth.service.AuthService     : [6ce50a99-cbef-4353-8b33-3eca4479594d | ] Attempting to register new user: bobjones
2026-07-12 10:24:18.148 DEBUG 18024 --- [main] org.hibernate.SQL                        : [6ce50a99-cbef-4353-8b33-3eca4479594d | ] 
    select
        u1_0.id 
    from
        public.users u1_0 
    where
        u1_0.username=? 
    fetch
        first ? rows only
2026-07-12 10:24:18.151 DEBUG 18024 --- [main] org.hibernate.SQL                        : [6ce50a99-cbef-4353-8b33-3eca4479594d | ] 
    select
        u1_0.id 
    from
        public.users u1_0 
    where
        u1_0.email=? 
    fetch
        first ? rows only
2026-07-12 10:24:18.154 DEBUG 18024 --- [main] org.hibernate.SQL                        : [6ce50a99-cbef-4353-8b33-3eca4479594d | ] 
    select
        r1_0.id,
        r1_0.created_at,
        r1_0.description,
        r1_0.name 
    from
        public.roles r1_0 
    where
        r1_0.name=?
2026-07-12 10:24:18.910 DEBUG 18024 --- [main] org.hibernate.SQL                        : [6ce50a99-cbef-4353-8b33-3eca4479594d | ] 
    insert 
    into
        public.users
        (created_at, email, enabled, first_name, last_name, password_hash, updated_at, username, id) 
    values
        (?, ?, ?, ?, ?, ?, ?, ?, default)
2026-07-12 10:24:18.913  INFO 18024 --- [main] c.f.modules.auth.service.AuthService     : [6ce50a99-cbef-4353-8b33-3eca4479594d | ] Successfully registered user: bobjones with ID: 2
2026-07-12 10:24:18.934 DEBUG 18024 --- [main] org.hibernate.SQL                        : [ | ] 
    select
        u1_0.id,
        u1_0.created_at,
        u1_0.email,
        u1_0.enabled,
        u1_0.first_name,
        u1_0.last_name,
        u1_0.password_hash,
        u1_0.updated_at,
        u1_0.username 
    from
        public.users u1_0
2026-07-12 10:24:18.938 DEBUG 18024 --- [main] org.hibernate.SQL                        : [ | ] 
    select
        r1_0.id,
        r1_0.created_at,
        r1_0.description,
        r1_0.name 
    from
        public.roles r1_0
2026-07-12 10:24:18.939 DEBUG 18024 --- [main] org.hibernate.SQL                        : [ | ] 
    insert 
    into
        public.roles
        (created_at, description, name, id) 
    values
        (?, ?, ?, default)
2026-07-12 10:24:18.948 DEBUG 18024 --- [main] c.f.modules.auth.service.AuthService     : [86251bbb-c7d6-4d25-9138-f33641b78608 | ] Attempting to register new user: davegreen
2026-07-12 10:24:18.950 DEBUG 18024 --- [main] org.hibernate.SQL                        : [86251bbb-c7d6-4d25-9138-f33641b78608 | ] 
    select
        u1_0.id 
    from
        public.users u1_0 
    where
        u1_0.username=? 
    fetch
        first ? rows only
2026-07-12 10:24:18.953 DEBUG 18024 --- [main] org.hibernate.SQL                        : [86251bbb-c7d6-4d25-9138-f33641b78608 | ] 
    select
        u1_0.id 
    from
        public.users u1_0 
    where
        u1_0.email=? 
    fetch
        first ? rows only
2026-07-12 10:24:18.957 DEBUG 18024 --- [main] org.hibernate.SQL                        : [86251bbb-c7d6-4d25-9138-f33641b78608 | ] 
    select
        r1_0.id,
        r1_0.created_at,
        r1_0.description,
        r1_0.name 
    from
        public.roles r1_0 
    where
        r1_0.name=?
2026-07-12 10:24:19.527 DEBUG 18024 --- [main] org.hibernate.SQL                        : [86251bbb-c7d6-4d25-9138-f33641b78608 | ] 
    insert 
    into
        public.users
        (created_at, email, enabled, first_name, last_name, password_hash, updated_at, username, id) 
    values
        (?, ?, ?, ?, ?, ?, ?, ?, default)
2026-07-12 10:24:19.528  INFO 18024 --- [main] c.f.modules.auth.service.AuthService     : [86251bbb-c7d6-4d25-9138-f33641b78608 | ] Successfully registered user: davegreen with ID: 3
2026-07-12 10:24:19.542 DEBUG 18024 --- [main] c.f.modules.auth.service.AuthService     : [b386faf7-a2dc-47c6-a4ff-d9becdce3895 | ] Attempting to register new user: davegreen2
2026-07-12 10:24:19.561 DEBUG 18024 --- [main] org.hibernate.SQL                        : [b386faf7-a2dc-47c6-a4ff-d9becdce3895 | ] 
    select
        u1_0.id 
    from
        public.users u1_0 
    where
        u1_0.username=? 
    fetch
        first ? rows only
2026-07-12 10:24:19.566 DEBUG 18024 --- [main] org.hibernate.SQL                        : [b386faf7-a2dc-47c6-a4ff-d9becdce3895 | ] 
    select
        u1_0.id 
    from
        public.users u1_0 
    where
        u1_0.email=? 
    fetch
        first ? rows only
2026-07-12 10:24:19.571  WARN 18024 --- [main] c.f.c.exception.GlobalExceptionHandler   : [b386faf7-a2dc-47c6-a4ff-d9becdce3895 | ] Domain exception on /api/v1/auth/register: EMAIL_EXISTS - Email is already taken
2026-07-12 10:24:19.594 DEBUG 18024 --- [main] org.hibernate.SQL                        : [ | ] 
    select
        u1_0.id,
        u1_0.created_at,
        u1_0.email,
        u1_0.enabled,
        u1_0.first_name,
        u1_0.last_name,
        u1_0.password_hash,
        u1_0.updated_at,
        u1_0.username 
    from
        public.users u1_0
2026-07-12 10:24:19.599 DEBUG 18024 --- [main] org.hibernate.SQL                        : [ | ] 
    select
        r1_0.id,
        r1_0.created_at,
        r1_0.description,
        r1_0.name 
    from
        public.roles r1_0
2026-07-12 10:24:19.600 DEBUG 18024 --- [main] org.hibernate.SQL                        : [ | ] 
    insert 
    into
        public.roles
        (created_at, description, name, id) 
    values
        (?, ?, ?, default)
2026-07-12 10:24:19.608 DEBUG 18024 --- [main] c.f.modules.auth.service.AuthService     : [f1e37158-400c-46a1-a4c8-34e9220483a7 | ] Attempting to register new user: carolwhite
2026-07-12 10:24:19.611 DEBUG 18024 --- [main] org.hibernate.SQL                        : [f1e37158-400c-46a1-a4c8-34e9220483a7 | ] 
    select
        u1_0.id 
    from
        public.users u1_0 
    where
        u1_0.username=? 
    fetch
        first ? rows only
2026-07-12 10:24:19.617 DEBUG 18024 --- [main] org.hibernate.SQL                        : [f1e37158-400c-46a1-a4c8-34e9220483a7 | ] 
    select
        u1_0.id 
    from
        public.users u1_0 
    where
        u1_0.email=? 
    fetch
        first ? rows only
2026-07-12 10:24:19.622 DEBUG 18024 --- [main] org.hibernate.SQL                        : [f1e37158-400c-46a1-a4c8-34e9220483a7 | ] 
    select
        r1_0.id,
        r1_0.created_at,
        r1_0.description,
        r1_0.name 
    from
        public.roles r1_0 
    where
        r1_0.name=?
2026-07-12 10:24:20.189 DEBUG 18024 --- [main] org.hibernate.SQL                        : [f1e37158-400c-46a1-a4c8-34e9220483a7 | ] 
    insert 
    into
        public.users
        (created_at, email, enabled, first_name, last_name, password_hash, updated_at, username, id) 
    values
        (?, ?, ?, ?, ?, ?, ?, ?, default)
2026-07-12 10:24:20.191  INFO 18024 --- [main] c.f.modules.auth.service.AuthService     : [f1e37158-400c-46a1-a4c8-34e9220483a7 | ] Successfully registered user: carolwhite with ID: 4
2026-07-12 10:24:20.202 DEBUG 18024 --- [main] c.f.modules.auth.service.AuthService     : [b9b4cf20-279b-4a82-b799-e590c7766ab9 | ] Attempting to register new user: carolwhite
2026-07-12 10:24:20.203 DEBUG 18024 --- [main] org.hibernate.SQL                        : [b9b4cf20-279b-4a82-b799-e590c7766ab9 | ] 
    select
        u1_0.id 
    from
        public.users u1_0 
    where
        u1_0.username=? 
    fetch
        first ? rows only
2026-07-12 10:24:20.207  WARN 18024 --- [main] c.f.c.exception.GlobalExceptionHandler   : [b9b4cf20-279b-4a82-b799-e590c7766ab9 | ] Domain exception on /api/v1/auth/register: USERNAME_EXISTS - Username is already taken
2026-07-12 10:24:20.231 DEBUG 18024 --- [main] org.hibernate.SQL                        : [ | ] 
    select
        u1_0.id,
        u1_0.created_at,
        u1_0.email,
        u1_0.enabled,
        u1_0.first_name,
        u1_0.last_name,
        u1_0.password_hash,
        u1_0.updated_at,
        u1_0.username 
    from
        public.users u1_0
2026-07-12 10:24:20.233 DEBUG 18024 --- [main] org.hibernate.SQL                        : [ | ] 
    select
        r1_0.id,
        r1_0.created_at,
        r1_0.description,
        r1_0.name 
    from
        public.roles r1_0
2026-07-12 10:24:20.236 DEBUG 18024 --- [main] org.hibernate.SQL                        : [ | ] 
    insert 
    into
        public.roles
        (created_at, description, name, id) 
    values
        (?, ?, ?, default)
2026-07-12 10:24:20.243  WARN 18024 --- [main] c.f.c.exception.GlobalExceptionHandler   : [dc480b50-c070-4d1a-90ea-b7ec649a3518 | ] Validation failure on /api/v1/auth/register: {email=Email should be valid}
2026-07-12 10:24:20.267 DEBUG 18024 --- [main] org.hibernate.SQL                        : [ | ] 
    select
        u1_0.id,
        u1_0.created_at,
        u1_0.email,
        u1_0.enabled,
        u1_0.first_name,
        u1_0.last_name,
        u1_0.password_hash,
        u1_0.updated_at,
        u1_0.username 
    from
        public.users u1_0
2026-07-12 10:24:20.271 DEBUG 18024 --- [main] org.hibernate.SQL                        : [ | ] 
    select
        r1_0.id,
        r1_0.created_at,
        r1_0.description,
        r1_0.name 
    from
        public.roles r1_0
2026-07-12 10:24:20.271 DEBUG 18024 --- [main] org.hibernate.SQL                        : [ | ] 
    insert 
    into
        public.roles
        (created_at, description, name, id) 
    values
        (?, ?, ?, default)
2026-07-12 10:24:20.281  WARN 18024 --- [main] c.f.c.exception.GlobalExceptionHandler   : [33c98189-2f2e-4a3f-bdac-45e06cf93a61 | ] Validation failure on /api/v1/auth/register: {firstName=First name is required}
2026-07-12 10:24:20.337 DEBUG 18024 --- [main] org.hibernate.SQL                        : [ | ] 
    select
        rt1_0.id,
        rt1_0.created_at,
        rt1_0.expires_at,
        rt1_0.revoked,
        rt1_0.token_hash,
        rt1_0.user_id 
    from
        public.refresh_tokens rt1_0
2026-07-12 10:24:20.342 DEBUG 18024 --- [main] org.hibernate.SQL                        : [ | ] 
    select
        u1_0.id,
        u1_0.created_at,
        u1_0.email,
        u1_0.enabled,
        u1_0.first_name,
        u1_0.last_name,
        u1_0.password_hash,
        u1_0.updated_at,
        u1_0.username 
    from
        public.users u1_0
2026-07-12 10:24:20.344 DEBUG 18024 --- [main] org.hibernate.SQL                        : [ | ] 
    select
        r1_0.id,
        r1_0.created_at,
        r1_0.description,
        r1_0.name 
    from
        public.roles r1_0
2026-07-12 10:24:20.346 DEBUG 18024 --- [main] org.hibernate.SQL                        : [ | ] 
    insert 
    into
        public.roles
        (created_at, description, name, id) 
    values
        (?, ?, ?, default)
2026-07-12 10:24:20.356 DEBUG 18024 --- [main] c.f.modules.auth.service.AuthService     : [3a470446-8232-4928-8518-58da2a071211 | ] Attempting to register new user: alicesmith
2026-07-12 10:24:20.358 DEBUG 18024 --- [main] org.hibernate.SQL                        : [3a470446-8232-4928-8518-58da2a071211 | ] 
    select
        u1_0.id 
    from
        public.users u1_0 
    where
        u1_0.username=? 
    fetch
        first ? rows only
2026-07-12 10:24:20.362 DEBUG 18024 --- [main] org.hibernate.SQL                        : [3a470446-8232-4928-8518-58da2a071211 | ] 
    select
        u1_0.id 
    from
        public.users u1_0 
    where
        u1_0.email=? 
    fetch
        first ? rows only
2026-07-12 10:24:20.366 DEBUG 18024 --- [main] org.hibernate.SQL                        : [3a470446-8232-4928-8518-58da2a071211 | ] 
    select
        r1_0.id,
        r1_0.created_at,
        r1_0.description,
        r1_0.name 
    from
        public.roles r1_0 
    where
        r1_0.name=?
2026-07-12 10:24:20.926 DEBUG 18024 --- [main] org.hibernate.SQL                        : [3a470446-8232-4928-8518-58da2a071211 | ] 
    insert 
    into
        public.users
        (created_at, email, enabled, first_name, last_name, password_hash, updated_at, username, id) 
    values
        (?, ?, ?, ?, ?, ?, ?, ?, default)
2026-07-12 10:24:20.927  INFO 18024 --- [main] c.f.modules.auth.service.AuthService     : [3a470446-8232-4928-8518-58da2a071211 | ] Successfully registered user: alicesmith with ID: 5
2026-07-12 10:24:20.949 DEBUG 18024 --- [main] org.hibernate.SQL                        : [9d3d5d17-c898-4d6c-9817-8c4d34116578 | ] 
    select
        u1_0.id,
        u1_0.created_at,
        u1_0.email,
        u1_0.enabled,
        u1_0.first_name,
        u1_0.last_name,
        u1_0.password_hash,
        u1_0.updated_at,
        u1_0.username 
    from
        public.users u1_0 
    where
        u1_0.username=?
2026-07-12 10:24:20.955 DEBUG 18024 --- [main] org.hibernate.SQL                        : [9d3d5d17-c898-4d6c-9817-8c4d34116578 | ] 
    select
        u1_0.id,
        u1_0.created_at,
        u1_0.email,
        u1_0.enabled,
        u1_0.first_name,
        u1_0.last_name,
        u1_0.password_hash,
        u1_0.updated_at,
        u1_0.username 
    from
        public.users u1_0 
    where
        u1_0.email=?
2026-07-12 10:24:21.509 DEBUG 18024 --- [main] org.hibernate.SQL                        : [9d3d5d17-c898-4d6c-9817-8c4d34116578 | ] 
    select
        u1_0.id,
        u1_0.created_at,
        u1_0.email,
        u1_0.enabled,
        u1_0.first_name,
        u1_0.last_name,
        u1_0.password_hash,
        u1_0.updated_at,
        u1_0.username 
    from
        public.users u1_0 
    where
        u1_0.username=?
2026-07-12 10:24:22.327 DEBUG 18024 --- [main] org.hibernate.SQL                        : [9d3d5d17-c898-4d6c-9817-8c4d34116578 | ] 
    delete 
    from
        public.refresh_tokens rt1_0 
    where
        rt1_0.expires_at<?
2026-07-12 10:24:22.333 DEBUG 18024 --- [main] org.hibernate.SQL                        : [9d3d5d17-c898-4d6c-9817-8c4d34116578 | ] 
    insert 
    into
        public.refresh_tokens
        (created_at, expires_at, revoked, token_hash, user_id, id) 
    values
        (?, ?, ?, ?, ?, default)
2026-07-12 10:24:22.335  INFO 18024 --- [main] c.f.modules.auth.service.AuthService     : [9d3d5d17-c898-4d6c-9817-8c4d34116578 | ] User 'alicesmith' (ID: 5) logged in successfully
2026-07-12 10:24:22.359 DEBUG 18024 --- [main] org.hibernate.SQL                        : [ | ] 
    select
        rt1_0.id,
        rt1_0.created_at,
        rt1_0.expires_at,
        rt1_0.revoked,
        rt1_0.token_hash,
        rt1_0.user_id 
    from
        public.refresh_tokens rt1_0
2026-07-12 10:24:22.363 DEBUG 18024 --- [main] org.hibernate.SQL                        : [ | ] 
    select
        u1_0.id,
        u1_0.created_at,
        u1_0.email,
        u1_0.enabled,
        u1_0.first_name,
        u1_0.last_name,
        u1_0.password_hash,
        u1_0.updated_at,
        u1_0.username 
    from
        public.users u1_0
2026-07-12 10:24:22.365 DEBUG 18024 --- [main] org.hibernate.SQL                        : [ | ] 
    select
        r1_0.id,
        r1_0.created_at,
        r1_0.description,
        r1_0.name 
    from
        public.roles r1_0
2026-07-12 10:24:22.366 DEBUG 18024 --- [main] org.hibernate.SQL                        : [ | ] 
    insert 
    into
        public.roles
        (created_at, description, name, id) 
    values
        (?, ?, ?, default)
2026-07-12 10:24:22.371 DEBUG 18024 --- [main] c.f.modules.auth.service.AuthService     : [378511f7-9009-433d-950b-25c15a13dd00 | ] Attempting to register new user: alicesmith
2026-07-12 10:24:22.376 DEBUG 18024 --- [main] org.hibernate.SQL                        : [378511f7-9009-433d-950b-25c15a13dd00 | ] 
    select
        u1_0.id 
    from
        public.users u1_0 
    where
        u1_0.username=? 
    fetch
        first ? rows only
2026-07-12 10:24:22.380 DEBUG 18024 --- [main] org.hibernate.SQL                        : [378511f7-9009-433d-950b-25c15a13dd00 | ] 
    select
        u1_0.id 
    from
        public.users u1_0 
    where
        u1_0.email=? 
    fetch
        first ? rows only
2026-07-12 10:24:22.383 DEBUG 18024 --- [main] org.hibernate.SQL                        : [378511f7-9009-433d-950b-25c15a13dd00 | ] 
    select
        r1_0.id,
        r1_0.created_at,
        r1_0.description,
        r1_0.name 
    from
        public.roles r1_0 
    where
        r1_0.name=?
2026-07-12 10:24:22.937 DEBUG 18024 --- [main] org.hibernate.SQL                        : [378511f7-9009-433d-950b-25c15a13dd00 | ] 
    insert 
    into
        public.users
        (created_at, email, enabled, first_name, last_name, password_hash, updated_at, username, id) 
    values
        (?, ?, ?, ?, ?, ?, ?, ?, default)
2026-07-12 10:24:22.939  INFO 18024 --- [main] c.f.modules.auth.service.AuthService     : [378511f7-9009-433d-950b-25c15a13dd00 | ] Successfully registered user: alicesmith with ID: 6
2026-07-12 10:24:22.949 DEBUG 18024 --- [main] org.hibernate.SQL                        : [057fe487-ea36-460f-a826-ab4390016ee3 | ] 
    select
        u1_0.id,
        u1_0.created_at,
        u1_0.email,
        u1_0.enabled,
        u1_0.first_name,
        u1_0.last_name,
        u1_0.password_hash,
        u1_0.updated_at,
        u1_0.username 
    from
        public.users u1_0 
    where
        u1_0.username=?
2026-07-12 10:24:22.954 DEBUG 18024 --- [main] org.hibernate.SQL                        : [057fe487-ea36-460f-a826-ab4390016ee3 | ] 
    select
        u1_0.id,
        u1_0.created_at,
        u1_0.email,
        u1_0.enabled,
        u1_0.first_name,
        u1_0.last_name,
        u1_0.password_hash,
        u1_0.updated_at,
        u1_0.username 
    from
        public.users u1_0 
    where
        u1_0.username=?
2026-07-12 10:24:23.516 DEBUG 18024 --- [main] org.hibernate.SQL                        : [057fe487-ea36-460f-a826-ab4390016ee3 | ] 
    delete 
    from
        public.refresh_tokens rt1_0 
    where
        rt1_0.expires_at<?
2026-07-12 10:24:23.520 DEBUG 18024 --- [main] org.hibernate.SQL                        : [057fe487-ea36-460f-a826-ab4390016ee3 | ] 
    insert 
    into
        public.refresh_tokens
        (created_at, expires_at, revoked, token_hash, user_id, id) 
    values
        (?, ?, ?, ?, ?, default)
2026-07-12 10:24:23.522  INFO 18024 --- [main] c.f.modules.auth.service.AuthService     : [057fe487-ea36-460f-a826-ab4390016ee3 | ] User 'alicesmith' (ID: 6) logged in successfully
2026-07-12 10:24:23.692 DEBUG 18024 --- [main] org.hibernate.SQL                        : [ | ] 
    select
        rt1_0.id,
        rt1_0.created_at,
        rt1_0.expires_at,
        rt1_0.revoked,
        rt1_0.token_hash,
        rt1_0.user_id 
    from
        public.refresh_tokens rt1_0
2026-07-12 10:24:23.695 DEBUG 18024 --- [main] org.hibernate.SQL                        : [ | ] 
    select
        u1_0.id,
        u1_0.created_at,
        u1_0.email,
        u1_0.enabled,
        u1_0.first_name,
        u1_0.last_name,
        u1_0.password_hash,
        u1_0.updated_at,
        u1_0.username 
    from
        public.users u1_0
2026-07-12 10:24:23.699 DEBUG 18024 --- [main] org.hibernate.SQL                        : [ | ] 
    select
        r1_0.id,
        r1_0.created_at,
        r1_0.description,
        r1_0.name 
    from
        public.roles r1_0
2026-07-12 10:24:23.700 DEBUG 18024 --- [main] org.hibernate.SQL                        : [ | ] 
    insert 
    into
        public.roles
        (created_at, description, name, id) 
    values
        (?, ?, ?, default)
2026-07-12 10:24:23.707 DEBUG 18024 --- [main] c.f.modules.auth.service.AuthService     : [75157325-f719-4608-b68f-c4b7dea794f2 | ] Attempting to register new user: alicesmith
2026-07-12 10:24:23.709 DEBUG 18024 --- [main] org.hibernate.SQL                        : [75157325-f719-4608-b68f-c4b7dea794f2 | ] 
    select
        u1_0.id 
    from
        public.users u1_0 
    where
        u1_0.username=? 
    fetch
        first ? rows only
2026-07-12 10:24:23.713 DEBUG 18024 --- [main] org.hibernate.SQL                        : [75157325-f719-4608-b68f-c4b7dea794f2 | ] 
    select
        u1_0.id 
    from
        public.users u1_0 
    where
        u1_0.email=? 
    fetch
        first ? rows only
2026-07-12 10:24:23.716 DEBUG 18024 --- [main] org.hibernate.SQL                        : [75157325-f719-4608-b68f-c4b7dea794f2 | ] 
    select
        r1_0.id,
        r1_0.created_at,
        r1_0.description,
        r1_0.name 
    from
        public.roles r1_0 
    where
        r1_0.name=?
2026-07-12 10:24:24.268 DEBUG 18024 --- [main] org.hibernate.SQL                        : [75157325-f719-4608-b68f-c4b7dea794f2 | ] 
    insert 
    into
        public.users
        (created_at, email, enabled, first_name, last_name, password_hash, updated_at, username, id) 
    values
        (?, ?, ?, ?, ?, ?, ?, ?, default)
2026-07-12 10:24:24.271  INFO 18024 --- [main] c.f.modules.auth.service.AuthService     : [75157325-f719-4608-b68f-c4b7dea794f2 | ] Successfully registered user: alicesmith with ID: 7
2026-07-12 10:24:24.280 DEBUG 18024 --- [main] org.hibernate.SQL                        : [4321f3c0-01f7-4c05-aca0-491c3a4822bd | ] 
    select
        u1_0.id,
        u1_0.created_at,
        u1_0.email,
        u1_0.enabled,
        u1_0.first_name,
        u1_0.last_name,
        u1_0.password_hash,
        u1_0.updated_at,
        u1_0.username 
    from
        public.users u1_0 
    where
        u1_0.username=?
2026-07-12 10:24:24.285 DEBUG 18024 --- [main] org.hibernate.SQL                        : [4321f3c0-01f7-4c05-aca0-491c3a4822bd | ] 
    select
        u1_0.id,
        u1_0.created_at,
        u1_0.email,
        u1_0.enabled,
        u1_0.first_name,
        u1_0.last_name,
        u1_0.password_hash,
        u1_0.updated_at,
        u1_0.username 
    from
        public.users u1_0 
    where
        u1_0.username=?
2026-07-12 10:24:24.841 DEBUG 18024 --- [main] org.hibernate.SQL                        : [4321f3c0-01f7-4c05-aca0-491c3a4822bd | ] 
    delete 
    from
        public.refresh_tokens rt1_0 
    where
        rt1_0.expires_at<?
2026-07-12 10:24:24.844 DEBUG 18024 --- [main] org.hibernate.SQL                        : [4321f3c0-01f7-4c05-aca0-491c3a4822bd | ] 
    insert 
    into
        public.refresh_tokens
        (created_at, expires_at, revoked, token_hash, user_id, id) 
    values
        (?, ?, ?, ?, ?, default)
2026-07-12 10:24:24.846  INFO 18024 --- [main] c.f.modules.auth.service.AuthService     : [4321f3c0-01f7-4c05-aca0-491c3a4822bd | ] User 'alicesmith' (ID: 7) logged in successfully
2026-07-12 10:24:24.864 DEBUG 18024 --- [main] org.hibernate.SQL                        : [ | ] 
    select
        rt1_0.id,
        rt1_0.created_at,
        rt1_0.expires_at,
        rt1_0.revoked,
        rt1_0.token_hash,
        rt1_0.user_id 
    from
        public.refresh_tokens rt1_0
2026-07-12 10:24:24.867 DEBUG 18024 --- [main] org.hibernate.SQL                        : [ | ] 
    select
        u1_0.id,
        u1_0.created_at,
        u1_0.email,
        u1_0.enabled,
        u1_0.first_name,
        u1_0.last_name,
        u1_0.password_hash,
        u1_0.updated_at,
        u1_0.username 
    from
        public.users u1_0
2026-07-12 10:24:24.870 DEBUG 18024 --- [main] org.hibernate.SQL                        : [ | ] 
    select
        r1_0.id,
        r1_0.created_at,
        r1_0.description,
        r1_0.name 
    from
        public.roles r1_0
2026-07-12 10:24:24.871 DEBUG 18024 --- [main] org.hibernate.SQL                        : [ | ] 
    insert 
    into
        public.roles
        (created_at, description, name, id) 
    values
        (?, ?, ?, default)
2026-07-12 10:24:24.877 DEBUG 18024 --- [main] c.f.modules.auth.service.AuthService     : [829587ec-ab80-4417-9f34-8285acdf282c | ] Attempting to register new user: alicesmith
2026-07-12 10:24:24.880 DEBUG 18024 --- [main] org.hibernate.SQL                        : [829587ec-ab80-4417-9f34-8285acdf282c | ] 
    select
        u1_0.id 
    from
        public.users u1_0 
    where
        u1_0.username=? 
    fetch
        first ? rows only
2026-07-12 10:24:24.884 DEBUG 18024 --- [main] org.hibernate.SQL                        : [829587ec-ab80-4417-9f34-8285acdf282c | ] 
    select
        u1_0.id 
    from
        public.users u1_0 
    where
        u1_0.email=? 
    fetch
        first ? rows only
2026-07-12 10:24:24.886 DEBUG 18024 --- [main] org.hibernate.SQL                        : [829587ec-ab80-4417-9f34-8285acdf282c | ] 
    select
        r1_0.id,
        r1_0.created_at,
        r1_0.description,
        r1_0.name 
    from
        public.roles r1_0 
    where
        r1_0.name=?
2026-07-12 10:24:25.439 DEBUG 18024 --- [main] org.hibernate.SQL                        : [829587ec-ab80-4417-9f34-8285acdf282c | ] 
    insert 
    into
        public.users
        (created_at, email, enabled, first_name, last_name, password_hash, updated_at, username, id) 
    values
        (?, ?, ?, ?, ?, ?, ?, ?, default)
2026-07-12 10:24:25.442  INFO 18024 --- [main] c.f.modules.auth.service.AuthService     : [829587ec-ab80-4417-9f34-8285acdf282c | ] Successfully registered user: alicesmith with ID: 8
2026-07-12 10:24:25.450  WARN 18024 --- [main] c.f.c.exception.GlobalExceptionHandler   : [28c9d39f-4d6c-43b4-876d-464d6e2cc435 | ] Validation failure on /api/v1/auth/login: {usernameOrEmail=Username or email is required}
2026-07-12 10:24:25.468 DEBUG 18024 --- [main] org.hibernate.SQL                        : [ | ] 
    select
        rt1_0.id,
        rt1_0.created_at,
        rt1_0.expires_at,
        rt1_0.revoked,
        rt1_0.token_hash,
        rt1_0.user_id 
    from
        public.refresh_tokens rt1_0
2026-07-12 10:24:25.470 DEBUG 18024 --- [main] org.hibernate.SQL                        : [ | ] 
    select
        u1_0.id,
        u1_0.created_at,
        u1_0.email,
        u1_0.enabled,
        u1_0.first_name,
        u1_0.last_name,
        u1_0.password_hash,
        u1_0.updated_at,
        u1_0.username 
    from
        public.users u1_0
2026-07-12 10:24:25.472 DEBUG 18024 --- [main] org.hibernate.SQL                        : [ | ] 
    select
        r1_0.id,
        r1_0.created_at,
        r1_0.description,
        r1_0.name 
    from
        public.roles r1_0
2026-07-12 10:24:25.474 DEBUG 18024 --- [main] org.hibernate.SQL                        : [ | ] 
    insert 
    into
        public.roles
        (created_at, description, name, id) 
    values
        (?, ?, ?, default)
2026-07-12 10:24:25.483 DEBUG 18024 --- [main] c.f.modules.auth.service.AuthService     : [1ebcb3be-4394-4cc6-9883-7000c759aabc | ] Attempting to register new user: alicesmith
2026-07-12 10:24:25.484 DEBUG 18024 --- [main] org.hibernate.SQL                        : [1ebcb3be-4394-4cc6-9883-7000c759aabc | ] 
    select
        u1_0.id 
    from
        public.users u1_0 
    where
        u1_0.username=? 
    fetch
        first ? rows only
2026-07-12 10:24:25.487 DEBUG 18024 --- [main] org.hibernate.SQL                        : [1ebcb3be-4394-4cc6-9883-7000c759aabc | ] 
    select
        u1_0.id 
    from
        public.users u1_0 
    where
        u1_0.email=? 
    fetch
        first ? rows only
2026-07-12 10:24:25.490 DEBUG 18024 --- [main] org.hibernate.SQL                        : [1ebcb3be-4394-4cc6-9883-7000c759aabc | ] 
    select
        r1_0.id,
        r1_0.created_at,
        r1_0.description,
        r1_0.name 
    from
        public.roles r1_0 
    where
        r1_0.name=?
2026-07-12 10:24:26.035 DEBUG 18024 --- [main] org.hibernate.SQL                        : [1ebcb3be-4394-4cc6-9883-7000c759aabc | ] 
    insert 
    into
        public.users
        (created_at, email, enabled, first_name, last_name, password_hash, updated_at, username, id) 
    values
        (?, ?, ?, ?, ?, ?, ?, ?, default)
2026-07-12 10:24:26.037  INFO 18024 --- [main] c.f.modules.auth.service.AuthService     : [1ebcb3be-4394-4cc6-9883-7000c759aabc | ] Successfully registered user: alicesmith with ID: 9
2026-07-12 10:24:26.048 DEBUG 18024 --- [main] org.hibernate.SQL                        : [88cbacc4-0a5e-484d-8163-d9027aa81edd | ] 
    select
        u1_0.id,
        u1_0.created_at,
        u1_0.email,
        u1_0.enabled,
        u1_0.first_name,
        u1_0.last_name,
        u1_0.password_hash,
        u1_0.updated_at,
        u1_0.username 
    from
        public.users u1_0 
    where
        u1_0.username=?
2026-07-12 10:24:26.052 DEBUG 18024 --- [main] org.hibernate.SQL                        : [88cbacc4-0a5e-484d-8163-d9027aa81edd | ] 
    select
        u1_0.id,
        u1_0.created_at,
        u1_0.email,
        u1_0.enabled,
        u1_0.first_name,
        u1_0.last_name,
        u1_0.password_hash,
        u1_0.updated_at,
        u1_0.username 
    from
        public.users u1_0 
    where
        u1_0.username=?
2026-07-12 10:24:26.612 DEBUG 18024 --- [main] org.hibernate.SQL                        : [88cbacc4-0a5e-484d-8163-d9027aa81edd | ] 
    delete 
    from
        public.refresh_tokens rt1_0 
    where
        rt1_0.expires_at<?
2026-07-12 10:24:26.617 DEBUG 18024 --- [main] org.hibernate.SQL                        : [88cbacc4-0a5e-484d-8163-d9027aa81edd | ] 
    insert 
    into
        public.refresh_tokens
        (created_at, expires_at, revoked, token_hash, user_id, id) 
    values
        (?, ?, ?, ?, ?, default)
2026-07-12 10:24:26.619  INFO 18024 --- [main] c.f.modules.auth.service.AuthService     : [88cbacc4-0a5e-484d-8163-d9027aa81edd | ] User 'alicesmith' (ID: 9) logged in successfully
2026-07-12 10:24:26.785 DEBUG 18024 --- [main] org.hibernate.SQL                        : [ | ] 
    select
        count(*) 
    from
        public.refresh_tokens rt1_0
2026-07-12 10:24:26.802 DEBUG 18024 --- [main] org.hibernate.SQL                        : [ | ] 
    select
        rt1_0.id,
        rt1_0.created_at,
        rt1_0.expires_at,
        rt1_0.revoked,
        rt1_0.token_hash,
        rt1_0.user_id 
    from
        public.refresh_tokens rt1_0
2026-07-12 10:24:26.822 DEBUG 18024 --- [main] org.hibernate.SQL                        : [ | ] 
    select
        rt1_0.id,
        rt1_0.created_at,
        rt1_0.expires_at,
        rt1_0.revoked,
        rt1_0.token_hash,
        rt1_0.user_id 
    from
        public.refresh_tokens rt1_0
2026-07-12 10:24:26.825 DEBUG 18024 --- [main] org.hibernate.SQL                        : [ | ] 
    select
        u1_0.id,
        u1_0.created_at,
        u1_0.email,
        u1_0.enabled,
        u1_0.first_name,
        u1_0.last_name,
        u1_0.password_hash,
        u1_0.updated_at,
        u1_0.username 
    from
        public.users u1_0
2026-07-12 10:24:26.826 DEBUG 18024 --- [main] org.hibernate.SQL                        : [ | ] 
    select
        r1_0.id,
        r1_0.created_at,
        r1_0.description,
        r1_0.name 
    from
        public.roles r1_0
2026-07-12 10:24:26.829 DEBUG 18024 --- [main] org.hibernate.SQL                        : [ | ] 
    insert 
    into
        public.roles
        (created_at, description, name, id) 
    values
        (?, ?, ?, default)
2026-07-12 10:24:26.838 DEBUG 18024 --- [main] c.f.modules.auth.service.AuthService     : [78a81c49-bb65-4616-9d30-184f87bb7284 | ] Attempting to register new user: alicesmith
2026-07-12 10:24:26.840 DEBUG 18024 --- [main] org.hibernate.SQL                        : [78a81c49-bb65-4616-9d30-184f87bb7284 | ] 
    select
        u1_0.id 
    from
        public.users u1_0 
    where
        u1_0.username=? 
    fetch
        first ? rows only
2026-07-12 10:24:26.844 DEBUG 18024 --- [main] org.hibernate.SQL                        : [78a81c49-bb65-4616-9d30-184f87bb7284 | ] 
    select
        u1_0.id 
    from
        public.users u1_0 
    where
        u1_0.email=? 
    fetch
        first ? rows only
2026-07-12 10:24:26.846 DEBUG 18024 --- [main] org.hibernate.SQL                        : [78a81c49-bb65-4616-9d30-184f87bb7284 | ] 
    select
        r1_0.id,
        r1_0.created_at,
        r1_0.description,
        r1_0.name 
    from
        public.roles r1_0 
    where
        r1_0.name=?
2026-07-12 10:24:27.394 DEBUG 18024 --- [main] org.hibernate.SQL                        : [78a81c49-bb65-4616-9d30-184f87bb7284 | ] 
    insert 
    into
        public.users
        (created_at, email, enabled, first_name, last_name, password_hash, updated_at, username, id) 
    values
        (?, ?, ?, ?, ?, ?, ?, ?, default)
2026-07-12 10:24:27.397  INFO 18024 --- [main] c.f.modules.auth.service.AuthService     : [78a81c49-bb65-4616-9d30-184f87bb7284 | ] Successfully registered user: alicesmith with ID: 10
2026-07-12 10:24:27.406 DEBUG 18024 --- [main] org.hibernate.SQL                        : [2043ed9b-e34f-425b-b039-fa0e5f883572 | ] 
    select
        u1_0.id,
        u1_0.created_at,
        u1_0.email,
        u1_0.enabled,
        u1_0.first_name,
        u1_0.last_name,
        u1_0.password_hash,
        u1_0.updated_at,
        u1_0.username 
    from
        public.users u1_0 
    where
        u1_0.username=?
2026-07-12 10:24:27.410 DEBUG 18024 --- [main] org.hibernate.SQL                        : [2043ed9b-e34f-425b-b039-fa0e5f883572 | ] 
    select
        u1_0.id,
        u1_0.created_at,
        u1_0.email,
        u1_0.enabled,
        u1_0.first_name,
        u1_0.last_name,
        u1_0.password_hash,
        u1_0.updated_at,
        u1_0.username 
    from
        public.users u1_0 
    where
        u1_0.email=?
2026-07-12 10:24:27.412  WARN 18024 --- [main] c.f.c.exception.GlobalExceptionHandler   : [2043ed9b-e34f-425b-b039-fa0e5f883572 | ] Domain exception on /api/v1/auth/login: INVALID_CREDENTIALS - Invalid username/email or password
2026-07-12 10:24:27.428 DEBUG 18024 --- [main] org.hibernate.SQL                        : [ | ] 
    select
        rt1_0.id,
        rt1_0.created_at,
        rt1_0.expires_at,
        rt1_0.revoked,
        rt1_0.token_hash,
        rt1_0.user_id 
    from
        public.refresh_tokens rt1_0
2026-07-12 10:24:27.431 DEBUG 18024 --- [main] org.hibernate.SQL                        : [ | ] 
    select
        u1_0.id,
        u1_0.created_at,
        u1_0.email,
        u1_0.enabled,
        u1_0.first_name,
        u1_0.last_name,
        u1_0.password_hash,
        u1_0.updated_at,
        u1_0.username 
    from
        public.users u1_0
2026-07-12 10:24:27.433 DEBUG 18024 --- [main] org.hibernate.SQL                        : [ | ] 
    select
        r1_0.id,
        r1_0.created_at,
        r1_0.description,
        r1_0.name 
    from
        public.roles r1_0
2026-07-12 10:24:27.434 DEBUG 18024 --- [main] org.hibernate.SQL                        : [ | ] 
    insert 
    into
        public.roles
        (created_at, description, name, id) 
    values
        (?, ?, ?, default)
2026-07-12 10:24:27.440 DEBUG 18024 --- [main] c.f.modules.auth.service.AuthService     : [65b74c54-5e97-4024-8adf-a13e410872a5 | ] Attempting to register new user: alicesmith
2026-07-12 10:24:27.442 DEBUG 18024 --- [main] org.hibernate.SQL                        : [65b74c54-5e97-4024-8adf-a13e410872a5 | ] 
    select
        u1_0.id 
    from
        public.users u1_0 
    where
        u1_0.username=? 
    fetch
        first ? rows only
2026-07-12 10:24:27.446 DEBUG 18024 --- [main] org.hibernate.SQL                        : [65b74c54-5e97-4024-8adf-a13e410872a5 | ] 
    select
        u1_0.id 
    from
        public.users u1_0 
    where
        u1_0.email=? 
    fetch
        first ? rows only
2026-07-12 10:24:27.449 DEBUG 18024 --- [main] org.hibernate.SQL                        : [65b74c54-5e97-4024-8adf-a13e410872a5 | ] 
    select
        r1_0.id,
        r1_0.created_at,
        r1_0.description,
        r1_0.name 
    from
        public.roles r1_0 
    where
        r1_0.name=?
2026-07-12 10:24:28.000 DEBUG 18024 --- [main] org.hibernate.SQL                        : [65b74c54-5e97-4024-8adf-a13e410872a5 | ] 
    insert 
    into
        public.users
        (created_at, email, enabled, first_name, last_name, password_hash, updated_at, username, id) 
    values
        (?, ?, ?, ?, ?, ?, ?, ?, default)
2026-07-12 10:24:28.003  INFO 18024 --- [main] c.f.modules.auth.service.AuthService     : [65b74c54-5e97-4024-8adf-a13e410872a5 | ] Successfully registered user: alicesmith with ID: 11
2026-07-12 10:24:28.013 DEBUG 18024 --- [main] org.hibernate.SQL                        : [ddb1dbda-dde9-4181-b067-1b0e636810f6 | ] 
    select
        u1_0.id,
        u1_0.created_at,
        u1_0.email,
        u1_0.enabled,
        u1_0.first_name,
        u1_0.last_name,
        u1_0.password_hash,
        u1_0.updated_at,
        u1_0.username 
    from
        public.users u1_0 
    where
        u1_0.username=?
2026-07-12 10:24:28.017 DEBUG 18024 --- [main] org.hibernate.SQL                        : [ddb1dbda-dde9-4181-b067-1b0e636810f6 | ] 
    select
        u1_0.id,
        u1_0.created_at,
        u1_0.email,
        u1_0.enabled,
        u1_0.first_name,
        u1_0.last_name,
        u1_0.password_hash,
        u1_0.updated_at,
        u1_0.username 
    from
        public.users u1_0 
    where
        u1_0.username=?
2026-07-12 10:24:28.561 DEBUG 18024 --- [main] c.f.modules.auth.service.AuthService     : [ddb1dbda-dde9-4181-b067-1b0e636810f6 | ] Authentication failure for identifier 'alicesmith': BadCredentialsException
2026-07-12 10:24:28.561  WARN 18024 --- [main] c.f.c.exception.GlobalExceptionHandler   : [ddb1dbda-dde9-4181-b067-1b0e636810f6 | ] Domain exception on /api/v1/auth/login: INVALID_CREDENTIALS - Invalid username/email or password
2026-07-12 10:24:28.571 DEBUG 18024 --- [main] org.hibernate.SQL                        : [05372f0f-5f28-4ee4-89f4-54f710960792 | ] 
    select
        u1_0.id,
        u1_0.created_at,
        u1_0.email,
        u1_0.enabled,
        u1_0.first_name,
        u1_0.last_name,
        u1_0.password_hash,
        u1_0.updated_at,
        u1_0.username 
    from
        public.users u1_0 
    where
        u1_0.username=?
2026-07-12 10:24:28.571 DEBUG 18024 --- [main] org.hibernate.SQL                        : [05372f0f-5f28-4ee4-89f4-54f710960792 | ] 
    select
        u1_0.id,
        u1_0.created_at,
        u1_0.email,
        u1_0.enabled,
        u1_0.first_name,
        u1_0.last_name,
        u1_0.password_hash,
        u1_0.updated_at,
        u1_0.username 
    from
        public.users u1_0 
    where
        u1_0.email=?
2026-07-12 10:24:28.576  WARN 18024 --- [main] c.f.c.exception.GlobalExceptionHandler   : [05372f0f-5f28-4ee4-89f4-54f710960792 | ] Domain exception on /api/v1/auth/login: INVALID_CREDENTIALS - Invalid username/email or password
2026-07-12 10:24:28.601 DEBUG 18024 --- [main] org.hibernate.SQL                        : [ | ] 
    select
        rt1_0.id,
        rt1_0.created_at,
        rt1_0.expires_at,
        rt1_0.revoked,
        rt1_0.token_hash,
        rt1_0.user_id 
    from
        public.refresh_tokens rt1_0
2026-07-12 10:24:28.605 DEBUG 18024 --- [main] org.hibernate.SQL                        : [ | ] 
    select
        u1_0.id,
        u1_0.created_at,
        u1_0.email,
        u1_0.enabled,
        u1_0.first_name,
        u1_0.last_name,
        u1_0.password_hash,
        u1_0.updated_at,
        u1_0.username 
    from
        public.users u1_0
2026-07-12 10:24:28.606 DEBUG 18024 --- [main] org.hibernate.SQL                        : [ | ] 
    select
        r1_0.id,
        r1_0.created_at,
        r1_0.description,
        r1_0.name 
    from
        public.roles r1_0
2026-07-12 10:24:28.609 DEBUG 18024 --- [main] org.hibernate.SQL                        : [ | ] 
    insert 
    into
        public.roles
        (created_at, description, name, id) 
    values
        (?, ?, ?, default)
2026-07-12 10:24:28.614 DEBUG 18024 --- [main] c.f.modules.auth.service.AuthService     : [01318c45-ceba-4c1b-9017-11ab619ead35 | ] Attempting to register new user: alicesmith
2026-07-12 10:24:28.616 DEBUG 18024 --- [main] org.hibernate.SQL                        : [01318c45-ceba-4c1b-9017-11ab619ead35 | ] 
    select
        u1_0.id 
    from
        public.users u1_0 
    where
        u1_0.username=? 
    fetch
        first ? rows only
2026-07-12 10:24:28.620 DEBUG 18024 --- [main] org.hibernate.SQL                        : [01318c45-ceba-4c1b-9017-11ab619ead35 | ] 
    select
        u1_0.id 
    from
        public.users u1_0 
    where
        u1_0.email=? 
    fetch
        first ? rows only
2026-07-12 10:24:28.622 DEBUG 18024 --- [main] org.hibernate.SQL                        : [01318c45-ceba-4c1b-9017-11ab619ead35 | ] 
    select
        r1_0.id,
        r1_0.created_at,
        r1_0.description,
        r1_0.name 
    from
        public.roles r1_0 
    where
        r1_0.name=?
2026-07-12 10:24:29.169 DEBUG 18024 --- [main] org.hibernate.SQL                        : [01318c45-ceba-4c1b-9017-11ab619ead35 | ] 
    insert 
    into
        public.users
        (created_at, email, enabled, first_name, last_name, password_hash, updated_at, username, id) 
    values
        (?, ?, ?, ?, ?, ?, ?, ?, default)
2026-07-12 10:24:29.171  INFO 18024 --- [main] c.f.modules.auth.service.AuthService     : [01318c45-ceba-4c1b-9017-11ab619ead35 | ] Successfully registered user: alicesmith with ID: 12
2026-07-12 10:24:29.179  WARN 18024 --- [main] c.f.c.exception.GlobalExceptionHandler   : [3a9a3e4e-c968-4e29-becd-0b0789000b23 | ] Validation failure on /api/v1/auth/login: {password=Password is required}
2026-07-12 10:24:29.195 DEBUG 18024 --- [main] org.hibernate.SQL                        : [ | ] 
    select
        rt1_0.id,
        rt1_0.created_at,
        rt1_0.expires_at,
        rt1_0.revoked,
        rt1_0.token_hash,
        rt1_0.user_id 
    from
        public.refresh_tokens rt1_0
2026-07-12 10:24:29.198 DEBUG 18024 --- [main] org.hibernate.SQL                        : [ | ] 
    select
        u1_0.id,
        u1_0.created_at,
        u1_0.email,
        u1_0.enabled,
        u1_0.first_name,
        u1_0.last_name,
        u1_0.password_hash,
        u1_0.updated_at,
        u1_0.username 
    from
        public.users u1_0
2026-07-12 10:24:29.200 DEBUG 18024 --- [main] org.hibernate.SQL                        : [ | ] 
    select
        r1_0.id,
        r1_0.created_at,
        r1_0.description,
        r1_0.name 
    from
        public.roles r1_0
2026-07-12 10:24:29.201 DEBUG 18024 --- [main] org.hibernate.SQL                        : [ | ] 
    insert 
    into
        public.roles
        (created_at, description, name, id) 
    values
        (?, ?, ?, default)
2026-07-12 10:24:29.207 DEBUG 18024 --- [main] c.f.modules.auth.service.AuthService     : [6bfdbe90-b7c1-458b-8865-4cf41cd20a33 | ] Attempting to register new user: alicesmith
2026-07-12 10:24:29.210 DEBUG 18024 --- [main] org.hibernate.SQL                        : [6bfdbe90-b7c1-458b-8865-4cf41cd20a33 | ] 
    select
        u1_0.id 
    from
        public.users u1_0 
    where
        u1_0.username=? 
    fetch
        first ? rows only
2026-07-12 10:24:29.213 DEBUG 18024 --- [main] org.hibernate.SQL                        : [6bfdbe90-b7c1-458b-8865-4cf41cd20a33 | ] 
    select
        u1_0.id 
    from
        public.users u1_0 
    where
        u1_0.email=? 
    fetch
        first ? rows only
2026-07-12 10:24:29.216 DEBUG 18024 --- [main] org.hibernate.SQL                        : [6bfdbe90-b7c1-458b-8865-4cf41cd20a33 | ] 
    select
        r1_0.id,
        r1_0.created_at,
        r1_0.description,
        r1_0.name 
    from
        public.roles r1_0 
    where
        r1_0.name=?
2026-07-12 10:24:29.761 DEBUG 18024 --- [main] org.hibernate.SQL                        : [6bfdbe90-b7c1-458b-8865-4cf41cd20a33 | ] 
    insert 
    into
        public.users
        (created_at, email, enabled, first_name, last_name, password_hash, updated_at, username, id) 
    values
        (?, ?, ?, ?, ?, ?, ?, ?, default)
2026-07-12 10:24:29.763  INFO 18024 --- [main] c.f.modules.auth.service.AuthService     : [6bfdbe90-b7c1-458b-8865-4cf41cd20a33 | ] Successfully registered user: alicesmith with ID: 13
2026-07-12 10:24:29.772 DEBUG 18024 --- [main] org.hibernate.SQL                        : [bce92fd8-8b4d-4f18-9bc9-11588cb6571f | ] 
    select
        u1_0.id,
        u1_0.created_at,
        u1_0.email,
        u1_0.enabled,
        u1_0.first_name,
        u1_0.last_name,
        u1_0.password_hash,
        u1_0.updated_at,
        u1_0.username 
    from
        public.users u1_0 
    where
        u1_0.username=?
2026-07-12 10:24:29.779 DEBUG 18024 --- [main] org.hibernate.SQL                        : [bce92fd8-8b4d-4f18-9bc9-11588cb6571f | ] 
    select
        u1_0.id,
        u1_0.created_at,
        u1_0.email,
        u1_0.enabled,
        u1_0.first_name,
        u1_0.last_name,
        u1_0.password_hash,
        u1_0.updated_at,
        u1_0.username 
    from
        public.users u1_0 
    where
        u1_0.email=?
2026-07-12 10:24:29.780  WARN 18024 --- [main] c.f.c.exception.GlobalExceptionHandler   : [bce92fd8-8b4d-4f18-9bc9-11588cb6571f | ] Domain exception on /api/v1/auth/login: INVALID_CREDENTIALS - Invalid username/email or password
2026-07-12 10:24:29.797 DEBUG 18024 --- [main] org.hibernate.SQL                        : [ | ] 
    select
        rt1_0.id,
        rt1_0.created_at,
        rt1_0.expires_at,
        rt1_0.revoked,
        rt1_0.token_hash,
        rt1_0.user_id 
    from
        public.refresh_tokens rt1_0
2026-07-12 10:24:29.799 DEBUG 18024 --- [main] org.hibernate.SQL                        : [ | ] 
    select
        u1_0.id,
        u1_0.created_at,
        u1_0.email,
        u1_0.enabled,
        u1_0.first_name,
        u1_0.last_name,
        u1_0.password_hash,
        u1_0.updated_at,
        u1_0.username 
    from
        public.users u1_0
2026-07-12 10:24:29.801 DEBUG 18024 --- [main] org.hibernate.SQL                        : [ | ] 
    select
        r1_0.id,
        r1_0.created_at,
        r1_0.description,
        r1_0.name 
    from
        public.roles r1_0
2026-07-12 10:24:29.801 DEBUG 18024 --- [main] org.hibernate.SQL                        : [ | ] 
    insert 
    into
        public.roles
        (created_at, description, name, id) 
    values
        (?, ?, ?, default)
2026-07-12 10:24:29.808 DEBUG 18024 --- [main] c.f.modules.auth.service.AuthService     : [02430937-f1bb-4623-8bbf-d6357e98b171 | ] Attempting to register new user: alicesmith
2026-07-12 10:24:29.810 DEBUG 18024 --- [main] org.hibernate.SQL                        : [02430937-f1bb-4623-8bbf-d6357e98b171 | ] 
    select
        u1_0.id 
    from
        public.users u1_0 
    where
        u1_0.username=? 
    fetch
        first ? rows only
2026-07-12 10:24:29.814 DEBUG 18024 --- [main] org.hibernate.SQL                        : [02430937-f1bb-4623-8bbf-d6357e98b171 | ] 
    select
        u1_0.id 
    from
        public.users u1_0 
    where
        u1_0.email=? 
    fetch
        first ? rows only
2026-07-12 10:24:29.816 DEBUG 18024 --- [main] org.hibernate.SQL                        : [02430937-f1bb-4623-8bbf-d6357e98b171 | ] 
    select
        r1_0.id,
        r1_0.created_at,
        r1_0.description,
        r1_0.name 
    from
        public.roles r1_0 
    where
        r1_0.name=?
2026-07-12 10:24:30.361 DEBUG 18024 --- [main] org.hibernate.SQL                        : [02430937-f1bb-4623-8bbf-d6357e98b171 | ] 
    insert 
    into
        public.users
        (created_at, email, enabled, first_name, last_name, password_hash, updated_at, username, id) 
    values
        (?, ?, ?, ?, ?, ?, ?, ?, default)
2026-07-12 10:24:30.363  INFO 18024 --- [main] c.f.modules.auth.service.AuthService     : [02430937-f1bb-4623-8bbf-d6357e98b171 | ] Successfully registered user: alicesmith with ID: 14
2026-07-12 10:24:30.371 DEBUG 18024 --- [main] org.hibernate.SQL                        : [f5e11d5d-2f5e-45cf-8091-f859e2ab027c | ] 
    select
        u1_0.id,
        u1_0.created_at,
        u1_0.email,
        u1_0.enabled,
        u1_0.first_name,
        u1_0.last_name,
        u1_0.password_hash,
        u1_0.updated_at,
        u1_0.username 
    from
        public.users u1_0 
    where
        u1_0.username=?
2026-07-12 10:24:30.375 DEBUG 18024 --- [main] org.hibernate.SQL                        : [f5e11d5d-2f5e-45cf-8091-f859e2ab027c | ] 
    select
        u1_0.id,
        u1_0.created_at,
        u1_0.email,
        u1_0.enabled,
        u1_0.first_name,
        u1_0.last_name,
        u1_0.password_hash,
        u1_0.updated_at,
        u1_0.username 
    from
        public.users u1_0 
    where
        u1_0.email=?
2026-07-12 10:24:30.378 DEBUG 18024 --- [main] org.hibernate.SQL                        : [f5e11d5d-2f5e-45cf-8091-f859e2ab027c | ] 
    select
        u1_0.id,
        u1_0.created_at,
        u1_0.email,
        u1_0.enabled,
        u1_0.first_name,
        u1_0.last_name,
        u1_0.password_hash,
        u1_0.updated_at,
        u1_0.username 
    from
        public.users u1_0 
    where
        u1_0.username=?
2026-07-12 10:24:30.933 DEBUG 18024 --- [main] org.hibernate.SQL                        : [f5e11d5d-2f5e-45cf-8091-f859e2ab027c | ] 
    delete 
    from
        public.refresh_tokens rt1_0 
    where
        rt1_0.expires_at<?
2026-07-12 10:24:30.936 DEBUG 18024 --- [main] org.hibernate.SQL                        : [f5e11d5d-2f5e-45cf-8091-f859e2ab027c | ] 
    insert 
    into
        public.refresh_tokens
        (created_at, expires_at, revoked, token_hash, user_id, id) 
    values
        (?, ?, ?, ?, ?, default)
2026-07-12 10:24:30.938  INFO 18024 --- [main] c.f.modules.auth.service.AuthService     : [f5e11d5d-2f5e-45cf-8091-f859e2ab027c | ] User 'alicesmith' (ID: 14) logged in successfully
2026-07-12 10:24:30.954 DEBUG 18024 --- [main] org.hibernate.SQL                        : [ | ] 
    select
        rt1_0.id,
        rt1_0.created_at,
        rt1_0.expires_at,
        rt1_0.revoked,
        rt1_0.token_hash,
        rt1_0.user_id 
    from
        public.refresh_tokens rt1_0
2026-07-12 10:24:30.956 DEBUG 18024 --- [main] org.hibernate.SQL                        : [ | ] 
    select
        u1_0.id,
        u1_0.created_at,
        u1_0.email,
        u1_0.enabled,
        u1_0.first_name,
        u1_0.last_name,
        u1_0.password_hash,
        u1_0.updated_at,
        u1_0.username 
    from
        public.users u1_0
2026-07-12 10:24:30.959 DEBUG 18024 --- [main] org.hibernate.SQL                        : [ | ] 
    select
        r1_0.id,
        r1_0.created_at,
        r1_0.description,
        r1_0.name 
    from
        public.roles r1_0
2026-07-12 10:24:30.960 DEBUG 18024 --- [main] org.hibernate.SQL                        : [ | ] 
    insert 
    into
        public.roles
        (created_at, description, name, id) 
    values
        (?, ?, ?, default)
2026-07-12 10:24:30.966 DEBUG 18024 --- [main] c.f.modules.auth.service.AuthService     : [d60c77ab-aea7-48cf-8c5c-1a4e407ee196 | ] Attempting to register new user: alicesmith
2026-07-12 10:24:30.969 DEBUG 18024 --- [main] org.hibernate.SQL                        : [d60c77ab-aea7-48cf-8c5c-1a4e407ee196 | ] 
    select
        u1_0.id 
    from
        public.users u1_0 
    where
        u1_0.username=? 
    fetch
        first ? rows only
2026-07-12 10:24:30.971 DEBUG 18024 --- [main] org.hibernate.SQL                        : [d60c77ab-aea7-48cf-8c5c-1a4e407ee196 | ] 
    select
        u1_0.id 
    from
        public.users u1_0 
    where
        u1_0.email=? 
    fetch
        first ? rows only
2026-07-12 10:24:30.974 DEBUG 18024 --- [main] org.hibernate.SQL                        : [d60c77ab-aea7-48cf-8c5c-1a4e407ee196 | ] 
    select
        r1_0.id,
        r1_0.created_at,
        r1_0.description,
        r1_0.name 
    from
        public.roles r1_0 
    where
        r1_0.name=?
2026-07-12 10:24:31.527 DEBUG 18024 --- [main] org.hibernate.SQL                        : [d60c77ab-aea7-48cf-8c5c-1a4e407ee196 | ] 
    insert 
    into
        public.users
        (created_at, email, enabled, first_name, last_name, password_hash, updated_at, username, id) 
    values
        (?, ?, ?, ?, ?, ?, ?, ?, default)
2026-07-12 10:24:31.529  INFO 18024 --- [main] c.f.modules.auth.service.AuthService     : [d60c77ab-aea7-48cf-8c5c-1a4e407ee196 | ] Successfully registered user: alicesmith with ID: 15
2026-07-12 10:24:31.539 DEBUG 18024 --- [main] org.hibernate.SQL                        : [592cb51e-16fc-4c78-a4ca-a8e509b9ef77 | ] 
    select
        u1_0.id,
        u1_0.created_at,
        u1_0.email,
        u1_0.enabled,
        u1_0.first_name,
        u1_0.last_name,
        u1_0.password_hash,
        u1_0.updated_at,
        u1_0.username 
    from
        public.users u1_0 
    where
        u1_0.username=?
2026-07-12 10:24:31.542 DEBUG 18024 --- [main] org.hibernate.SQL                        : [592cb51e-16fc-4c78-a4ca-a8e509b9ef77 | ] 
    select
        u1_0.id,
        u1_0.created_at,
        u1_0.email,
        u1_0.enabled,
        u1_0.first_name,
        u1_0.last_name,
        u1_0.password_hash,
        u1_0.updated_at,
        u1_0.username 
    from
        public.users u1_0 
    where
        u1_0.username=?
2026-07-12 10:24:32.094 DEBUG 18024 --- [main] org.hibernate.SQL                        : [592cb51e-16fc-4c78-a4ca-a8e509b9ef77 | ] 
    delete 
    from
        public.refresh_tokens rt1_0 
    where
        rt1_0.expires_at<?
2026-07-12 10:24:32.095 DEBUG 18024 --- [main] org.hibernate.SQL                        : [592cb51e-16fc-4c78-a4ca-a8e509b9ef77 | ] 
    insert 
    into
        public.refresh_tokens
        (created_at, expires_at, revoked, token_hash, user_id, id) 
    values
        (?, ?, ?, ?, ?, default)
2026-07-12 10:24:32.096  INFO 18024 --- [main] c.f.modules.auth.service.AuthService     : [592cb51e-16fc-4c78-a4ca-a8e509b9ef77 | ] User 'alicesmith' (ID: 15) logged in successfully
2026-07-12 10:24:32.112 DEBUG 18024 --- [main] org.hibernate.SQL                        : [ | ] 
    select
        rt1_0.id,
        rt1_0.created_at,
        rt1_0.expires_at,
        rt1_0.revoked,
        rt1_0.token_hash,
        rt1_0.user_id 
    from
        public.refresh_tokens rt1_0
2026-07-12 10:24:32.115 DEBUG 18024 --- [main] org.hibernate.SQL                        : [ | ] 
    select
        u1_0.id,
        u1_0.created_at,
        u1_0.email,
        u1_0.enabled,
        u1_0.first_name,
        u1_0.last_name,
        u1_0.password_hash,
        u1_0.updated_at,
        u1_0.username 
    from
        public.users u1_0
2026-07-12 10:24:32.117 DEBUG 18024 --- [main] org.hibernate.SQL                        : [ | ] 
    select
        r1_0.id,
        r1_0.created_at,
        r1_0.description,
        r1_0.name 
    from
        public.roles r1_0
2026-07-12 10:24:32.118 DEBUG 18024 --- [main] org.hibernate.SQL                        : [ | ] 
    insert 
    into
        public.roles
        (created_at, description, name, id) 
    values
        (?, ?, ?, default)
2026-07-12 10:24:32.125 DEBUG 18024 --- [main] c.f.modules.auth.service.AuthService     : [c8c8e085-fac5-4f6a-ac65-b4ea132fbb80 | ] Attempting to register new user: alicesmith
2026-07-12 10:24:32.127 DEBUG 18024 --- [main] org.hibernate.SQL                        : [c8c8e085-fac5-4f6a-ac65-b4ea132fbb80 | ] 
    select
        u1_0.id 
    from
        public.users u1_0 
    where
        u1_0.username=? 
    fetch
        first ? rows only
2026-07-12 10:24:32.130 DEBUG 18024 --- [main] org.hibernate.SQL                        : [c8c8e085-fac5-4f6a-ac65-b4ea132fbb80 | ] 
    select
        u1_0.id 
    from
        public.users u1_0 
    where
        u1_0.email=? 
    fetch
        first ? rows only
2026-07-12 10:24:32.133 DEBUG 18024 --- [main] org.hibernate.SQL                        : [c8c8e085-fac5-4f6a-ac65-b4ea132fbb80 | ] 
    select
        r1_0.id,
        r1_0.created_at,
        r1_0.description,
        r1_0.name 
    from
        public.roles r1_0 
    where
        r1_0.name=?
2026-07-12 10:24:32.678 DEBUG 18024 --- [main] org.hibernate.SQL                        : [c8c8e085-fac5-4f6a-ac65-b4ea132fbb80 | ] 
    insert 
    into
        public.users
        (created_at, email, enabled, first_name, last_name, password_hash, updated_at, username, id) 
    values
        (?, ?, ?, ?, ?, ?, ?, ?, default)
2026-07-12 10:24:32.680  INFO 18024 --- [main] c.f.modules.auth.service.AuthService     : [c8c8e085-fac5-4f6a-ac65-b4ea132fbb80 | ] Successfully registered user: alicesmith with ID: 16
2026-07-12 10:24:32.690 DEBUG 18024 --- [main] org.hibernate.SQL                        : [52cdd14e-9663-496c-885d-aedabc637d6c | ] 
    select
        u1_0.id,
        u1_0.created_at,
        u1_0.email,
        u1_0.enabled,
        u1_0.first_name,
        u1_0.last_name,
        u1_0.password_hash,
        u1_0.updated_at,
        u1_0.username 
    from
        public.users u1_0 
    where
        u1_0.username=?
2026-07-12 10:24:32.695 DEBUG 18024 --- [main] org.hibernate.SQL                        : [52cdd14e-9663-496c-885d-aedabc637d6c | ] 
    select
        u1_0.id,
        u1_0.created_at,
        u1_0.email,
        u1_0.enabled,
        u1_0.first_name,
        u1_0.last_name,
        u1_0.password_hash,
        u1_0.updated_at,
        u1_0.username 
    from
        public.users u1_0 
    where
        u1_0.username=?
2026-07-12 10:24:33.244 DEBUG 18024 --- [main] c.f.modules.auth.service.AuthService     : [52cdd14e-9663-496c-885d-aedabc637d6c | ] Authentication failure for identifier 'alicesmith': BadCredentialsException
2026-07-12 10:24:33.244  WARN 18024 --- [main] c.f.c.exception.GlobalExceptionHandler   : [52cdd14e-9663-496c-885d-aedabc637d6c | ] Domain exception on /api/v1/auth/login: INVALID_CREDENTIALS - Invalid username/email or password
2026-07-12 10:24:33.455  INFO 18024 --- [main] c.f.m.a.repository.RoleRepositoryTest    : [ | ] Starting RoleRepositoryTest using Java 21.0.11 with PID 18024 (started by varun in C:\Users\varun\OneDrive\Documents\flutter1\Forgemind\ForgeMind\backend)
2026-07-12 10:24:33.456 DEBUG 18024 --- [main] c.f.m.a.repository.RoleRepositoryTest    : [ | ] Running with Spring Boot v3.3.1, Spring v6.1.10
2026-07-12 10:24:33.456  INFO 18024 --- [main] c.f.m.a.repository.RoleRepositoryTest    : [ | ] The following 1 profile is active: "test"
2026-07-12 10:24:34.541 DEBUG 18024 --- [main] org.hibernate.SQL                        : [ | ] 
    drop table if exists public.activities cascade 
2026-07-12 10:24:34.542 DEBUG 18024 --- [main] org.hibernate.SQL                        : [ | ] 
    drop table if exists public.knowledge_chunks cascade 
2026-07-12 10:24:34.543 DEBUG 18024 --- [main] org.hibernate.SQL                        : [ | ] 
    drop table if exists public.knowledge_documents cascade 
2026-07-12 10:24:34.543 DEBUG 18024 --- [main] org.hibernate.SQL                        : [ | ] 
    drop table if exists public.projects cascade 
2026-07-12 10:24:34.543 DEBUG 18024 --- [main] org.hibernate.SQL                        : [ | ] 
    drop table if exists public.refresh_tokens cascade 
2026-07-12 10:24:34.543 DEBUG 18024 --- [main] org.hibernate.SQL                        : [ | ] 
    drop table if exists public.roles cascade 
2026-07-12 10:24:34.543 DEBUG 18024 --- [main] org.hibernate.SQL                        : [ | ] 
    drop table if exists public.tasks cascade 
2026-07-12 10:24:34.544 DEBUG 18024 --- [main] org.hibernate.SQL                        : [ | ] 
    drop table if exists public.team_members cascade 
2026-07-12 10:24:34.544 DEBUG 18024 --- [main] org.hibernate.SQL                        : [ | ] 
    drop table if exists public.teams cascade 
2026-07-12 10:24:34.544 DEBUG 18024 --- [main] org.hibernate.SQL                        : [ | ] 
    drop table if exists public.user_roles cascade 
2026-07-12 10:24:34.545 DEBUG 18024 --- [main] org.hibernate.SQL                        : [ | ] 
    drop table if exists public.users cascade 
2026-07-12 10:24:34.547 DEBUG 18024 --- [main] org.hibernate.SQL                        : [ | ] 
    create table public.activities (
        actor_id bigint not null,
        created_at timestamp(6) with time zone not null,
        id uuid not null,
        project_id uuid,
        task_id uuid,
        team_id uuid,
        message TEXT not null,
        metadata TEXT,
        activity_type enum ('PROJECT_CREATED','PROJECT_DELETED','PROJECT_UPDATED','TASK_ASSIGNED','TASK_COMPLETED','TASK_CREATED','TASK_DELETED','TASK_STATUS_CHANGED','TASK_UPDATED','TEAM_CREATED','TEAM_MEMBER_ADDED','TEAM_MEMBER_REMOVED','USER_UPDATED') not null,
        primary key (id)
    )
2026-07-12 10:24:34.550 DEBUG 18024 --- [main] org.hibernate.SQL                        : [ | ] 
    create table public.knowledge_chunks (
        chunk_index integer not null,
        created_at timestamp(6) with time zone not null,
        document_id uuid not null,
        id uuid not null,
        project_id uuid not null,
        chunk_text TEXT not null,
        metadata JSONB,
        source_id varchar(255) not null,
        source_type enum ('ACTIVITY','DOCUMENTATION','PROJECT','TASK','TEAM') not null,
        primary key (id)
    )
2026-07-12 10:24:34.552  WARN 18024 --- [main] o.h.t.s.i.ExceptionHandlerLoggedImpl     : [ | ] GenerationTarget encountered exception accepting command : Error executing DDL "
    create table public.knowledge_chunks (
        chunk_index integer not null,
        created_at timestamp(6) with time zone not null,
        document_id uuid not null,
        id uuid not null,
        project_id uuid not null,
        chunk_text TEXT not null,
        metadata JSONB,
        source_id varchar(255) not null,
        source_type enum ('ACTIVITY','DOCUMENTATION','PROJECT','TASK','TEAM') not null,
        primary key (id)
    )" via JDBC [Unknown data type: "JSONB";]

org.hibernate.tool.schema.spi.CommandAcceptanceException: Error executing DDL "
    create table public.knowledge_chunks (
        chunk_index integer not null,
        created_at timestamp(6) with time zone not null,
        document_id uuid not null,
        id uuid not null,
        project_id uuid not null,
        chunk_text TEXT not null,
        metadata JSONB,
        source_id varchar(255) not null,
        source_type enum ('ACTIVITY','DOCUMENTATION','PROJECT','TASK','TEAM') not null,
        primary key (id)
    )" via JDBC [Unknown data type: "JSONB";]
	at org.hibernate.tool.schema.internal.exec.GenerationTargetToDatabase.accept(GenerationTargetToDatabase.java:94)
	at org.hibernate.tool.schema.internal.Helper.applySqlString(Helper.java:233)
	at org.hibernate.tool.schema.internal.Helper.applySqlStrings(Helper.java:217)
	at org.hibernate.tool.schema.internal.SchemaCreatorImpl.createTables(SchemaCreatorImpl.java:428)
	at org.hibernate.tool.schema.internal.SchemaCreatorImpl.createSequencesTablesConstraints(SchemaCreatorImpl.java:344)
	at org.hibernate.tool.schema.internal.SchemaCreatorImpl.createFromMetadata(SchemaCreatorImpl.java:239)
	at org.hibernate.tool.schema.internal.SchemaCreatorImpl.performCreation(SchemaCreatorImpl.java:172)
	at org.hibernate.tool.schema.internal.SchemaCreatorImpl.doCreation(SchemaCreatorImpl.java:142)
	at org.hibernate.tool.schema.internal.SchemaCreatorImpl.doCreation(SchemaCreatorImpl.java:118)
	at org.hibernate.tool.schema.spi.SchemaManagementToolCoordinator.performDatabaseAction(SchemaManagementToolCoordinator.java:250)
	at org.hibernate.tool.schema.spi.SchemaManagementToolCoordinator.lambda$process$5(SchemaManagementToolCoordinator.java:144)
	at java.base/java.util.HashMap.forEach(HashMap.java:1429)
	at org.hibernate.tool.schema.spi.SchemaManagementToolCoordinator.process(SchemaManagementToolCoordinator.java:141)
	at org.hibernate.boot.internal.SessionFactoryObserverForSchemaExport.sessionFactoryCreated(SessionFactoryObserverForSchemaExport.java:37)
	at org.hibernate.internal.SessionFactoryObserverChain.sessionFactoryCreated(SessionFactoryObserverChain.java:35)
	at org.hibernate.internal.SessionFactoryImpl.<init>(SessionFactoryImpl.java:322)
	at org.hibernate.boot.internal.SessionFactoryBuilderImpl.build(SessionFactoryBuilderImpl.java:457)
	at org.hibernate.jpa.boot.internal.EntityManagerFactoryBuilderImpl.build(EntityManagerFactoryBuilderImpl.java:1506)
	at org.springframework.orm.jpa.vendor.SpringHibernateJpaPersistenceProvider.createContainerEntityManagerFactory(SpringHibernateJpaPersistenceProvider.java:75)
	at org.springframework.orm.jpa.LocalContainerEntityManagerFactoryBean.createNativeEntityManagerFactory(LocalContainerEntityManagerFactoryBean.java:390)
	at org.springframework.orm.jpa.AbstractEntityManagerFactoryBean.buildNativeEntityManagerFactory(AbstractEntityManagerFactoryBean.java:409)
	at org.springframework.orm.jpa.AbstractEntityManagerFactoryBean.afterPropertiesSet(AbstractEntityManagerFactoryBean.java:396)
	at org.springframework.orm.jpa.LocalContainerEntityManagerFactoryBean.afterPropertiesSet(LocalContainerEntityManagerFactoryBean.java:366)
	at org.springframework.beans.factory.support.AbstractAutowireCapableBeanFactory.invokeInitMethods(AbstractAutowireCapableBeanFactory.java:1835)
	at org.springframework.beans.factory.support.AbstractAutowireCapableBeanFactory.initializeBean(AbstractAutowireCapableBeanFactory.java:1784)
	at org.springframework.beans.factory.support.AbstractAutowireCapableBeanFactory.doCreateBean(AbstractAutowireCapableBeanFactory.java:600)
	at org.springframework.beans.factory.support.AbstractAutowireCapableBeanFactory.createBean(AbstractAutowireCapableBeanFactory.java:522)
	at org.springframework.beans.factory.support.AbstractBeanFactory.lambda$doGetBean$0(AbstractBeanFactory.java:337)
	at org.springframework.beans.factory.support.DefaultSingletonBeanRegistry.getSingleton(DefaultSingletonBeanRegistry.java:234)
	at org.springframework.beans.factory.support.AbstractBeanFactory.doGetBean(AbstractBeanFactory.java:335)
	at org.springframework.beans.factory.support.AbstractBeanFactory.getBean(AbstractBeanFactory.java:205)
	at org.springframework.context.support.AbstractApplicationContext.finishBeanFactoryInitialization(AbstractApplicationContext.java:952)
	at org.springframework.context.support.AbstractApplicationContext.refresh(AbstractApplicationContext.java:624)
	at org.springframework.boot.SpringApplication.refresh(SpringApplication.java:754)
	at org.springframework.boot.SpringApplication.refreshContext(SpringApplication.java:456)
	at org.springframework.boot.SpringApplication.run(SpringApplication.java:335)
	at org.springframework.boot.test.context.SpringBootContextLoader.lambda$loadContext$3(SpringBootContextLoader.java:137)
	at org.springframework.util.function.ThrowingSupplier.get(ThrowingSupplier.java:58)
	at org.springframework.util.function.ThrowingSupplier.get(ThrowingSupplier.java:46)
	at org.springframework.boot.SpringApplication.withHook(SpringApplication.java:1463)
	at org.springframework.boot.test.context.SpringBootContextLoader$ContextLoaderHook.run(SpringBootContextLoader.java:553)
	at org.springframework.boot.test.context.SpringBootContextLoader.loadContext(SpringBootContextLoader.java:137)
	at org.springframework.boot.test.context.SpringBootContextLoader.loadContext(SpringBootContextLoader.java:108)
	at org.springframework.test.context.cache.DefaultCacheAwareContextLoaderDelegate.loadContextInternal(DefaultCacheAwareContextLoaderDelegate.java:225)
	at org.springframework.test.context.cache.DefaultCacheAwareContextLoaderDelegate.loadContext(DefaultCacheAwareContextLoaderDelegate.java:152)
	at org.springframework.test.context.support.DefaultTestContext.getApplicationContext(DefaultTestContext.java:130)
	at org.springframework.test.context.support.DependencyInjectionTestExecutionListener.injectDependencies(DependencyInjectionTestExecutionListener.java:142)
	at org.springframework.test.context.support.DependencyInjectionTestExecutionListener.prepareTestInstance(DependencyInjectionTestExecutionListener.java:98)
	at org.springframework.test.context.TestContextManager.prepareTestInstance(TestContextManager.java:260)
	at org.springframework.test.context.junit.jupiter.SpringExtension.postProcessTestInstance(SpringExtension.java:163)
	at org.junit.jupiter.engine.descriptor.ClassBasedTestDescriptor.lambda$invokeTestInstancePostProcessors$10(ClassBasedTestDescriptor.java:378)
	at org.junit.jupiter.engine.descriptor.ClassBasedTestDescriptor.executeAndMaskThrowable(ClassBasedTestDescriptor.java:383)
	at org.junit.jupiter.engine.descriptor.ClassBasedTestDescriptor.lambda$invokeTestInstancePostProcessors$11(ClassBasedTestDescriptor.java:378)
	at java.base/java.util.stream.ReferencePipeline$3$1.accept(ReferencePipeline.java:197)
	at java.base/java.util.stream.ReferencePipeline$2$1.accept(ReferencePipeline.java:179)
	at java.base/java.util.ArrayList$ArrayListSpliterator.forEachRemaining(ArrayList.java:1708)
	at java.base/java.util.stream.AbstractPipeline.copyInto(AbstractPipeline.java:509)
	at java.base/java.util.stream.AbstractPipeline.wrapAndCopyInto(AbstractPipeline.java:499)
	at java.base/java.util.stream.StreamSpliterators$WrappingSpliterator.forEachRemaining(StreamSpliterators.java:310)
	at java.base/java.util.stream.Streams$ConcatSpliterator.forEachRemaining(Streams.java:735)
	at java.base/java.util.stream.Streams$ConcatSpliterator.forEachRemaining(Streams.java:734)
	at java.base/java.util.stream.ReferencePipeline$Head.forEach(ReferencePipeline.java:762)
	at org.junit.jupiter.engine.descriptor.ClassBasedTestDescriptor.invokeTestInstancePostProcessors(ClassBasedTestDescriptor.java:377)
	at org.junit.jupiter.engine.descriptor.ClassBasedTestDescriptor.lambda$instantiateAndPostProcessTestInstance$6(ClassBasedTestDescriptor.java:290)
	at org.junit.platform.engine.support.hierarchical.ThrowableCollector.execute(ThrowableCollector.java:73)
	at org.junit.jupiter.engine.descriptor.ClassBasedTestDescriptor.instantiateAndPostProcessTestInstance(ClassBasedTestDescriptor.java:289)
	at org.junit.jupiter.engine.descriptor.ClassBasedTestDescriptor.lambda$testInstancesProvider$4(ClassBasedTestDescriptor.java:279)
	at java.base/java.util.Optional.orElseGet(Optional.java:364)
	at org.junit.jupiter.engine.descriptor.ClassBasedTestDescriptor.lambda$testInstancesProvider$5(ClassBasedTestDescriptor.java:278)
	at org.junit.jupiter.engine.execution.TestInstancesProvider.getTestInstances(TestInstancesProvider.java:31)
	at org.junit.jupiter.engine.descriptor.TestMethodTestDescriptor.lambda$prepare$0(TestMethodTestDescriptor.java:106)
	at org.junit.platform.engine.support.hierarchical.ThrowableCollector.execute(ThrowableCollector.java:73)
	at org.junit.jupiter.engine.descriptor.TestMethodTestDescriptor.prepare(TestMethodTestDescriptor.java:105)
	at org.junit.jupiter.engine.descriptor.TestMethodTestDescriptor.prepare(TestMethodTestDescriptor.java:69)
	at org.junit.platform.engine.support.hierarchical.NodeTestTask.lambda$prepare$2(NodeTestTask.java:123)
	at org.junit.platform.engine.support.hierarchical.ThrowableCollector.execute(ThrowableCollector.java:73)
	at org.junit.platform.engine.support.hierarchical.NodeTestTask.prepare(NodeTestTask.java:123)
	at org.junit.platform.engine.support.hierarchical.NodeTestTask.execute(NodeTestTask.java:90)
	at java.base/java.util.ArrayList.forEach(ArrayList.java:1596)
	at org.junit.platform.engine.support.hierarchical.SameThreadHierarchicalTestExecutorService.invokeAll(SameThreadHierarchicalTestExecutorService.java:41)
	at org.junit.platform.engine.support.hierarchical.NodeTestTask.lambda$executeRecursively$6(NodeTestTask.java:155)
	at org.junit.platform.engine.support.hierarchical.ThrowableCollector.execute(ThrowableCollector.java:73)
	at org.junit.platform.engine.support.hierarchical.NodeTestTask.lambda$executeRecursively$8(NodeTestTask.java:141)
	at org.junit.platform.engine.support.hierarchical.Node.around(Node.java:137)
	at org.junit.platform.engine.support.hierarchical.NodeTestTask.lambda$executeRecursively$9(NodeTestTask.java:139)
	at org.junit.platform.engine.support.hierarchical.ThrowableCollector.execute(ThrowableCollector.java:73)
	at org.junit.platform.engine.support.hierarchical.NodeTestTask.executeRecursively(NodeTestTask.java:138)
	at org.junit.platform.engine.support.hierarchical.NodeTestTask.execute(NodeTestTask.java:95)
	at java.base/java.util.ArrayList.forEach(ArrayList.java:1596)
	at org.junit.platform.engine.support.hierarchical.SameThreadHierarchicalTestExecutorService.invokeAll(SameThreadHierarchicalTestExecutorService.java:41)
	at org.junit.platform.engine.support.hierarchical.NodeTestTask.lambda$executeRecursively$6(NodeTestTask.java:155)
	at org.junit.platform.engine.support.hierarchical.ThrowableCollector.execute(ThrowableCollector.java:73)
	at org.junit.platform.engine.support.hierarchical.NodeTestTask.lambda$executeRecursively$8(NodeTestTask.java:141)
	at org.junit.platform.engine.support.hierarchical.Node.around(Node.java:137)
	at org.junit.platform.engine.support.hierarchical.NodeTestTask.lambda$executeRecursively$9(NodeTestTask.java:139)
	at org.junit.platform.engine.support.hierarchical.ThrowableCollector.execute(ThrowableCollector.java:73)
	at org.junit.platform.engine.support.hierarchical.NodeTestTask.executeRecursively(NodeTestTask.java:138)
	at org.junit.platform.engine.support.hierarchical.NodeTestTask.execute(NodeTestTask.java:95)
	at org.junit.platform.engine.support.hierarchical.SameThreadHierarchicalTestExecutorService.submit(SameThreadHierarchicalTestExecutorService.java:35)
	at org.junit.platform.engine.support.hierarchical.HierarchicalTestExecutor.execute(HierarchicalTestExecutor.java:57)
	at org.junit.platform.engine.support.hierarchical.HierarchicalTestEngine.execute(HierarchicalTestEngine.java:54)
	at org.junit.platform.launcher.core.EngineExecutionOrchestrator.execute(EngineExecutionOrchestrator.java:198)
	at org.junit.platform.launcher.core.EngineExecutionOrchestrator.execute(EngineExecutionOrchestrator.java:169)
	at org.junit.platform.launcher.core.EngineExecutionOrchestrator.execute(EngineExecutionOrchestrator.java:93)
	at org.junit.platform.launcher.core.EngineExecutionOrchestrator.lambda$execute$0(EngineExecutionOrchestrator.java:58)
	at org.junit.platform.launcher.core.EngineExecutionOrchestrator.withInterceptedStreams(EngineExecutionOrchestrator.java:141)
	at org.junit.platform.launcher.core.EngineExecutionOrchestrator.execute(EngineExecutionOrchestrator.java:57)
	at org.junit.platform.launcher.core.DefaultLauncher.execute(DefaultLauncher.java:103)
	at org.junit.platform.launcher.core.DefaultLauncher.execute(DefaultLauncher.java:85)
	at org.junit.platform.launcher.core.DelegatingLauncher.execute(DelegatingLauncher.java:47)
	at org.apache.maven.surefire.junitplatform.LazyLauncher.execute(LazyLauncher.java:56)
	at org.apache.maven.surefire.junitplatform.JUnitPlatformProvider.execute(JUnitPlatformProvider.java:184)
	at org.apache.maven.surefire.junitplatform.JUnitPlatformProvider.invokeAllTests(JUnitPlatformProvider.java:148)
	at org.apache.maven.surefire.junitplatform.JUnitPlatformProvider.invoke(JUnitPlatformProvider.java:122)
	at org.apache.maven.surefire.booter.ForkedBooter.runSuitesInProcess(ForkedBooter.java:385)
	at org.apache.maven.surefire.booter.ForkedBooter.execute(ForkedBooter.java:162)
	at org.apache.maven.surefire.booter.ForkedBooter.run(ForkedBooter.java:507)
	at org.apache.maven.surefire.booter.ForkedBooter.main(ForkedBooter.java:495)
Caused by: org.h2.jdbc.JdbcSQLNonTransientException: Unknown data type: "JSONB"; SQL statement:

    create table public.knowledge_chunks (
        chunk_index integer not null,
        created_at timestamp(6) with time zone not null,
        document_id uuid not null,
        id uuid not null,
        project_id uuid not null,
        chunk_text TEXT not null,
        metadata JSONB,
        source_id varchar(255) not null,
        source_type enum ('ACTIVITY','DOCUMENTATION','PROJECT','TASK','TEAM') not null,
        primary key (id)
    ) [50004-224]
	at org.h2.message.DbException.getJdbcSQLException(DbException.java:566)
	at org.h2.message.DbException.getJdbcSQLException(DbException.java:489)
	at org.h2.message.DbException.get(DbException.java:223)
	at org.h2.message.DbException.get(DbException.java:199)
	at org.h2.command.Parser.readIfDataType1(Parser.java:5866)
	at org.h2.command.Parser.readIfDataType(Parser.java:5704)
	at org.h2.command.Parser.parseColumnWithType(Parser.java:5686)
	at org.h2.command.Parser.parseColumnForTable(Parser.java:5565)
	at org.h2.command.Parser.parseTableColumnDefinition(Parser.java:8999)
	at org.h2.command.Parser.parseCreateTable(Parser.java:8939)
	at org.h2.command.Parser.parseCreate(Parser.java:6404)
	at org.h2.command.Parser.parsePrepared(Parser.java:666)
	at org.h2.command.Parser.parse(Parser.java:592)
	at org.h2.command.Parser.parse(Parser.java:564)
	at org.h2.command.Parser.prepareCommand(Parser.java:483)
	at org.h2.engine.SessionLocal.prepareLocal(SessionLocal.java:639)
	at org.h2.engine.SessionLocal.prepareCommand(SessionLocal.java:559)
	at org.h2.jdbc.JdbcConnection.prepareCommand(JdbcConnection.java:1166)
	at org.h2.jdbc.JdbcStatement.executeInternal(JdbcStatement.java:245)
	at org.h2.jdbc.JdbcStatement.execute(JdbcStatement.java:231)
	at org.hibernate.tool.schema.internal.exec.GenerationTargetToDatabase.accept(GenerationTargetToDatabase.java:80)
	... 117 common frames omitted

2026-07-12 10:24:34.555 DEBUG 18024 --- [main] org.hibernate.SQL                        : [ | ] 
    create table public.knowledge_documents (
        chunk_count integer not null,
        created_at timestamp(6) with time zone not null,
        indexed_at timestamp(6) with time zone not null,
        updated_at timestamp(6) with time zone not null,
        id uuid not null,
        project_id uuid not null,
        checksum varchar(64),
        title varchar(500),
        source_id varchar(255) not null,
        source_type enum ('ACTIVITY','DOCUMENTATION','PROJECT','TASK','TEAM') not null,
        primary key (id)
    )
2026-07-12 10:24:34.558 DEBUG 18024 --- [main] org.hibernate.SQL                        : [ | ] 
    create table public.projects (
        created_at timestamp(6) with time zone not null,
        owner_id bigint not null,
        updated_at timestamp(6) with time zone not null,
        id uuid not null,
        name varchar(100) not null,
        description TEXT,
        status enum ('ACTIVE','ARCHIVED','COMPLETED') not null,
        primary key (id)
    )
2026-07-12 10:24:34.561 DEBUG 18024 --- [main] org.hibernate.SQL                        : [ | ] 
    create table public.refresh_tokens (
        revoked boolean not null,
        created_at timestamp(6) with time zone not null,
        expires_at timestamp(6) with time zone not null,
        id bigint generated by default as identity,
        user_id bigint not null,
        token_hash varchar(255) not null unique,
        primary key (id)
    )
2026-07-12 10:24:34.565 DEBUG 18024 --- [main] org.hibernate.SQL                        : [ | ] 
    create table public.roles (
        created_at timestamp(6) with time zone not null,
        id bigint generated by default as identity,
        name varchar(50) not null unique,
        description varchar(255),
        primary key (id)
    )
2026-07-12 10:24:34.568 DEBUG 18024 --- [main] org.hibernate.SQL                        : [ | ] 
    create table public.tasks (
        assignee_id bigint,
        created_at timestamp(6) with time zone not null,
        created_by bigint not null,
        due_date timestamp(6) with time zone,
        updated_at timestamp(6) with time zone not null,
        id uuid not null,
        project_id uuid not null,
        description TEXT,
        title varchar(255) not null,
        priority enum ('CRITICAL','HIGH','LOW','MEDIUM') not null,
        status enum ('BLOCKED','DONE','IN_PROGRESS','IN_REVIEW','TODO') not null,
        primary key (id)
    )
2026-07-12 10:24:34.571 DEBUG 18024 --- [main] org.hibernate.SQL                        : [ | ] 
    create table public.team_members (
        joined_at timestamp(6) with time zone not null,
        user_id bigint not null,
        id uuid not null,
        team_id uuid not null,
        role enum ('ADMIN','MEMBER','OWNER') not null,
        primary key (id),
        unique (team_id, user_id)
    )
2026-07-12 10:24:34.574 DEBUG 18024 --- [main] org.hibernate.SQL                        : [ | ] 
    create table public.teams (
        created_at timestamp(6) with time zone not null,
        updated_at timestamp(6) with time zone not null,
        id uuid not null,
        description TEXT,
        name varchar(255) not null,
        primary key (id)
    )
2026-07-12 10:24:34.576 DEBUG 18024 --- [main] org.hibernate.SQL                        : [ | ] 
    create table public.user_roles (
        role_id bigint not null,
        user_id bigint not null,
        primary key (role_id, user_id)
    )
2026-07-12 10:24:34.578 DEBUG 18024 --- [main] org.hibernate.SQL                        : [ | ] 
    create table public.users (
        enabled boolean not null,
        created_at timestamp(6) with time zone not null,
        id bigint generated by default as identity,
        updated_at timestamp(6) with time zone not null,
        username varchar(50) not null unique,
        first_name varchar(100) not null,
        last_name varchar(100) not null,
        email varchar(255) not null unique,
        password_hash varchar(255) not null,
        primary key (id)
    )
2026-07-12 10:24:34.581 DEBUG 18024 --- [main] org.hibernate.SQL                        : [ | ] 
    alter table if exists public.activities 
       add constraint FKmfjrc8jdvy0yrr7x67qmrxkue 
       foreign key (actor_id) 
       references public.users
2026-07-12 10:24:34.583 DEBUG 18024 --- [main] org.hibernate.SQL                        : [ | ] 
    alter table if exists public.projects 
       add constraint FKmueqy6cpcwpfl8gnnag4idjt9 
       foreign key (owner_id) 
       references public.users
2026-07-12 10:24:34.585 DEBUG 18024 --- [main] org.hibernate.SQL                        : [ | ] 
    alter table if exists public.refresh_tokens 
       add constraint FK1lih5y2npsf8u5o3vhdb9y0os 
       foreign key (user_id) 
       references public.users
2026-07-12 10:24:34.588 DEBUG 18024 --- [main] org.hibernate.SQL                        : [ | ] 
    alter table if exists public.tasks 
       add constraint FKekr1dgiqktpyoip3qmp6lxsit 
       foreign key (assignee_id) 
       references public.users
2026-07-12 10:24:34.590 DEBUG 18024 --- [main] org.hibernate.SQL                        : [ | ] 
    alter table if exists public.tasks 
       add constraint FK9dgm9t7wn4w3gh57h63g712lo 
       foreign key (created_by) 
       references public.users
2026-07-12 10:24:34.593 DEBUG 18024 --- [main] org.hibernate.SQL                        : [ | ] 
    alter table if exists public.tasks 
       add constraint FKsfhn82y57i3k9uxww1s007acc 
       foreign key (project_id) 
       references public.projects
2026-07-12 10:24:34.595 DEBUG 18024 --- [main] org.hibernate.SQL                        : [ | ] 
    alter table if exists public.team_members 
       add constraint FKtgca08el3ofisywcf11f0f76t 
       foreign key (team_id) 
       references public.teams
2026-07-12 10:24:34.599 DEBUG 18024 --- [main] org.hibernate.SQL                        : [ | ] 
    alter table if exists public.team_members 
       add constraint FKee8x7x5026imwmma9kndkxs36 
       foreign key (user_id) 
       references public.users
2026-07-12 10:24:34.601 DEBUG 18024 --- [main] org.hibernate.SQL                        : [ | ] 
    alter table if exists public.user_roles 
       add constraint FKh8ciramu9cc9q3qcqiv4ue8a6 
       foreign key (role_id) 
       references public.roles
2026-07-12 10:24:34.603 DEBUG 18024 --- [main] org.hibernate.SQL                        : [ | ] 
    alter table if exists public.user_roles 
       add constraint FKhfh9dx7w3ubf1co1vdev94g3f 
       foreign key (user_id) 
       references public.users
2026-07-12 10:24:34.887  INFO 18024 --- [main] c.f.m.a.repository.RoleRepositoryTest    : [ | ] Started RoleRepositoryTest in 1.511 seconds (process running for 55.607)
2026-07-12 10:24:34.907 DEBUG 18024 --- [main] org.hibernate.SQL                        : [ | ] 
    insert 
    into
        public.roles
        (created_at, description, name, id) 
    values
        (?, ?, ?, default)
2026-07-12 10:24:34.917 DEBUG 18024 --- [main] org.hibernate.SQL                        : [ | ] 
    select
        r1_0.id,
        r1_0.created_at,
        r1_0.description,
        r1_0.name 
    from
        public.roles r1_0 
    where
        r1_0.name=?
2026-07-12 10:24:34.930 DEBUG 18024 --- [main] org.hibernate.SQL                        : [ | ] 
    insert 
    into
        public.roles
        (created_at, description, name, id) 
    values
        (?, ?, ?, default)
2026-07-12 10:24:34.935 DEBUG 18024 --- [main] org.hibernate.SQL                        : [ | ] 
    select
        r1_0.id 
    from
        public.roles r1_0 
    where
        r1_0.name=? 
    fetch
        first ? rows only
2026-07-12 10:24:34.944 DEBUG 18024 --- [main] org.hibernate.SQL                        : [ | ] 
    insert 
    into
        public.roles
        (created_at, description, name, id) 
    values
        (?, ?, ?, default)
2026-07-12 10:24:34.948 DEBUG 18024 --- [main] org.hibernate.SQL                        : [ | ] 
    select
        r1_0.id,
        r1_0.created_at,
        r1_0.description,
        r1_0.name 
    from
        public.roles r1_0
2026-07-12 10:24:34.970 DEBUG 18024 --- [main] org.hibernate.SQL                        : [ | ] 
    insert 
    into
        public.roles
        (created_at, description, name, id) 
    values
        (?, ?, ?, default)
2026-07-12 10:24:34.974 DEBUG 18024 --- [main] org.hibernate.SQL                        : [ | ] 
    insert 
    into
        public.roles
        (created_at, description, name, id) 
    values
        (?, ?, ?, default)
2026-07-12 10:24:34.983 DEBUG 18024 --- [main] org.hibernate.SQL                        : [ | ] 
    insert 
    into
        public.roles
        (created_at, description, name, id) 
    values
        (?, ?, ?, default)
2026-07-12 10:24:34.988 DEBUG 18024 --- [main] org.hibernate.SQL                        : [ | ] 
    select
        r1_0.id,
        r1_0.created_at,
        r1_0.description,
        r1_0.name 
    from
        public.roles r1_0 
    where
        r1_0.name=?
2026-07-12 10:24:34.997 DEBUG 18024 --- [main] org.hibernate.SQL                        : [ | ] 
    insert 
    into
        public.roles
        (created_at, description, name, id) 
    values
        (?, ?, ?, default)
2026-07-12 10:24:35.001 DEBUG 18024 --- [main] org.hibernate.SQL                        : [ | ] 
    select
        r1_0.id 
    from
        public.roles r1_0 
    where
        r1_0.name=? 
    fetch
        first ? rows only
2026-07-12 10:24:35.039 DEBUG 18024 --- [main] org.hibernate.SQL                        : [ | ] 
    insert 
    into
        public.roles
        (created_at, description, name, id) 
    values
        (?, ?, ?, default)
2026-07-12 10:24:35.044 DEBUG 18024 --- [main] org.hibernate.SQL                        : [ | ] 
    insert 
    into
        public.users
        (created_at, email, enabled, first_name, last_name, password_hash, updated_at, username, id) 
    values
        (?, ?, ?, ?, ?, ?, ?, ?, default)
2026-07-12 10:24:35.049 DEBUG 18024 --- [main] org.hibernate.SQL                        : [ | ] 
    select
        u1_0.id,
        u1_0.created_at,
        u1_0.email,
        u1_0.enabled,
        u1_0.first_name,
        u1_0.last_name,
        u1_0.password_hash,
        u1_0.updated_at,
        u1_0.username 
    from
        public.users u1_0 
    where
        u1_0.username=?
2026-07-12 10:24:35.060 DEBUG 18024 --- [main] org.hibernate.SQL                        : [ | ] 
    insert 
    into
        public.roles
        (created_at, description, name, id) 
    values
        (?, ?, ?, default)
2026-07-12 10:24:35.064 DEBUG 18024 --- [main] org.hibernate.SQL                        : [ | ] 
    insert 
    into
        public.users
        (created_at, email, enabled, first_name, last_name, password_hash, updated_at, username, id) 
    values
        (?, ?, ?, ?, ?, ?, ?, ?, default)
2026-07-12 10:24:35.069 DEBUG 18024 --- [main] org.hibernate.SQL                        : [ | ] 
    select
        u1_0.id,
        u1_0.created_at,
        u1_0.email,
        u1_0.enabled,
        u1_0.first_name,
        u1_0.last_name,
        u1_0.password_hash,
        u1_0.updated_at,
        u1_0.username 
    from
        public.users u1_0 
    where
        u1_0.email=?
2026-07-12 10:24:35.080 DEBUG 18024 --- [main] org.hibernate.SQL                        : [ | ] 
    insert 
    into
        public.roles
        (created_at, description, name, id) 
    values
        (?, ?, ?, default)
2026-07-12 10:24:35.083 DEBUG 18024 --- [main] org.hibernate.SQL                        : [ | ] 
    insert 
    into
        public.users
        (created_at, email, enabled, first_name, last_name, password_hash, updated_at, username, id) 
    values
        (?, ?, ?, ?, ?, ?, ?, ?, default)
2026-07-12 10:24:35.088 DEBUG 18024 --- [main] org.hibernate.SQL                        : [ | ] 
    select
        u1_0.id,
        u1_0.created_at,
        u1_0.email,
        u1_0.enabled,
        u1_0.first_name,
        u1_0.last_name,
        u1_0.password_hash,
        u1_0.updated_at,
        u1_0.username 
    from
        public.users u1_0 
    where
        u1_0.username=?
2026-07-12 10:24:35.114 DEBUG 18024 --- [main] org.hibernate.SQL                        : [ | ] 
    insert 
    into
        public.roles
        (created_at, description, name, id) 
    values
        (?, ?, ?, default)
2026-07-12 10:24:35.118 DEBUG 18024 --- [main] org.hibernate.SQL                        : [ | ] 
    insert 
    into
        public.users
        (created_at, email, enabled, first_name, last_name, password_hash, updated_at, username, id) 
    values
        (?, ?, ?, ?, ?, ?, ?, ?, default)
2026-07-12 10:24:35.123 DEBUG 18024 --- [main] org.hibernate.SQL                        : [ | ] 
    select
        u1_0.id,
        u1_0.created_at,
        u1_0.email,
        u1_0.enabled,
        u1_0.first_name,
        u1_0.last_name,
        u1_0.password_hash,
        u1_0.updated_at,
        u1_0.username 
    from
        public.users u1_0 
    where
        u1_0.username=?
2026-07-12 10:24:35.134 DEBUG 18024 --- [main] org.hibernate.SQL                        : [ | ] 
    insert 
    into
        public.roles
        (created_at, description, name, id) 
    values
        (?, ?, ?, default)
2026-07-12 10:24:35.137 DEBUG 18024 --- [main] org.hibernate.SQL                        : [ | ] 
    insert 
    into
        public.users
        (created_at, email, enabled, first_name, last_name, password_hash, updated_at, username, id) 
    values
        (?, ?, ?, ?, ?, ?, ?, ?, default)
2026-07-12 10:24:35.142 DEBUG 18024 --- [main] org.hibernate.SQL                        : [ | ] 
    select
        u1_0.id 
    from
        public.users u1_0 
    where
        u1_0.email=? 
    fetch
        first ? rows only
2026-07-12 10:24:35.152 DEBUG 18024 --- [main] org.hibernate.SQL                        : [ | ] 
    insert 
    into
        public.roles
        (created_at, description, name, id) 
    values
        (?, ?, ?, default)
2026-07-12 10:24:35.155 DEBUG 18024 --- [main] org.hibernate.SQL                        : [ | ] 
    insert 
    into
        public.users
        (created_at, email, enabled, first_name, last_name, password_hash, updated_at, username, id) 
    values
        (?, ?, ?, ?, ?, ?, ?, ?, default)
2026-07-12 10:24:35.161 DEBUG 18024 --- [main] org.hibernate.SQL                        : [ | ] 
    select
        u1_0.id 
    from
        public.users u1_0 
    where
        u1_0.username=? 
    fetch
        first ? rows only
2026-07-12 10:24:35.172 DEBUG 18024 --- [main] org.hibernate.SQL                        : [ | ] 
    insert 
    into
        public.roles
        (created_at, description, name, id) 
    values
        (?, ?, ?, default)
2026-07-12 10:24:35.176 DEBUG 18024 --- [main] org.hibernate.SQL                        : [ | ] 
    insert 
    into
        public.users
        (created_at, email, enabled, first_name, last_name, password_hash, updated_at, username, id) 
    values
        (?, ?, ?, ?, ?, ?, ?, ?, default)
2026-07-12 10:24:35.180 DEBUG 18024 --- [main] org.hibernate.SQL                        : [ | ] 
    select
        u1_0.id 
    from
        public.users u1_0 
    where
        u1_0.email=? 
    fetch
        first ? rows only
2026-07-12 10:24:35.191 DEBUG 18024 --- [main] org.hibernate.SQL                        : [ | ] 
    insert 
    into
        public.roles
        (created_at, description, name, id) 
    values
        (?, ?, ?, default)
2026-07-12 10:24:35.195 DEBUG 18024 --- [main] org.hibernate.SQL                        : [ | ] 
    insert 
    into
        public.users
        (created_at, email, enabled, first_name, last_name, password_hash, updated_at, username, id) 
    values
        (?, ?, ?, ?, ?, ?, ?, ?, default)
2026-07-12 10:24:35.199 DEBUG 18024 --- [main] org.hibernate.SQL                        : [ | ] 
    select
        u1_0.id,
        u1_0.created_at,
        u1_0.email,
        u1_0.enabled,
        u1_0.first_name,
        u1_0.last_name,
        u1_0.password_hash,
        u1_0.updated_at,
        u1_0.username 
    from
        public.users u1_0 
    where
        u1_0.username=?
2026-07-12 10:24:35.208 DEBUG 18024 --- [main] org.hibernate.SQL                        : [ | ] 
    insert 
    into
        public.roles
        (created_at, description, name, id) 
    values
        (?, ?, ?, default)
2026-07-12 10:24:35.211 DEBUG 18024 --- [main] org.hibernate.SQL                        : [ | ] 
    insert 
    into
        public.users
        (created_at, email, enabled, first_name, last_name, password_hash, updated_at, username, id) 
    values
        (?, ?, ?, ?, ?, ?, ?, ?, default)
2026-07-12 10:24:35.215 DEBUG 18024 --- [main] org.hibernate.SQL                        : [ | ] 
    select
        u1_0.id 
    from
        public.users u1_0 
    where
        u1_0.username=? 
    fetch
        first ? rows only
2026-07-12 10:24:35.226 DEBUG 18024 --- [main] org.hibernate.SQL                        : [ | ] 
    insert 
    into
        public.roles
        (created_at, description, name, id) 
    values
        (?, ?, ?, default)
2026-07-12 10:24:35.230 DEBUG 18024 --- [main] org.hibernate.SQL                        : [ | ] 
    insert 
    into
        public.users
        (created_at, email, enabled, first_name, last_name, password_hash, updated_at, username, id) 
    values
        (?, ?, ?, ?, ?, ?, ?, ?, default)
2026-07-12 10:24:35.240 DEBUG 18024 --- [main] org.hibernate.SQL                        : [ | ] 
    select
        u1_0.id,
        u1_0.created_at,
        u1_0.email,
        u1_0.enabled,
        u1_0.first_name,
        u1_0.last_name,
        u1_0.password_hash,
        u1_0.updated_at,
        u1_0.username 
    from
        public.users u1_0 
    where
        u1_0.username=?
2026-07-12 10:24:35.254 DEBUG 18024 --- [main] org.hibernate.SQL                        : [ | ] 
    insert 
    into
        public.roles
        (created_at, description, name, id) 
    values
        (?, ?, ?, default)
2026-07-12 10:24:35.257 DEBUG 18024 --- [main] org.hibernate.SQL                        : [ | ] 
    insert 
    into
        public.users
        (created_at, email, enabled, first_name, last_name, password_hash, updated_at, username, id) 
    values
        (?, ?, ?, ?, ?, ?, ?, ?, default)
2026-07-12 10:24:35.268 DEBUG 18024 --- [main] org.hibernate.SQL                        : [ | ] 
    insert 
    into
        public.roles
        (created_at, description, name, id) 
    values
        (?, ?, ?, default)
2026-07-12 10:24:35.272 DEBUG 18024 --- [main] org.hibernate.SQL                        : [ | ] 
    insert 
    into
        public.users
        (created_at, email, enabled, first_name, last_name, password_hash, updated_at, username, id) 
    values
        (?, ?, ?, ?, ?, ?, ?, ?, default)
2026-07-12 10:24:35.276 DEBUG 18024 --- [main] org.hibernate.SQL                        : [ | ] 
    select
        u1_0.id,
        u1_0.created_at,
        u1_0.email,
        u1_0.enabled,
        u1_0.first_name,
        u1_0.last_name,
        u1_0.password_hash,
        u1_0.updated_at,
        u1_0.username 
    from
        public.users u1_0 
    where
        u1_0.email=?
2026-07-12 10:24:36.232  INFO 18024 --- [main] c.f.modules.auth.service.AuthService     : [ | ] User 'alicesmith' (ID: 1) logged in successfully
2026-07-12 10:24:36.243  INFO 18024 --- [main] c.f.modules.auth.service.AuthService     : [ | ] User 'alicesmith' (ID: 1) logged in successfully
2026-07-12 10:24:36.253  INFO 18024 --- [main] c.f.modules.auth.service.AuthService     : [ | ] User 'alicesmith' (ID: 1) logged in successfully
2026-07-12 10:24:36.276  INFO 18024 --- [main] c.f.modules.auth.service.AuthService     : [ | ] User 'alicesmith' (ID: 1) logged in successfully
2026-07-12 10:24:36.287  INFO 18024 --- [main] c.f.modules.auth.service.AuthService     : [ | ] User 'alicesmith' (ID: 1) logged in successfully
2026-07-12 10:24:36.310 DEBUG 18024 --- [main] c.f.modules.auth.service.AuthService     : [ | ] Authentication failure for identifier 'alicesmith': DisabledException
2026-07-12 10:24:36.323 DEBUG 18024 --- [main] c.f.modules.auth.service.AuthService     : [ | ] Authentication failure for identifier 'alicesmith': BadCredentialsException
2026-07-12 10:24:36.333  INFO 18024 --- [main] c.f.modules.auth.service.AuthService     : [ | ] User 'alicesmith' (ID: 1) logged in successfully
2026-07-12 10:24:36.353  INFO 18024 --- [main] c.f.modules.auth.service.AuthService     : [ | ] User 'alicesmith' (ID: 1) logged in successfully
2026-07-12 10:24:36.367 DEBUG 18024 --- [main] c.f.modules.auth.service.AuthService     : [ | ] Attempting to register new user: johndoe
2026-07-12 10:24:36.368  INFO 18024 --- [main] c.f.modules.auth.service.AuthService     : [ | ] Successfully registered user: johndoe with ID: 2
2026-07-12 10:24:36.374 DEBUG 18024 --- [main] c.f.modules.auth.service.AuthService     : [ | ] Attempting to register new user: johndoe
2026-07-12 10:24:36.375  INFO 18024 --- [main] c.f.modules.auth.service.AuthService     : [ | ] Successfully registered user: johndoe with ID: 3
2026-07-12 10:24:36.382 DEBUG 18024 --- [main] c.f.modules.auth.service.AuthService     : [ | ] Attempting to register new user: johndoe
2026-07-12 10:24:36.389 DEBUG 18024 --- [main] c.f.modules.auth.service.AuthService     : [ | ] Attempting to register new user: johndoe
2026-07-12 10:24:36.390  INFO 18024 --- [main] c.f.modules.auth.service.AuthService     : [ | ] Successfully registered user: johndoe with ID: 1
2026-07-12 10:24:36.396 DEBUG 18024 --- [main] c.f.modules.auth.service.AuthService     : [ | ] Attempting to register new user: johndoe
2026-07-12 10:24:36.406  INFO 18024 --- [main] c.f.m.auth.service.UserServiceImpl       : [ | ] User testuser updated their profile
2026-07-12 10:24:36.425  INFO 18024 --- [main] c.f.m.auth.service.UserServiceImpl       : [ | ] User testuser deactivated their account
2026-07-12 10:24:36.805  INFO 18024 --- [main] c.f.m.p.service.ProjectServiceImpl       : [ | ] Project updated: id=3f63bbc8-4902-4e8f-961c-f09bae8a0847, name=Test Project
2026-07-12 10:24:36.815  WARN 18024 --- [main] c.f.m.p.service.ProjectServiceImpl       : [ | ] Project not found: id=4c8a8063-8e44-4959-ac32-be30d5fafaf2
2026-07-12 10:24:36.821  WARN 18024 --- [main] c.f.m.p.service.ProjectServiceImpl       : [ | ] Access denied: User 2 attempted to modify Project 2f43f221-f36d-4a3f-9f4c-df431bee0722 owned by User 1
2026-07-12 10:24:36.828  INFO 18024 --- [main] c.f.m.p.service.ProjectServiceImpl       : [ | ] Project deleted: id=047d9520-b39c-4d66-8f4b-6d4e695352ab
2026-07-12 10:24:36.835  INFO 18024 --- [main] c.f.m.p.service.ProjectServiceImpl       : [ | ] Project created: id=450653c0-9e62-4e00-90b1-d1c2e42d2df6, name=Test Project
2026-07-12 10:24:37.111  INFO 18024 --- [main] c.f.m.task.service.TaskServiceImpl       : [ | ] Task created: id=5713e53d-3784-48b1-85f7-6fde4316e1da, title=Test Task, project=5677d2af-973b-4148-9b58-f3420f2c9024, by=1
2026-07-12 10:24:37.120  WARN 18024 --- [main] c.f.m.task.service.TaskServiceImpl       : [ | ] Unauthorized access: user=1 attempted action on project=090dfa99-625b-4d70-b57f-adf770e4a652 owned by=2
2026-07-12 10:24:37.127  INFO 18024 --- [main] c.f.m.task.service.TaskServiceImpl       : [ | ] Task deleted: id=7b033db3-83eb-4931-bd6a-4c0dd982505c, by=1
2026-07-12 10:24:37.133  WARN 18024 --- [main] c.f.m.task.service.TaskServiceImpl       : [ | ] Task not found: id=3eae37a3-69fc-44ab-968d-056fb440146d
2026-07-12 10:24:37.197  INFO 18024 --- [SpringApplicationShutdownHook] org.springframework.web.SimpLogging      : [ | ] Stopping...
2026-07-12 10:24:37.198  INFO 18024 --- [SpringApplicationShutdownHook] org.springframework.web.SimpLogging      : [ | ] BrokerAvailabilityEvent[available=false, SimpleBrokerMessageHandler [org.springframework.messaging.simp.broker.DefaultSubscriptionRegistry@41fd7740]]
2026-07-12 10:24:37.198  INFO 18024 --- [SpringApplicationShutdownHook] org.springframework.web.SimpLogging      : [ | ] Stopped.
2026-07-12 10:24:37.237 DEBUG 18024 --- [SpringApplicationShutdownHook] org.hibernate.SQL                        : [ | ] 
    drop table if exists public.activities cascade 
2026-07-12 10:24:37.239 DEBUG 18024 --- [SpringApplicationShutdownHook] org.hibernate.SQL                        : [ | ] 
    drop table if exists public.knowledge_chunks cascade 
2026-07-12 10:24:37.239 DEBUG 18024 --- [SpringApplicationShutdownHook] org.hibernate.SQL                        : [ | ] 
    drop table if exists public.knowledge_documents cascade 
2026-07-12 10:24:37.241 DEBUG 18024 --- [SpringApplicationShutdownHook] org.hibernate.SQL                        : [ | ] 
    drop table if exists public.projects cascade 
2026-07-12 10:24:37.241 DEBUG 18024 --- [SpringApplicationShutdownHook] org.hibernate.SQL                        : [ | ] 
    drop table if exists public.refresh_tokens cascade 
2026-07-12 10:24:37.260 DEBUG 18024 --- [SpringApplicationShutdownHook] org.hibernate.SQL                        : [ | ] 
    drop table if exists public.roles cascade 
2026-07-12 10:24:37.266 DEBUG 18024 --- [SpringApplicationShutdownHook] org.hibernate.SQL                        : [ | ] 
    drop table if exists public.tasks cascade 
2026-07-12 10:24:37.268 DEBUG 18024 --- [SpringApplicationShutdownHook] org.hibernate.SQL                        : [ | ] 
    drop table if exists public.team_members cascade 
2026-07-12 10:24:37.268 DEBUG 18024 --- [SpringApplicationShutdownHook] org.hibernate.SQL                        : [ | ] 
    drop table if exists public.teams cascade 
2026-07-12 10:24:37.270 DEBUG 18024 --- [SpringApplicationShutdownHook] org.hibernate.SQL                        : [ | ] 
    drop table if exists public.user_roles cascade 
2026-07-12 10:24:37.271 DEBUG 18024 --- [SpringApplicationShutdownHook] org.hibernate.SQL                        : [ | ] 
    drop table if exists public.users cascade 
2026-07-12 10:24:37.287  INFO 18024 --- [SpringApplicationShutdownHook] org.springframework.web.SimpLogging      : [ | ] Stopping...
2026-07-12 10:24:37.287  INFO 18024 --- [SpringApplicationShutdownHook] org.springframework.web.SimpLogging      : [ | ] BrokerAvailabilityEvent[available=false, SimpleBrokerMessageHandler [org.springframework.messaging.simp.broker.DefaultSubscriptionRegistry@7ae45908]]
2026-07-12 10:24:37.287  INFO 18024 --- [SpringApplicationShutdownHook] org.springframework.web.SimpLogging      : [ | ] Stopped.
2026-07-12 10:24:37.301 DEBUG 18024 --- [SpringApplicationShutdownHook] org.hibernate.SQL                        : [ | ] 
    drop table if exists public.activities cascade 
2026-07-12 10:24:37.303 DEBUG 18024 --- [SpringApplicationShutdownHook] org.hibernate.SQL                        : [ | ] 
    drop table if exists public.knowledge_chunks cascade 
2026-07-12 10:24:37.303 DEBUG 18024 --- [SpringApplicationShutdownHook] org.hibernate.SQL                        : [ | ] 
    drop table if exists public.knowledge_documents cascade 
2026-07-12 10:24:37.303 DEBUG 18024 --- [SpringApplicationShutdownHook] org.hibernate.SQL                        : [ | ] 
    drop table if exists public.projects cascade 
2026-07-12 10:24:37.303 DEBUG 18024 --- [SpringApplicationShutdownHook] org.hibernate.SQL                        : [ | ] 
    drop table if exists public.refresh_tokens cascade 
2026-07-12 10:24:37.303 DEBUG 18024 --- [SpringApplicationShutdownHook] org.hibernate.SQL                        : [ | ] 
    drop table if exists public.roles cascade 
2026-07-12 10:24:37.303 DEBUG 18024 --- [SpringApplicationShutdownHook] org.hibernate.SQL                        : [ | ] 
    drop table if exists public.tasks cascade 
2026-07-12 10:24:37.305 DEBUG 18024 --- [SpringApplicationShutdownHook] org.hibernate.SQL                        : [ | ] 
    drop table if exists public.team_members cascade 
2026-07-12 10:24:37.305 DEBUG 18024 --- [SpringApplicationShutdownHook] org.hibernate.SQL                        : [ | ] 
    drop table if exists public.teams cascade 
2026-07-12 10:24:37.305 DEBUG 18024 --- [SpringApplicationShutdownHook] org.hibernate.SQL                        : [ | ] 
    drop table if exists public.user_roles cascade 
2026-07-12 10:24:37.305 DEBUG 18024 --- [SpringApplicationShutdownHook] org.hibernate.SQL                        : [ | ] 
    drop table if exists public.users cascade 
2026-07-12 10:24:37.314 DEBUG 18024 --- [SpringApplicationShutdownHook] org.hibernate.SQL                        : [ | ] 
    drop table if exists public.activities cascade 
2026-07-12 10:24:37.316 DEBUG 18024 --- [SpringApplicationShutdownHook] org.hibernate.SQL                        : [ | ] 
    drop table if exists public.knowledge_chunks cascade 
2026-07-12 10:24:37.316 DEBUG 18024 --- [SpringApplicationShutdownHook] org.hibernate.SQL                        : [ | ] 
    drop table if exists public.knowledge_documents cascade 
2026-07-12 10:24:37.317 DEBUG 18024 --- [SpringApplicationShutdownHook] org.hibernate.SQL                        : [ | ] 
    drop table if exists public.projects cascade 
2026-07-12 10:24:37.318 DEBUG 18024 --- [SpringApplicationShutdownHook] org.hibernate.SQL                        : [ | ] 
    drop table if exists public.refresh_tokens cascade 
2026-07-12 10:24:37.319 DEBUG 18024 --- [SpringApplicationShutdownHook] org.hibernate.SQL                        : [ | ] 
    drop table if exists public.roles cascade 
2026-07-12 10:24:37.320 DEBUG 18024 --- [SpringApplicationShutdownHook] org.hibernate.SQL                        : [ | ] 
    drop table if exists public.tasks cascade 
2026-07-12 10:24:37.321 DEBUG 18024 --- [SpringApplicationShutdownHook] org.hibernate.SQL                        : [ | ] 
    drop table if exists public.team_members cascade 
2026-07-12 10:24:37.321 DEBUG 18024 --- [SpringApplicationShutdownHook] org.hibernate.SQL                        : [ | ] 
    drop table if exists public.teams cascade 
2026-07-12 10:24:37.321 DEBUG 18024 --- [SpringApplicationShutdownHook] org.hibernate.SQL                        : [ | ] 
    drop table if exists public.user_roles cascade 
2026-07-12 10:24:37.323 DEBUG 18024 --- [SpringApplicationShutdownHook] org.hibernate.SQL                        : [ | ] 
    drop table if exists public.users cascade 
2026-07-12 10:25:58.450  INFO 19276 --- [main] c.forgemind.ForgemindApplicationTests    : [ | ] Starting ForgemindApplicationTests using Java 21.0.11 with PID 19276 (started by varun in C:\Users\varun\OneDrive\Documents\flutter1\Forgemind\ForgeMind\backend)
2026-07-12 10:25:58.452 DEBUG 19276 --- [main] c.forgemind.ForgemindApplicationTests    : [ | ] Running with Spring Boot v3.3.1, Spring v6.1.10
2026-07-12 10:25:58.454  INFO 19276 --- [main] c.forgemind.ForgemindApplicationTests    : [ | ] The following 1 profile is active: "test"
2026-07-12 10:26:12.594 DEBUG 19276 --- [main] org.hibernate.SQL                        : [ | ] 
    drop table if exists public.activities cascade 
2026-07-12 10:26:12.607 DEBUG 19276 --- [main] org.hibernate.SQL                        : [ | ] 
    drop table if exists public.knowledge_chunks cascade 
2026-07-12 10:26:12.608 DEBUG 19276 --- [main] org.hibernate.SQL                        : [ | ] 
    drop table if exists public.knowledge_documents cascade 
2026-07-12 10:26:12.609 DEBUG 19276 --- [main] org.hibernate.SQL                        : [ | ] 
    drop table if exists public.projects cascade 
2026-07-12 10:26:12.609 DEBUG 19276 --- [main] org.hibernate.SQL                        : [ | ] 
    drop table if exists public.refresh_tokens cascade 
2026-07-12 10:26:12.610 DEBUG 19276 --- [main] org.hibernate.SQL                        : [ | ] 
    drop table if exists public.roles cascade 
2026-07-12 10:26:12.610 DEBUG 19276 --- [main] org.hibernate.SQL                        : [ | ] 
    drop table if exists public.tasks cascade 
2026-07-12 10:26:12.612 DEBUG 19276 --- [main] org.hibernate.SQL                        : [ | ] 
    drop table if exists public.team_members cascade 
2026-07-12 10:26:12.613 DEBUG 19276 --- [main] org.hibernate.SQL                        : [ | ] 
    drop table if exists public.teams cascade 
2026-07-12 10:26:12.614 DEBUG 19276 --- [main] org.hibernate.SQL                        : [ | ] 
    drop table if exists public.user_roles cascade 
2026-07-12 10:26:12.615 DEBUG 19276 --- [main] org.hibernate.SQL                        : [ | ] 
    drop table if exists public.users cascade 
2026-07-12 10:26:12.628 DEBUG 19276 --- [main] org.hibernate.SQL                        : [ | ] 
    create table public.activities (
        actor_id bigint not null,
        created_at timestamp(6) with time zone not null,
        id uuid not null,
        project_id uuid,
        task_id uuid,
        team_id uuid,
        message TEXT not null,
        metadata TEXT,
        activity_type enum ('PROJECT_CREATED','PROJECT_DELETED','PROJECT_UPDATED','TASK_ASSIGNED','TASK_COMPLETED','TASK_CREATED','TASK_DELETED','TASK_STATUS_CHANGED','TASK_UPDATED','TEAM_CREATED','TEAM_MEMBER_ADDED','TEAM_MEMBER_REMOVED','USER_UPDATED') not null,
        primary key (id)
    )
2026-07-12 10:26:12.645 DEBUG 19276 --- [main] org.hibernate.SQL                        : [ | ] 
    create table public.knowledge_chunks (
        chunk_index integer not null,
        created_at timestamp(6) with time zone not null,
        document_id uuid not null,
        id uuid not null,
        project_id uuid not null,
        chunk_text TEXT not null,
        metadata JSONB,
        source_id varchar(255) not null,
        source_type enum ('ACTIVITY','DOCUMENTATION','PROJECT','TASK','TEAM') not null,
        primary key (id)
    )
2026-07-12 10:26:12.649 DEBUG 19276 --- [main] org.hibernate.SQL                        : [ | ] 
    create table public.knowledge_documents (
        chunk_count integer not null,
        created_at timestamp(6) with time zone not null,
        indexed_at timestamp(6) with time zone not null,
        updated_at timestamp(6) with time zone not null,
        id uuid not null,
        project_id uuid not null,
        checksum varchar(64),
        title varchar(500),
        source_id varchar(255) not null,
        source_type enum ('ACTIVITY','DOCUMENTATION','PROJECT','TASK','TEAM') not null,
        primary key (id)
    )
2026-07-12 10:26:12.653 DEBUG 19276 --- [main] org.hibernate.SQL                        : [ | ] 
    create table public.projects (
        created_at timestamp(6) with time zone not null,
        owner_id bigint not null,
        updated_at timestamp(6) with time zone not null,
        id uuid not null,
        name varchar(100) not null,
        description TEXT,
        status enum ('ACTIVE','ARCHIVED','COMPLETED') not null,
        primary key (id)
    )
2026-07-12 10:26:12.657 DEBUG 19276 --- [main] org.hibernate.SQL                        : [ | ] 
    create table public.refresh_tokens (
        revoked boolean not null,
        created_at timestamp(6) with time zone not null,
        expires_at timestamp(6) with time zone not null,
        id bigint generated by default as identity,
        user_id bigint not null,
        token_hash varchar(255) not null unique,
        primary key (id)
    )
2026-07-12 10:26:12.669 DEBUG 19276 --- [main] org.hibernate.SQL                        : [ | ] 
    create table public.roles (
        created_at timestamp(6) with time zone not null,
        id bigint generated by default as identity,
        name varchar(50) not null unique,
        description varchar(255),
        primary key (id)
    )
2026-07-12 10:26:12.674 DEBUG 19276 --- [main] org.hibernate.SQL                        : [ | ] 
    create table public.tasks (
        assignee_id bigint,
        created_at timestamp(6) with time zone not null,
        created_by bigint not null,
        due_date timestamp(6) with time zone,
        updated_at timestamp(6) with time zone not null,
        id uuid not null,
        project_id uuid not null,
        description TEXT,
        title varchar(255) not null,
        priority enum ('CRITICAL','HIGH','LOW','MEDIUM') not null,
        status enum ('BLOCKED','DONE','IN_PROGRESS','IN_REVIEW','TODO') not null,
        primary key (id)
    )
2026-07-12 10:26:12.677 DEBUG 19276 --- [main] org.hibernate.SQL                        : [ | ] 
    create table public.team_members (
        joined_at timestamp(6) with time zone not null,
        user_id bigint not null,
        id uuid not null,
        team_id uuid not null,
        role enum ('ADMIN','MEMBER','OWNER') not null,
        primary key (id),
        unique (team_id, user_id)
    )
2026-07-12 10:26:12.685 DEBUG 19276 --- [main] org.hibernate.SQL                        : [ | ] 
    create table public.teams (
        created_at timestamp(6) with time zone not null,
        updated_at timestamp(6) with time zone not null,
        id uuid not null,
        description TEXT,
        name varchar(255) not null,
        primary key (id)
    )
2026-07-12 10:26:12.689 DEBUG 19276 --- [main] org.hibernate.SQL                        : [ | ] 
    create table public.user_roles (
        role_id bigint not null,
        user_id bigint not null,
        primary key (role_id, user_id)
    )
2026-07-12 10:26:12.693 DEBUG 19276 --- [main] org.hibernate.SQL                        : [ | ] 
    create table public.users (
        enabled boolean not null,
        created_at timestamp(6) with time zone not null,
        id bigint generated by default as identity,
        updated_at timestamp(6) with time zone not null,
        username varchar(50) not null unique,
        first_name varchar(100) not null,
        last_name varchar(100) not null,
        email varchar(255) not null unique,
        password_hash varchar(255) not null,
        primary key (id)
    )
2026-07-12 10:26:12.698 DEBUG 19276 --- [main] org.hibernate.SQL                        : [ | ] 
    alter table if exists public.activities 
       add constraint FKmfjrc8jdvy0yrr7x67qmrxkue 
       foreign key (actor_id) 
       references public.users
2026-07-12 10:26:12.733 DEBUG 19276 --- [main] org.hibernate.SQL                        : [ | ] 
    alter table if exists public.projects 
       add constraint FKmueqy6cpcwpfl8gnnag4idjt9 
       foreign key (owner_id) 
       references public.users
2026-07-12 10:26:12.736 DEBUG 19276 --- [main] org.hibernate.SQL                        : [ | ] 
    alter table if exists public.refresh_tokens 
       add constraint FK1lih5y2npsf8u5o3vhdb9y0os 
       foreign key (user_id) 
       references public.users
2026-07-12 10:26:12.740 DEBUG 19276 --- [main] org.hibernate.SQL                        : [ | ] 
    alter table if exists public.tasks 
       add constraint FKekr1dgiqktpyoip3qmp6lxsit 
       foreign key (assignee_id) 
       references public.users
2026-07-12 10:26:12.743 DEBUG 19276 --- [main] org.hibernate.SQL                        : [ | ] 
    alter table if exists public.tasks 
       add constraint FK9dgm9t7wn4w3gh57h63g712lo 
       foreign key (created_by) 
       references public.users
2026-07-12 10:26:12.747 DEBUG 19276 --- [main] org.hibernate.SQL                        : [ | ] 
    alter table if exists public.tasks 
       add constraint FKsfhn82y57i3k9uxww1s007acc 
       foreign key (project_id) 
       references public.projects
2026-07-12 10:26:12.749 DEBUG 19276 --- [main] org.hibernate.SQL                        : [ | ] 
    alter table if exists public.team_members 
       add constraint FKtgca08el3ofisywcf11f0f76t 
       foreign key (team_id) 
       references public.teams
2026-07-12 10:26:12.752 DEBUG 19276 --- [main] org.hibernate.SQL                        : [ | ] 
    alter table if exists public.team_members 
       add constraint FKee8x7x5026imwmma9kndkxs36 
       foreign key (user_id) 
       references public.users
2026-07-12 10:26:12.755 DEBUG 19276 --- [main] org.hibernate.SQL                        : [ | ] 
    alter table if exists public.user_roles 
       add constraint FKh8ciramu9cc9q3qcqiv4ue8a6 
       foreign key (role_id) 
       references public.roles
2026-07-12 10:26:12.758 DEBUG 19276 --- [main] org.hibernate.SQL                        : [ | ] 
    alter table if exists public.user_roles 
       add constraint FKhfh9dx7w3ubf1co1vdev94g3f 
       foreign key (user_id) 
       references public.users
2026-07-12 10:26:15.143  INFO 19276 --- [main] c.forgemind.modules.ai.config.AiConfig   : [ | ] Initializing AI Provider: MOCK
2026-07-12 10:26:15.433  INFO 19276 --- [main] c.f.modules.ai.tools.ToolExecutor        : [ | ] ToolExecutor initialized with 5 tools: [metrics.compute, task.list, team.fetch, activity.recent, project.fetch]
2026-07-12 10:26:15.512  INFO 19276 --- [main] c.f.m.a.embedding.MockEmbeddingProvider  : [ | ] MockEmbeddingProvider initialized with 1536 dimensions
2026-07-12 10:26:15.650  INFO 19276 --- [main] c.f.modules.ai.agent.AgentRegistry       : [ | ] AgentRegistry initialized with 5 agents: [PLANNING, DOCUMENTATION, RISK_ANALYSIS, SPRINT_PLANNING, STANDUP]
2026-07-12 10:26:17.276  INFO 19276 --- [main] eAuthenticationProviderManagerConfigurer : [ | ] Global AuthenticationManager configured with AuthenticationProvider bean with name authenticationProvider
2026-07-12 10:26:17.278  WARN 19276 --- [main] r$InitializeUserDetailsManagerConfigurer : [ | ] Global AuthenticationManager configured with an AuthenticationProvider bean. UserDetailsService beans will not be used for username/password login. Consider removing the AuthenticationProvider bean. Alternatively, consider using the UserDetailsService in a manually instantiated DaoAuthenticationProvider.
2026-07-12 10:26:22.282  INFO 19276 --- [main] org.springframework.web.SimpLogging      : [ | ] Starting...
2026-07-12 10:26:22.284  INFO 19276 --- [main] org.springframework.web.SimpLogging      : [ | ] BrokerAvailabilityEvent[available=true, SimpleBrokerMessageHandler [org.springframework.messaging.simp.broker.DefaultSubscriptionRegistry@228a6823]]
2026-07-12 10:26:22.288  INFO 19276 --- [main] org.springframework.web.SimpLogging      : [ | ] Started.
2026-07-12 10:26:22.326  INFO 19276 --- [main] c.forgemind.ForgemindApplicationTests    : [ | ] Started ForgemindApplicationTests in 25.009 seconds (process running for 27.793)
2026-07-12 10:26:22.724  INFO 19276 --- [main] c.f.modules.ai.agent.AgentRegistry       : [ | ] AgentRegistry initialized with 1 agents: [STANDUP]
2026-07-12 10:26:22.742  INFO 19276 --- [main] c.f.modules.ai.agent.AgentRegistry       : [ | ] AgentRegistry initialized with 2 agents: [PLANNING, RISK_ANALYSIS]
2026-07-12 10:26:22.747  INFO 19276 --- [main] c.f.modules.ai.agent.AgentRegistry       : [ | ] AgentRegistry initialized with 1 agents: [STANDUP]
2026-07-12 10:26:23.624  INFO 19276 --- [main] c.f.modules.ai.agent.AbstractAgent       : [ | ] Agent[PLANNING] starting execution 43aca205-88e5-4e07-9dd4-a00d9ad0dda8
2026-07-12 10:26:23.626 ERROR 19276 --- [main] c.f.modules.ai.agent.AbstractAgent       : [ | ] Agent[PLANNING] failed execution 43aca205-88e5-4e07-9dd4-a00d9ad0dda8: PlannerAgent requires a non-blank 'featureDescription' parameter.
2026-07-12 10:26:23.911  INFO 19276 --- [main] c.f.modules.ai.tools.ToolExecutor        : [ | ] ToolExecutor initialized with 4 tools: [task.list, project.fetch, metrics.compute, activity.recent]
2026-07-12 10:26:23.992  INFO 19276 --- [main] c.f.modules.ai.agent.AbstractAgent       : [ | ] Agent[RISK_ANALYSIS] starting execution 091514da-b974-418a-87e4-b1f46391ee4e
2026-07-12 10:26:24.002  WARN 19276 --- [main] c.f.m.a.agent.security.AgentAccessGuard  : [ | ] Agent access denied: user 999 attempted to run an agent on project bdffc52f-aa8b-4420-83e2-e8d5d11ade36 owned by 42
2026-07-12 10:26:24.004 ERROR 19276 --- [main] c.f.modules.ai.agent.AbstractAgent       : [ | ] Agent[RISK_ANALYSIS] failed execution 091514da-b974-418a-87e4-b1f46391ee4e: You do not have permission to run AI agents on this project.
2026-07-12 10:26:24.021  INFO 19276 --- [main] c.f.modules.ai.tools.ToolExecutor        : [ | ] ToolExecutor initialized with 4 tools: [task.list, project.fetch, metrics.compute, activity.recent]
2026-07-12 10:26:24.245 ERROR 19276 --- [main] c.f.modules.ai.context.AiContextBuilder  : [ | ] Failed to serialize AI context

com.fasterxml.jackson.databind.exc.InvalidDefinitionException: Java 8 date/time type `java.time.Instant` not supported by default: add Module "com.fasterxml.jackson.datatype:jackson-datatype-jsr310" to enable handling (through reference chain: java.util.ImmutableCollections$MapN["tasks"]->java.util.Collections$UnmodifiableRandomAccessList[0]->com.forgemind.modules.task.dto.response.TaskResponse["createdAt"])
	at com.fasterxml.jackson.databind.exc.InvalidDefinitionException.from(InvalidDefinitionException.java:77)
	at com.fasterxml.jackson.databind.SerializerProvider.reportBadDefinition(SerializerProvider.java:1330)
	at com.fasterxml.jackson.databind.ser.impl.UnsupportedTypeSerializer.serialize(UnsupportedTypeSerializer.java:35)
	at com.fasterxml.jackson.databind.ser.BeanPropertyWriter.serializeAsField(BeanPropertyWriter.java:732)
	at com.fasterxml.jackson.databind.ser.std.BeanSerializerBase.serializeFields(BeanSerializerBase.java:770)
	at com.fasterxml.jackson.databind.ser.BeanSerializer.serialize(BeanSerializer.java:183)
	at com.fasterxml.jackson.databind.ser.impl.IndexedListSerializer.serializeContents(IndexedListSerializer.java:119)
	at com.fasterxml.jackson.databind.ser.impl.IndexedListSerializer.serialize(IndexedListSerializer.java:79)
	at com.fasterxml.jackson.databind.ser.impl.IndexedListSerializer.serialize(IndexedListSerializer.java:18)
	at com.fasterxml.jackson.databind.ser.std.MapSerializer.serializeFields(MapSerializer.java:808)
	at com.fasterxml.jackson.databind.ser.std.MapSerializer.serializeWithoutTypeInfo(MapSerializer.java:764)
	at com.fasterxml.jackson.databind.ser.std.MapSerializer.serialize(MapSerializer.java:720)
	at com.fasterxml.jackson.databind.ser.std.MapSerializer.serialize(MapSerializer.java:35)
	at com.fasterxml.jackson.databind.ser.DefaultSerializerProvider._serialize(DefaultSerializerProvider.java:502)
	at com.fasterxml.jackson.databind.ser.DefaultSerializerProvider.serializeValue(DefaultSerializerProvider.java:341)
	at com.fasterxml.jackson.databind.ObjectWriter$Prefetch.serialize(ObjectWriter.java:1574)
	at com.fasterxml.jackson.databind.ObjectWriter._writeValueAndClose(ObjectWriter.java:1275)
	at com.fasterxml.jackson.databind.ObjectWriter.writeValueAsString(ObjectWriter.java:1140)
	at com.forgemind.modules.ai.context.AiContextBuilder.buildProjectContext(AiContextBuilder.java:44)
	at com.forgemind.modules.ai.context.AiContextBuilderTest.buildProjectContext_ShouldGatherProjectAndTasks(AiContextBuilderTest.java:74)
	at java.base/jdk.internal.reflect.DirectMethodHandleAccessor.invoke(DirectMethodHandleAccessor.java:103)
	at java.base/java.lang.reflect.Method.invoke(Method.java:580)
	at org.junit.platform.commons.util.ReflectionUtils.invokeMethod(ReflectionUtils.java:728)
	at org.junit.jupiter.engine.execution.MethodInvocation.proceed(MethodInvocation.java:60)
	at org.junit.jupiter.engine.execution.InvocationInterceptorChain$ValidatingInvocation.proceed(InvocationInterceptorChain.java:131)
	at org.junit.jupiter.engine.extension.TimeoutExtension.intercept(TimeoutExtension.java:156)
	at org.junit.jupiter.engine.extension.TimeoutExtension.interceptTestableMethod(TimeoutExtension.java:147)
	at org.junit.jupiter.engine.extension.TimeoutExtension.interceptTestMethod(TimeoutExtension.java:86)
	at org.junit.jupiter.engine.execution.InterceptingExecutableInvoker$ReflectiveInterceptorCall.lambda$ofVoidMethod$0(InterceptingExecutableInvoker.java:103)
	at org.junit.jupiter.engine.execution.InterceptingExecutableInvoker.lambda$invoke$0(InterceptingExecutableInvoker.java:93)
	at org.junit.jupiter.engine.execution.InvocationInterceptorChain$InterceptedInvocation.proceed(InvocationInterceptorChain.java:106)
	at org.junit.jupiter.engine.execution.InvocationInterceptorChain.proceed(InvocationInterceptorChain.java:64)
	at org.junit.jupiter.engine.execution.InvocationInterceptorChain.chainAndInvoke(InvocationInterceptorChain.java:45)
	at org.junit.jupiter.engine.execution.InvocationInterceptorChain.invoke(InvocationInterceptorChain.java:37)
	at org.junit.jupiter.engine.execution.InterceptingExecutableInvoker.invoke(InterceptingExecutableInvoker.java:92)
	at org.junit.jupiter.engine.execution.InterceptingExecutableInvoker.invoke(InterceptingExecutableInvoker.java:86)
	at org.junit.jupiter.engine.descriptor.TestMethodTestDescriptor.lambda$invokeTestMethod$7(TestMethodTestDescriptor.java:218)
	at org.junit.platform.engine.support.hierarchical.ThrowableCollector.execute(ThrowableCollector.java:73)
	at org.junit.jupiter.engine.descriptor.TestMethodTestDescriptor.invokeTestMethod(TestMethodTestDescriptor.java:214)
	at org.junit.jupiter.engine.descriptor.TestMethodTestDescriptor.execute(TestMethodTestDescriptor.java:139)
	at org.junit.jupiter.engine.descriptor.TestMethodTestDescriptor.execute(TestMethodTestDescriptor.java:69)
	at org.junit.platform.engine.support.hierarchical.NodeTestTask.lambda$executeRecursively$6(NodeTestTask.java:151)
	at org.junit.platform.engine.support.hierarchical.ThrowableCollector.execute(ThrowableCollector.java:73)
	at org.junit.platform.engine.support.hierarchical.NodeTestTask.lambda$executeRecursively$8(NodeTestTask.java:141)
	at org.junit.platform.engine.support.hierarchical.Node.around(Node.java:137)
	at org.junit.platform.engine.support.hierarchical.NodeTestTask.lambda$executeRecursively$9(NodeTestTask.java:139)
	at org.junit.platform.engine.support.hierarchical.ThrowableCollector.execute(ThrowableCollector.java:73)
	at org.junit.platform.engine.support.hierarchical.NodeTestTask.executeRecursively(NodeTestTask.java:138)
	at org.junit.platform.engine.support.hierarchical.NodeTestTask.execute(NodeTestTask.java:95)
	at java.base/java.util.ArrayList.forEach(ArrayList.java:1596)
	at org.junit.platform.engine.support.hierarchical.SameThreadHierarchicalTestExecutorService.invokeAll(SameThreadHierarchicalTestExecutorService.java:41)
	at org.junit.platform.engine.support.hierarchical.NodeTestTask.lambda$executeRecursively$6(NodeTestTask.java:155)
	at org.junit.platform.engine.support.hierarchical.ThrowableCollector.execute(ThrowableCollector.java:73)
	at org.junit.platform.engine.support.hierarchical.NodeTestTask.lambda$executeRecursively$8(NodeTestTask.java:141)
	at org.junit.platform.engine.support.hierarchical.Node.around(Node.java:137)
	at org.junit.platform.engine.support.hierarchical.NodeTestTask.lambda$executeRecursively$9(NodeTestTask.java:139)
	at org.junit.platform.engine.support.hierarchical.ThrowableCollector.execute(ThrowableCollector.java:73)
	at org.junit.platform.engine.support.hierarchical.NodeTestTask.executeRecursively(NodeTestTask.java:138)
	at org.junit.platform.engine.support.hierarchical.NodeTestTask.execute(NodeTestTask.java:95)
	at java.base/java.util.ArrayList.forEach(ArrayList.java:1596)
	at org.junit.platform.engine.support.hierarchical.SameThreadHierarchicalTestExecutorService.invokeAll(SameThreadHierarchicalTestExecutorService.java:41)
	at org.junit.platform.engine.support.hierarchical.NodeTestTask.lambda$executeRecursively$6(NodeTestTask.java:155)
	at org.junit.platform.engine.support.hierarchical.ThrowableCollector.execute(ThrowableCollector.java:73)
	at org.junit.platform.engine.support.hierarchical.NodeTestTask.lambda$executeRecursively$8(NodeTestTask.java:141)
	at org.junit.platform.engine.support.hierarchical.Node.around(Node.java:137)
	at org.junit.platform.engine.support.hierarchical.NodeTestTask.lambda$executeRecursively$9(NodeTestTask.java:139)
	at org.junit.platform.engine.support.hierarchical.ThrowableCollector.execute(ThrowableCollector.java:73)
	at org.junit.platform.engine.support.hierarchical.NodeTestTask.executeRecursively(NodeTestTask.java:138)
	at org.junit.platform.engine.support.hierarchical.NodeTestTask.execute(NodeTestTask.java:95)
	at org.junit.platform.engine.support.hierarchical.SameThreadHierarchicalTestExecutorService.submit(SameThreadHierarchicalTestExecutorService.java:35)
	at org.junit.platform.engine.support.hierarchical.HierarchicalTestExecutor.execute(HierarchicalTestExecutor.java:57)
	at org.junit.platform.engine.support.hierarchical.HierarchicalTestEngine.execute(HierarchicalTestEngine.java:54)
	at org.junit.platform.launcher.core.EngineExecutionOrchestrator.execute(EngineExecutionOrchestrator.java:198)
	at org.junit.platform.launcher.core.EngineExecutionOrchestrator.execute(EngineExecutionOrchestrator.java:169)
	at org.junit.platform.launcher.core.EngineExecutionOrchestrator.execute(EngineExecutionOrchestrator.java:93)
	at org.junit.platform.launcher.core.EngineExecutionOrchestrator.lambda$execute$0(EngineExecutionOrchestrator.java:58)
	at org.junit.platform.launcher.core.EngineExecutionOrchestrator.withInterceptedStreams(EngineExecutionOrchestrator.java:141)
	at org.junit.platform.launcher.core.EngineExecutionOrchestrator.execute(EngineExecutionOrchestrator.java:57)
	at org.junit.platform.launcher.core.DefaultLauncher.execute(DefaultLauncher.java:103)
	at org.junit.platform.launcher.core.DefaultLauncher.execute(DefaultLauncher.java:85)
	at org.junit.platform.launcher.core.DelegatingLauncher.execute(DelegatingLauncher.java:47)
	at org.apache.maven.surefire.junitplatform.LazyLauncher.execute(LazyLauncher.java:56)
	at org.apache.maven.surefire.junitplatform.JUnitPlatformProvider.execute(JUnitPlatformProvider.java:184)
	at org.apache.maven.surefire.junitplatform.JUnitPlatformProvider.invokeAllTests(JUnitPlatformProvider.java:148)
	at org.apache.maven.surefire.junitplatform.JUnitPlatformProvider.invoke(JUnitPlatformProvider.java:122)
	at org.apache.maven.surefire.booter.ForkedBooter.runSuitesInProcess(ForkedBooter.java:385)
	at org.apache.maven.surefire.booter.ForkedBooter.execute(ForkedBooter.java:162)
	at org.apache.maven.surefire.booter.ForkedBooter.run(ForkedBooter.java:507)
	at org.apache.maven.surefire.booter.ForkedBooter.main(ForkedBooter.java:495)

2026-07-12 10:26:24.337  INFO 19276 --- [main] c.f.m.a.s.AiOrchestratorServiceImpl      : [ | ] Generating tasks for project 1be7e8c3-d17e-4a42-a566-eca9b26002b5 with feature: Build login feature
2026-07-12 10:26:24.434  INFO 19276 --- [main] c.f.modules.ai.tools.ToolExecutor        : [ | ] ToolExecutor initialized with 1 tools: [echo]
2026-07-12 10:26:24.436 DEBUG 19276 --- [main] c.f.modules.ai.tools.ToolExecutor        : [ | ] Tool 'echo' executed in 1ms
2026-07-12 10:26:24.439  INFO 19276 --- [main] c.f.modules.ai.tools.ToolExecutor        : [ | ] ToolExecutor initialized with 1 tools: [echo]
2026-07-12 10:26:24.447  INFO 19276 --- [main] c.f.modules.ai.tools.ToolExecutor        : [ | ] ToolExecutor initialized with 1 tools: [boom]
2026-07-12 10:26:24.450 ERROR 19276 --- [main] c.f.modules.ai.tools.ToolExecutor        : [ | ] Tool 'boom' failed after 0ms

java.lang.IllegalStateException: kaboom
	at com.forgemind.modules.ai.tools.ToolExecutorTest$BoomTool.execute(ToolExecutorTest.java:51)
	at com.forgemind.modules.ai.tools.ToolExecutorTest$BoomTool.execute(ToolExecutorTest.java:1)
	at com.forgemind.modules.ai.tools.ToolExecutor.execute(ToolExecutor.java:73)
	at com.forgemind.modules.ai.tools.ToolExecutorTest.lambda$1(ToolExecutorTest.java:83)
	at org.junit.jupiter.api.AssertThrows.assertThrows(AssertThrows.java:53)
	at org.junit.jupiter.api.AssertThrows.assertThrows(AssertThrows.java:35)
	at org.junit.jupiter.api.Assertions.assertThrows(Assertions.java:3115)
	at com.forgemind.modules.ai.tools.ToolExecutorTest.execute_ShouldWrapToolFailures(ToolExecutorTest.java:83)
	at java.base/jdk.internal.reflect.DirectMethodHandleAccessor.invoke(DirectMethodHandleAccessor.java:103)
	at java.base/java.lang.reflect.Method.invoke(Method.java:580)
	at org.junit.platform.commons.util.ReflectionUtils.invokeMethod(ReflectionUtils.java:728)
	at org.junit.jupiter.engine.execution.MethodInvocation.proceed(MethodInvocation.java:60)
	at org.junit.jupiter.engine.execution.InvocationInterceptorChain$ValidatingInvocation.proceed(InvocationInterceptorChain.java:131)
	at org.junit.jupiter.engine.extension.TimeoutExtension.intercept(TimeoutExtension.java:156)
	at org.junit.jupiter.engine.extension.TimeoutExtension.interceptTestableMethod(TimeoutExtension.java:147)
	at org.junit.jupiter.engine.extension.TimeoutExtension.interceptTestMethod(TimeoutExtension.java:86)
	at org.junit.jupiter.engine.execution.InterceptingExecutableInvoker$ReflectiveInterceptorCall.lambda$ofVoidMethod$0(InterceptingExecutableInvoker.java:103)
	at org.junit.jupiter.engine.execution.InterceptingExecutableInvoker.lambda$invoke$0(InterceptingExecutableInvoker.java:93)
	at org.junit.jupiter.engine.execution.InvocationInterceptorChain$InterceptedInvocation.proceed(InvocationInterceptorChain.java:106)
	at org.junit.jupiter.engine.execution.InvocationInterceptorChain.proceed(InvocationInterceptorChain.java:64)
	at org.junit.jupiter.engine.execution.InvocationInterceptorChain.chainAndInvoke(InvocationInterceptorChain.java:45)
	at org.junit.jupiter.engine.execution.InvocationInterceptorChain.invoke(InvocationInterceptorChain.java:37)
	at org.junit.jupiter.engine.execution.InterceptingExecutableInvoker.invoke(InterceptingExecutableInvoker.java:92)
	at org.junit.jupiter.engine.execution.InterceptingExecutableInvoker.invoke(InterceptingExecutableInvoker.java:86)
	at org.junit.jupiter.engine.descriptor.TestMethodTestDescriptor.lambda$invokeTestMethod$7(TestMethodTestDescriptor.java:218)
	at org.junit.platform.engine.support.hierarchical.ThrowableCollector.execute(ThrowableCollector.java:73)
	at org.junit.jupiter.engine.descriptor.TestMethodTestDescriptor.invokeTestMethod(TestMethodTestDescriptor.java:214)
	at org.junit.jupiter.engine.descriptor.TestMethodTestDescriptor.execute(TestMethodTestDescriptor.java:139)
	at org.junit.jupiter.engine.descriptor.TestMethodTestDescriptor.execute(TestMethodTestDescriptor.java:69)
	at org.junit.platform.engine.support.hierarchical.NodeTestTask.lambda$executeRecursively$6(NodeTestTask.java:151)
	at org.junit.platform.engine.support.hierarchical.ThrowableCollector.execute(ThrowableCollector.java:73)
	at org.junit.platform.engine.support.hierarchical.NodeTestTask.lambda$executeRecursively$8(NodeTestTask.java:141)
	at org.junit.platform.engine.support.hierarchical.Node.around(Node.java:137)
	at org.junit.platform.engine.support.hierarchical.NodeTestTask.lambda$executeRecursively$9(NodeTestTask.java:139)
	at org.junit.platform.engine.support.hierarchical.ThrowableCollector.execute(ThrowableCollector.java:73)
	at org.junit.platform.engine.support.hierarchical.NodeTestTask.executeRecursively(NodeTestTask.java:138)
	at org.junit.platform.engine.support.hierarchical.NodeTestTask.execute(NodeTestTask.java:95)
	at java.base/java.util.ArrayList.forEach(ArrayList.java:1596)
	at org.junit.platform.engine.support.hierarchical.SameThreadHierarchicalTestExecutorService.invokeAll(SameThreadHierarchicalTestExecutorService.java:41)
	at org.junit.platform.engine.support.hierarchical.NodeTestTask.lambda$executeRecursively$6(NodeTestTask.java:155)
	at org.junit.platform.engine.support.hierarchical.ThrowableCollector.execute(ThrowableCollector.java:73)
	at org.junit.platform.engine.support.hierarchical.NodeTestTask.lambda$executeRecursively$8(NodeTestTask.java:141)
	at org.junit.platform.engine.support.hierarchical.Node.around(Node.java:137)
	at org.junit.platform.engine.support.hierarchical.NodeTestTask.lambda$executeRecursively$9(NodeTestTask.java:139)
	at org.junit.platform.engine.support.hierarchical.ThrowableCollector.execute(ThrowableCollector.java:73)
	at org.junit.platform.engine.support.hierarchical.NodeTestTask.executeRecursively(NodeTestTask.java:138)
	at org.junit.platform.engine.support.hierarchical.NodeTestTask.execute(NodeTestTask.java:95)
	at java.base/java.util.ArrayList.forEach(ArrayList.java:1596)
	at org.junit.platform.engine.support.hierarchical.SameThreadHierarchicalTestExecutorService.invokeAll(SameThreadHierarchicalTestExecutorService.java:41)
	at org.junit.platform.engine.support.hierarchical.NodeTestTask.lambda$executeRecursively$6(NodeTestTask.java:155)
	at org.junit.platform.engine.support.hierarchical.ThrowableCollector.execute(ThrowableCollector.java:73)
	at org.junit.platform.engine.support.hierarchical.NodeTestTask.lambda$executeRecursively$8(NodeTestTask.java:141)
	at org.junit.platform.engine.support.hierarchical.Node.around(Node.java:137)
	at org.junit.platform.engine.support.hierarchical.NodeTestTask.lambda$executeRecursively$9(NodeTestTask.java:139)
	at org.junit.platform.engine.support.hierarchical.ThrowableCollector.execute(ThrowableCollector.java:73)
	at org.junit.platform.engine.support.hierarchical.NodeTestTask.executeRecursively(NodeTestTask.java:138)
	at org.junit.platform.engine.support.hierarchical.NodeTestTask.execute(NodeTestTask.java:95)
	at org.junit.platform.engine.support.hierarchical.SameThreadHierarchicalTestExecutorService.submit(SameThreadHierarchicalTestExecutorService.java:35)
	at org.junit.platform.engine.support.hierarchical.HierarchicalTestExecutor.execute(HierarchicalTestExecutor.java:57)
	at org.junit.platform.engine.support.hierarchical.HierarchicalTestEngine.execute(HierarchicalTestEngine.java:54)
	at org.junit.platform.launcher.core.EngineExecutionOrchestrator.execute(EngineExecutionOrchestrator.java:198)
	at org.junit.platform.launcher.core.EngineExecutionOrchestrator.execute(EngineExecutionOrchestrator.java:169)
	at org.junit.platform.launcher.core.EngineExecutionOrchestrator.execute(EngineExecutionOrchestrator.java:93)
	at org.junit.platform.launcher.core.EngineExecutionOrchestrator.lambda$execute$0(EngineExecutionOrchestrator.java:58)
	at org.junit.platform.launcher.core.EngineExecutionOrchestrator.withInterceptedStreams(EngineExecutionOrchestrator.java:141)
	at org.junit.platform.launcher.core.EngineExecutionOrchestrator.execute(EngineExecutionOrchestrator.java:57)
	at org.junit.platform.launcher.core.DefaultLauncher.execute(DefaultLauncher.java:103)
	at org.junit.platform.launcher.core.DefaultLauncher.execute(DefaultLauncher.java:85)
	at org.junit.platform.launcher.core.DelegatingLauncher.execute(DelegatingLauncher.java:47)
	at org.apache.maven.surefire.junitplatform.LazyLauncher.execute(LazyLauncher.java:56)
	at org.apache.maven.surefire.junitplatform.JUnitPlatformProvider.execute(JUnitPlatformProvider.java:184)
	at org.apache.maven.surefire.junitplatform.JUnitPlatformProvider.invokeAllTests(JUnitPlatformProvider.java:148)
	at org.apache.maven.surefire.junitplatform.JUnitPlatformProvider.invoke(JUnitPlatformProvider.java:122)
	at org.apache.maven.surefire.booter.ForkedBooter.runSuitesInProcess(ForkedBooter.java:385)
	at org.apache.maven.surefire.booter.ForkedBooter.execute(ForkedBooter.java:162)
	at org.apache.maven.surefire.booter.ForkedBooter.run(ForkedBooter.java:507)
	at org.apache.maven.surefire.booter.ForkedBooter.main(ForkedBooter.java:495)

2026-07-12 10:26:24.461  INFO 19276 --- [main] c.f.modules.ai.agent.AgentRegistry       : [ | ] AgentRegistry initialized with 2 agents: [PLANNING, DOCUMENTATION]
2026-07-12 10:26:24.466  INFO 19276 --- [main] c.f.modules.ai.workflow.WorkflowEngine   : [ | ] Workflow[chained] starting with 2 step(s)
2026-07-12 10:26:24.468  INFO 19276 --- [main] c.f.modules.ai.workflow.WorkflowEngine   : [ | ] Workflow[chained] → step 'plan' (PLANNING)
2026-07-12 10:26:24.471  INFO 19276 --- [main] c.f.modules.ai.workflow.WorkflowEngine   : [ | ] Workflow[chained] → step 'document' (DOCUMENTATION)
2026-07-12 10:26:24.472  INFO 19276 --- [main] c.f.modules.ai.workflow.WorkflowEngine   : [ | ] Workflow[chained] completed 2 step(s) in 6ms
2026-07-12 10:26:24.476  INFO 19276 --- [main] c.f.modules.ai.agent.AgentRegistry       : [ | ] AgentRegistry initialized with 2 agents: [PLANNING, DOCUMENTATION]
2026-07-12 10:26:24.476  INFO 19276 --- [main] c.f.modules.ai.workflow.WorkflowEngine   : [ | ] Workflow[plan-then-doc] starting with 2 step(s)
2026-07-12 10:26:24.476  INFO 19276 --- [main] c.f.modules.ai.workflow.WorkflowEngine   : [ | ] Workflow[plan-then-doc] → step 'plan' (PLANNING)
2026-07-12 10:26:24.477  INFO 19276 --- [main] c.f.modules.ai.workflow.WorkflowEngine   : [ | ] Workflow[plan-then-doc] → step 'document' (DOCUMENTATION)
2026-07-12 10:26:24.477  INFO 19276 --- [main] c.f.modules.ai.workflow.WorkflowEngine   : [ | ] Workflow[plan-then-doc] completed 2 step(s) in 1ms
2026-07-12 10:26:24.849  INFO 19276 --- [main] c.f.m.a.c.AuthControllerIntegrationTest  : [ | ] Starting AuthControllerIntegrationTest using Java 21.0.11 with PID 19276 (started by varun in C:\Users\varun\OneDrive\Documents\flutter1\Forgemind\ForgeMind\backend)
2026-07-12 10:26:24.850 DEBUG 19276 --- [main] c.f.m.a.c.AuthControllerIntegrationTest  : [ | ] Running with Spring Boot v3.3.1, Spring v6.1.10
2026-07-12 10:26:24.850  INFO 19276 --- [main] c.f.m.a.c.AuthControllerIntegrationTest  : [ | ] The following 1 profile is active: "test"
2026-07-12 10:26:28.053 DEBUG 19276 --- [main] org.hibernate.SQL                        : [ | ] 
    drop table if exists public.activities cascade 
2026-07-12 10:26:28.058 DEBUG 19276 --- [main] org.hibernate.SQL                        : [ | ] 
    drop table if exists public.knowledge_chunks cascade 
2026-07-12 10:26:28.058 DEBUG 19276 --- [main] org.hibernate.SQL                        : [ | ] 
    drop table if exists public.knowledge_documents cascade 
2026-07-12 10:26:28.060 DEBUG 19276 --- [main] org.hibernate.SQL                        : [ | ] 
    drop table if exists public.projects cascade 
2026-07-12 10:26:28.060 DEBUG 19276 --- [main] org.hibernate.SQL                        : [ | ] 
    drop table if exists public.refresh_tokens cascade 
2026-07-12 10:26:28.064 DEBUG 19276 --- [main] org.hibernate.SQL                        : [ | ] 
    drop table if exists public.roles cascade 
2026-07-12 10:26:28.064 DEBUG 19276 --- [main] org.hibernate.SQL                        : [ | ] 
    drop table if exists public.tasks cascade 
2026-07-12 10:26:28.068 DEBUG 19276 --- [main] org.hibernate.SQL                        : [ | ] 
    drop table if exists public.team_members cascade 
2026-07-12 10:26:28.070 DEBUG 19276 --- [main] org.hibernate.SQL                        : [ | ] 
    drop table if exists public.teams cascade 
2026-07-12 10:26:28.071 DEBUG 19276 --- [main] org.hibernate.SQL                        : [ | ] 
    drop table if exists public.user_roles cascade 
2026-07-12 10:26:28.072 DEBUG 19276 --- [main] org.hibernate.SQL                        : [ | ] 
    drop table if exists public.users cascade 
2026-07-12 10:26:28.072 DEBUG 19276 --- [main] org.hibernate.SQL                        : [ | ] 
    create table public.activities (
        actor_id bigint not null,
        created_at timestamp(6) with time zone not null,
        id uuid not null,
        project_id uuid,
        task_id uuid,
        team_id uuid,
        message TEXT not null,
        metadata TEXT,
        activity_type enum ('PROJECT_CREATED','PROJECT_DELETED','PROJECT_UPDATED','TASK_ASSIGNED','TASK_COMPLETED','TASK_CREATED','TASK_DELETED','TASK_STATUS_CHANGED','TASK_UPDATED','TEAM_CREATED','TEAM_MEMBER_ADDED','TEAM_MEMBER_REMOVED','USER_UPDATED') not null,
        primary key (id)
    )
2026-07-12 10:26:28.080 DEBUG 19276 --- [main] org.hibernate.SQL                        : [ | ] 
    create table public.knowledge_chunks (
        chunk_index integer not null,
        created_at timestamp(6) with time zone not null,
        document_id uuid not null,
        id uuid not null,
        project_id uuid not null,
        chunk_text TEXT not null,
        metadata JSONB,
        source_id varchar(255) not null,
        source_type enum ('ACTIVITY','DOCUMENTATION','PROJECT','TASK','TEAM') not null,
        primary key (id)
    )
2026-07-12 10:26:28.083 DEBUG 19276 --- [main] org.hibernate.SQL                        : [ | ] 
    create table public.knowledge_documents (
        chunk_count integer not null,
        created_at timestamp(6) with time zone not null,
        indexed_at timestamp(6) with time zone not null,
        updated_at timestamp(6) with time zone not null,
        id uuid not null,
        project_id uuid not null,
        checksum varchar(64),
        title varchar(500),
        source_id varchar(255) not null,
        source_type enum ('ACTIVITY','DOCUMENTATION','PROJECT','TASK','TEAM') not null,
        primary key (id)
    )
2026-07-12 10:26:28.085 DEBUG 19276 --- [main] org.hibernate.SQL                        : [ | ] 
    create table public.projects (
        created_at timestamp(6) with time zone not null,
        owner_id bigint not null,
        updated_at timestamp(6) with time zone not null,
        id uuid not null,
        name varchar(100) not null,
        description TEXT,
        status enum ('ACTIVE','ARCHIVED','COMPLETED') not null,
        primary key (id)
    )
2026-07-12 10:26:28.088 DEBUG 19276 --- [main] org.hibernate.SQL                        : [ | ] 
    create table public.refresh_tokens (
        revoked boolean not null,
        created_at timestamp(6) with time zone not null,
        expires_at timestamp(6) with time zone not null,
        id bigint generated by default as identity,
        user_id bigint not null,
        token_hash varchar(255) not null unique,
        primary key (id)
    )
2026-07-12 10:26:28.090 DEBUG 19276 --- [main] org.hibernate.SQL                        : [ | ] 
    create table public.roles (
        created_at timestamp(6) with time zone not null,
        id bigint generated by default as identity,
        name varchar(50) not null unique,
        description varchar(255),
        primary key (id)
    )
2026-07-12 10:26:28.091 DEBUG 19276 --- [main] org.hibernate.SQL                        : [ | ] 
    create table public.tasks (
        assignee_id bigint,
        created_at timestamp(6) with time zone not null,
        created_by bigint not null,
        due_date timestamp(6) with time zone,
        updated_at timestamp(6) with time zone not null,
        id uuid not null,
        project_id uuid not null,
        description TEXT,
        title varchar(255) not null,
        priority enum ('CRITICAL','HIGH','LOW','MEDIUM') not null,
        status enum ('BLOCKED','DONE','IN_PROGRESS','IN_REVIEW','TODO') not null,
        primary key (id)
    )
2026-07-12 10:26:28.095 DEBUG 19276 --- [main] org.hibernate.SQL                        : [ | ] 
    create table public.team_members (
        joined_at timestamp(6) with time zone not null,
        user_id bigint not null,
        id uuid not null,
        team_id uuid not null,
        role enum ('ADMIN','MEMBER','OWNER') not null,
        primary key (id),
        unique (team_id, user_id)
    )
2026-07-12 10:26:28.096 DEBUG 19276 --- [main] org.hibernate.SQL                        : [ | ] 
    create table public.teams (
        created_at timestamp(6) with time zone not null,
        updated_at timestamp(6) with time zone not null,
        id uuid not null,
        description TEXT,
        name varchar(255) not null,
        primary key (id)
    )
2026-07-12 10:26:28.100 DEBUG 19276 --- [main] org.hibernate.SQL                        : [ | ] 
    create table public.user_roles (
        role_id bigint not null,
        user_id bigint not null,
        primary key (role_id, user_id)
    )
2026-07-12 10:26:28.100 DEBUG 19276 --- [main] org.hibernate.SQL                        : [ | ] 
    create table public.users (
        enabled boolean not null,
        created_at timestamp(6) with time zone not null,
        id bigint generated by default as identity,
        updated_at timestamp(6) with time zone not null,
        username varchar(50) not null unique,
        first_name varchar(100) not null,
        last_name varchar(100) not null,
        email varchar(255) not null unique,
        password_hash varchar(255) not null,
        primary key (id)
    )
2026-07-12 10:26:28.105 DEBUG 19276 --- [main] org.hibernate.SQL                        : [ | ] 
    alter table if exists public.activities 
       add constraint FKmfjrc8jdvy0yrr7x67qmrxkue 
       foreign key (actor_id) 
       references public.users
2026-07-12 10:26:28.107 DEBUG 19276 --- [main] org.hibernate.SQL                        : [ | ] 
    alter table if exists public.projects 
       add constraint FKmueqy6cpcwpfl8gnnag4idjt9 
       foreign key (owner_id) 
       references public.users
2026-07-12 10:26:28.109 DEBUG 19276 --- [main] org.hibernate.SQL                        : [ | ] 
    alter table if exists public.refresh_tokens 
       add constraint FK1lih5y2npsf8u5o3vhdb9y0os 
       foreign key (user_id) 
       references public.users
2026-07-12 10:26:28.111 DEBUG 19276 --- [main] org.hibernate.SQL                        : [ | ] 
    alter table if exists public.tasks 
       add constraint FKekr1dgiqktpyoip3qmp6lxsit 
       foreign key (assignee_id) 
       references public.users
2026-07-12 10:26:28.115 DEBUG 19276 --- [main] org.hibernate.SQL                        : [ | ] 
    alter table if exists public.tasks 
       add constraint FK9dgm9t7wn4w3gh57h63g712lo 
       foreign key (created_by) 
       references public.users
2026-07-12 10:26:28.117 DEBUG 19276 --- [main] org.hibernate.SQL                        : [ | ] 
    alter table if exists public.tasks 
       add constraint FKsfhn82y57i3k9uxww1s007acc 
       foreign key (project_id) 
       references public.projects
2026-07-12 10:26:28.121 DEBUG 19276 --- [main] org.hibernate.SQL                        : [ | ] 
    alter table if exists public.team_members 
       add constraint FKtgca08el3ofisywcf11f0f76t 
       foreign key (team_id) 
       references public.teams
2026-07-12 10:26:28.124 DEBUG 19276 --- [main] org.hibernate.SQL                        : [ | ] 
    alter table if exists public.team_members 
       add constraint FKee8x7x5026imwmma9kndkxs36 
       foreign key (user_id) 
       references public.users
2026-07-12 10:26:28.127 DEBUG 19276 --- [main] org.hibernate.SQL                        : [ | ] 
    alter table if exists public.user_roles 
       add constraint FKh8ciramu9cc9q3qcqiv4ue8a6 
       foreign key (role_id) 
       references public.roles
2026-07-12 10:26:28.129 DEBUG 19276 --- [main] org.hibernate.SQL                        : [ | ] 
    alter table if exists public.user_roles 
       add constraint FKhfh9dx7w3ubf1co1vdev94g3f 
       foreign key (user_id) 
       references public.users
2026-07-12 10:26:29.255  INFO 19276 --- [main] c.forgemind.modules.ai.config.AiConfig   : [ | ] Initializing AI Provider: MOCK
2026-07-12 10:26:29.434  INFO 19276 --- [main] c.f.modules.ai.tools.ToolExecutor        : [ | ] ToolExecutor initialized with 5 tools: [metrics.compute, task.list, team.fetch, activity.recent, project.fetch]
2026-07-12 10:26:29.462  INFO 19276 --- [main] c.f.m.a.embedding.MockEmbeddingProvider  : [ | ] MockEmbeddingProvider initialized with 1536 dimensions
2026-07-12 10:26:29.552  INFO 19276 --- [main] c.f.modules.ai.agent.AgentRegistry       : [ | ] AgentRegistry initialized with 5 agents: [PLANNING, DOCUMENTATION, RISK_ANALYSIS, SPRINT_PLANNING, STANDUP]
2026-07-12 10:26:29.896  INFO 19276 --- [main] eAuthenticationProviderManagerConfigurer : [ | ] Global AuthenticationManager configured with AuthenticationProvider bean with name authenticationProvider
2026-07-12 10:26:29.897  WARN 19276 --- [main] r$InitializeUserDetailsManagerConfigurer : [ | ] Global AuthenticationManager configured with an AuthenticationProvider bean. UserDetailsService beans will not be used for username/password login. Consider removing the AuthenticationProvider bean. Alternatively, consider using the UserDetailsService in a manually instantiated DaoAuthenticationProvider.
2026-07-12 10:26:32.010 DEBUG 19276 --- [main] c.f.config.filter.MdcLoggingFilter       : [ | ] Filter 'mdcLoggingFilter' configured for use
2026-07-12 10:26:32.011 DEBUG 19276 --- [main] c.f.m.a.s.JwtAuthenticationFilter        : [ | ] Filter 'jwtAuthenticationFilter' configured for use
2026-07-12 10:26:32.064  INFO 19276 --- [main] org.springframework.web.SimpLogging      : [ | ] Starting...
2026-07-12 10:26:32.064  INFO 19276 --- [main] org.springframework.web.SimpLogging      : [ | ] BrokerAvailabilityEvent[available=true, SimpleBrokerMessageHandler [org.springframework.messaging.simp.broker.DefaultSubscriptionRegistry@738db631]]
2026-07-12 10:26:32.065  INFO 19276 --- [main] org.springframework.web.SimpLogging      : [ | ] Started.
2026-07-12 10:26:32.107  INFO 19276 --- [main] c.f.m.a.c.AuthControllerIntegrationTest  : [ | ] Started AuthControllerIntegrationTest in 7.398 seconds (process running for 37.573)
2026-07-12 10:26:32.469 DEBUG 19276 --- [main] org.hibernate.SQL                        : [ | ] 
    select
        u1_0.id,
        u1_0.created_at,
        u1_0.email,
        u1_0.enabled,
        u1_0.first_name,
        u1_0.last_name,
        u1_0.password_hash,
        u1_0.updated_at,
        u1_0.username 
    from
        public.users u1_0
2026-07-12 10:26:32.540 DEBUG 19276 --- [main] org.hibernate.SQL                        : [ | ] 
    select
        r1_0.id,
        r1_0.created_at,
        r1_0.description,
        r1_0.name 
    from
        public.roles r1_0
2026-07-12 10:26:32.629 DEBUG 19276 --- [main] org.hibernate.SQL                        : [ | ] 
    insert 
    into
        public.roles
        (created_at, description, name, id) 
    values
        (?, ?, ?, default)
2026-07-12 10:26:33.058  WARN 19276 --- [main] c.f.c.exception.GlobalExceptionHandler   : [ca124eac-ccc4-4e4e-8989-a3bc9067aa82 | ] Validation failure on /api/v1/auth/register: {password=Password must be at least 8 characters long}
2026-07-12 10:26:33.334 DEBUG 19276 --- [main] org.hibernate.SQL                        : [ | ] 
    select
        u1_0.id,
        u1_0.created_at,
        u1_0.email,
        u1_0.enabled,
        u1_0.first_name,
        u1_0.last_name,
        u1_0.password_hash,
        u1_0.updated_at,
        u1_0.username 
    from
        public.users u1_0
2026-07-12 10:26:33.339 DEBUG 19276 --- [main] org.hibernate.SQL                        : [ | ] 
    select
        r1_0.id,
        r1_0.created_at,
        r1_0.description,
        r1_0.name 
    from
        public.roles r1_0
2026-07-12 10:26:33.343 DEBUG 19276 --- [main] org.hibernate.SQL                        : [ | ] 
    insert 
    into
        public.roles
        (created_at, description, name, id) 
    values
        (?, ?, ?, default)
2026-07-12 10:26:33.358  WARN 19276 --- [main] c.f.c.exception.GlobalExceptionHandler   : [0c7d4eb8-47bf-4564-bc44-40c2bf7a80c2 | ] Validation failure on /api/v1/auth/register: {username=Username is required}
2026-07-12 10:26:33.386 DEBUG 19276 --- [main] org.hibernate.SQL                        : [ | ] 
    select
        u1_0.id,
        u1_0.created_at,
        u1_0.email,
        u1_0.enabled,
        u1_0.first_name,
        u1_0.last_name,
        u1_0.password_hash,
        u1_0.updated_at,
        u1_0.username 
    from
        public.users u1_0
2026-07-12 10:26:33.390 DEBUG 19276 --- [main] org.hibernate.SQL                        : [ | ] 
    select
        r1_0.id,
        r1_0.created_at,
        r1_0.description,
        r1_0.name 
    from
        public.roles r1_0
2026-07-12 10:26:33.390 DEBUG 19276 --- [main] org.hibernate.SQL                        : [ | ] 
    insert 
    into
        public.roles
        (created_at, description, name, id) 
    values
        (?, ?, ?, default)
2026-07-12 10:26:33.408 DEBUG 19276 --- [main] c.f.modules.auth.service.AuthService     : [c0b42b26-5ee7-420a-8325-08b87630d926 | ] Attempting to register new user: alicesmith
2026-07-12 10:26:33.531 DEBUG 19276 --- [main] org.hibernate.SQL                        : [c0b42b26-5ee7-420a-8325-08b87630d926 | ] 
    select
        u1_0.id 
    from
        public.users u1_0 
    where
        u1_0.username=? 
    fetch
        first ? rows only
2026-07-12 10:26:33.546 DEBUG 19276 --- [main] org.hibernate.SQL                        : [c0b42b26-5ee7-420a-8325-08b87630d926 | ] 
    select
        u1_0.id 
    from
        public.users u1_0 
    where
        u1_0.email=? 
    fetch
        first ? rows only
2026-07-12 10:26:33.552 DEBUG 19276 --- [main] org.hibernate.SQL                        : [c0b42b26-5ee7-420a-8325-08b87630d926 | ] 
    select
        r1_0.id,
        r1_0.created_at,
        r1_0.description,
        r1_0.name 
    from
        public.roles r1_0 
    where
        r1_0.name=?
2026-07-12 10:26:34.422 DEBUG 19276 --- [main] org.hibernate.SQL                        : [c0b42b26-5ee7-420a-8325-08b87630d926 | ] 
    insert 
    into
        public.users
        (created_at, email, enabled, first_name, last_name, password_hash, updated_at, username, id) 
    values
        (?, ?, ?, ?, ?, ?, ?, ?, default)
2026-07-12 10:26:34.432  INFO 19276 --- [main] c.f.modules.auth.service.AuthService     : [c0b42b26-5ee7-420a-8325-08b87630d926 | ] Successfully registered user: alicesmith with ID: 1
2026-07-12 10:26:34.518 DEBUG 19276 --- [main] org.hibernate.SQL                        : [ | ] 
    select
        u1_0.id,
        u1_0.created_at,
        u1_0.email,
        u1_0.enabled,
        u1_0.first_name,
        u1_0.last_name,
        u1_0.password_hash,
        u1_0.updated_at,
        u1_0.username 
    from
        public.users u1_0
2026-07-12 10:26:34.524 DEBUG 19276 --- [main] org.hibernate.SQL                        : [ | ] 
    select
        r1_0.id,
        r1_0.created_at,
        r1_0.description,
        r1_0.name 
    from
        public.roles r1_0
2026-07-12 10:26:34.526 DEBUG 19276 --- [main] org.hibernate.SQL                        : [ | ] 
    insert 
    into
        public.roles
        (created_at, description, name, id) 
    values
        (?, ?, ?, default)
2026-07-12 10:26:34.541 DEBUG 19276 --- [main] c.f.modules.auth.service.AuthService     : [27f1956c-8768-48d5-8659-ee4a0e7a7ba9 | ] Attempting to register new user: bobjones
2026-07-12 10:26:34.549 DEBUG 19276 --- [main] org.hibernate.SQL                        : [27f1956c-8768-48d5-8659-ee4a0e7a7ba9 | ] 
    select
        u1_0.id 
    from
        public.users u1_0 
    where
        u1_0.username=? 
    fetch
        first ? rows only
2026-07-12 10:26:34.562 DEBUG 19276 --- [main] org.hibernate.SQL                        : [27f1956c-8768-48d5-8659-ee4a0e7a7ba9 | ] 
    select
        u1_0.id 
    from
        public.users u1_0 
    where
        u1_0.email=? 
    fetch
        first ? rows only
2026-07-12 10:26:34.572 DEBUG 19276 --- [main] org.hibernate.SQL                        : [27f1956c-8768-48d5-8659-ee4a0e7a7ba9 | ] 
    select
        r1_0.id,
        r1_0.created_at,
        r1_0.description,
        r1_0.name 
    from
        public.roles r1_0 
    where
        r1_0.name=?
2026-07-12 10:26:35.162 DEBUG 19276 --- [main] org.hibernate.SQL                        : [27f1956c-8768-48d5-8659-ee4a0e7a7ba9 | ] 
    insert 
    into
        public.users
        (created_at, email, enabled, first_name, last_name, password_hash, updated_at, username, id) 
    values
        (?, ?, ?, ?, ?, ?, ?, ?, default)
2026-07-12 10:26:35.166  INFO 19276 --- [main] c.f.modules.auth.service.AuthService     : [27f1956c-8768-48d5-8659-ee4a0e7a7ba9 | ] Successfully registered user: bobjones with ID: 2
2026-07-12 10:26:35.189 DEBUG 19276 --- [main] org.hibernate.SQL                        : [ | ] 
    select
        u1_0.id,
        u1_0.created_at,
        u1_0.email,
        u1_0.enabled,
        u1_0.first_name,
        u1_0.last_name,
        u1_0.password_hash,
        u1_0.updated_at,
        u1_0.username 
    from
        public.users u1_0
2026-07-12 10:26:35.192 DEBUG 19276 --- [main] org.hibernate.SQL                        : [ | ] 
    select
        r1_0.id,
        r1_0.created_at,
        r1_0.description,
        r1_0.name 
    from
        public.roles r1_0
2026-07-12 10:26:35.193 DEBUG 19276 --- [main] org.hibernate.SQL                        : [ | ] 
    insert 
    into
        public.roles
        (created_at, description, name, id) 
    values
        (?, ?, ?, default)
2026-07-12 10:26:35.203 DEBUG 19276 --- [main] c.f.modules.auth.service.AuthService     : [bef20260-3ea4-4864-9172-0a9a20d63464 | ] Attempting to register new user: davegreen
2026-07-12 10:26:35.206 DEBUG 19276 --- [main] org.hibernate.SQL                        : [bef20260-3ea4-4864-9172-0a9a20d63464 | ] 
    select
        u1_0.id 
    from
        public.users u1_0 
    where
        u1_0.username=? 
    fetch
        first ? rows only
2026-07-12 10:26:35.210 DEBUG 19276 --- [main] org.hibernate.SQL                        : [bef20260-3ea4-4864-9172-0a9a20d63464 | ] 
    select
        u1_0.id 
    from
        public.users u1_0 
    where
        u1_0.email=? 
    fetch
        first ? rows only
2026-07-12 10:26:35.214 DEBUG 19276 --- [main] org.hibernate.SQL                        : [bef20260-3ea4-4864-9172-0a9a20d63464 | ] 
    select
        r1_0.id,
        r1_0.created_at,
        r1_0.description,
        r1_0.name 
    from
        public.roles r1_0 
    where
        r1_0.name=?
2026-07-12 10:26:35.774 DEBUG 19276 --- [main] org.hibernate.SQL                        : [bef20260-3ea4-4864-9172-0a9a20d63464 | ] 
    insert 
    into
        public.users
        (created_at, email, enabled, first_name, last_name, password_hash, updated_at, username, id) 
    values
        (?, ?, ?, ?, ?, ?, ?, ?, default)
2026-07-12 10:26:35.776  INFO 19276 --- [main] c.f.modules.auth.service.AuthService     : [bef20260-3ea4-4864-9172-0a9a20d63464 | ] Successfully registered user: davegreen with ID: 3
2026-07-12 10:26:35.786 DEBUG 19276 --- [main] c.f.modules.auth.service.AuthService     : [43946ab1-a98b-49b0-b2e8-11ea1cb99704 | ] Attempting to register new user: davegreen2
2026-07-12 10:26:35.796 DEBUG 19276 --- [main] org.hibernate.SQL                        : [43946ab1-a98b-49b0-b2e8-11ea1cb99704 | ] 
    select
        u1_0.id 
    from
        public.users u1_0 
    where
        u1_0.username=? 
    fetch
        first ? rows only
2026-07-12 10:26:35.801 DEBUG 19276 --- [main] org.hibernate.SQL                        : [43946ab1-a98b-49b0-b2e8-11ea1cb99704 | ] 
    select
        u1_0.id 
    from
        public.users u1_0 
    where
        u1_0.email=? 
    fetch
        first ? rows only
2026-07-12 10:26:35.807  WARN 19276 --- [main] c.f.c.exception.GlobalExceptionHandler   : [43946ab1-a98b-49b0-b2e8-11ea1cb99704 | ] Domain exception on /api/v1/auth/register: EMAIL_EXISTS - Email is already taken
2026-07-12 10:26:35.833 DEBUG 19276 --- [main] org.hibernate.SQL                        : [ | ] 
    select
        u1_0.id,
        u1_0.created_at,
        u1_0.email,
        u1_0.enabled,
        u1_0.first_name,
        u1_0.last_name,
        u1_0.password_hash,
        u1_0.updated_at,
        u1_0.username 
    from
        public.users u1_0
2026-07-12 10:26:35.836 DEBUG 19276 --- [main] org.hibernate.SQL                        : [ | ] 
    select
        r1_0.id,
        r1_0.created_at,
        r1_0.description,
        r1_0.name 
    from
        public.roles r1_0
2026-07-12 10:26:35.838 DEBUG 19276 --- [main] org.hibernate.SQL                        : [ | ] 
    insert 
    into
        public.roles
        (created_at, description, name, id) 
    values
        (?, ?, ?, default)
2026-07-12 10:26:35.848 DEBUG 19276 --- [main] c.f.modules.auth.service.AuthService     : [2f851c76-120b-4e79-880b-17f92601ef59 | ] Attempting to register new user: carolwhite
2026-07-12 10:26:35.851 DEBUG 19276 --- [main] org.hibernate.SQL                        : [2f851c76-120b-4e79-880b-17f92601ef59 | ] 
    select
        u1_0.id 
    from
        public.users u1_0 
    where
        u1_0.username=? 
    fetch
        first ? rows only
2026-07-12 10:26:35.854 DEBUG 19276 --- [main] org.hibernate.SQL                        : [2f851c76-120b-4e79-880b-17f92601ef59 | ] 
    select
        u1_0.id 
    from
        public.users u1_0 
    where
        u1_0.email=? 
    fetch
        first ? rows only
2026-07-12 10:26:35.857 DEBUG 19276 --- [main] org.hibernate.SQL                        : [2f851c76-120b-4e79-880b-17f92601ef59 | ] 
    select
        r1_0.id,
        r1_0.created_at,
        r1_0.description,
        r1_0.name 
    from
        public.roles r1_0 
    where
        r1_0.name=?
2026-07-12 10:26:36.397 DEBUG 19276 --- [main] org.hibernate.SQL                        : [2f851c76-120b-4e79-880b-17f92601ef59 | ] 
    insert 
    into
        public.users
        (created_at, email, enabled, first_name, last_name, password_hash, updated_at, username, id) 
    values
        (?, ?, ?, ?, ?, ?, ?, ?, default)
2026-07-12 10:26:36.400  INFO 19276 --- [main] c.f.modules.auth.service.AuthService     : [2f851c76-120b-4e79-880b-17f92601ef59 | ] Successfully registered user: carolwhite with ID: 4
2026-07-12 10:26:36.415 DEBUG 19276 --- [main] c.f.modules.auth.service.AuthService     : [572a89c2-b790-47f6-a446-999916fe8671 | ] Attempting to register new user: carolwhite
2026-07-12 10:26:36.418 DEBUG 19276 --- [main] org.hibernate.SQL                        : [572a89c2-b790-47f6-a446-999916fe8671 | ] 
    select
        u1_0.id 
    from
        public.users u1_0 
    where
        u1_0.username=? 
    fetch
        first ? rows only
2026-07-12 10:26:36.420  WARN 19276 --- [main] c.f.c.exception.GlobalExceptionHandler   : [572a89c2-b790-47f6-a446-999916fe8671 | ] Domain exception on /api/v1/auth/register: USERNAME_EXISTS - Username is already taken
2026-07-12 10:26:36.448 DEBUG 19276 --- [main] org.hibernate.SQL                        : [ | ] 
    select
        u1_0.id,
        u1_0.created_at,
        u1_0.email,
        u1_0.enabled,
        u1_0.first_name,
        u1_0.last_name,
        u1_0.password_hash,
        u1_0.updated_at,
        u1_0.username 
    from
        public.users u1_0
2026-07-12 10:26:36.452 DEBUG 19276 --- [main] org.hibernate.SQL                        : [ | ] 
    select
        r1_0.id,
        r1_0.created_at,
        r1_0.description,
        r1_0.name 
    from
        public.roles r1_0
2026-07-12 10:26:36.454 DEBUG 19276 --- [main] org.hibernate.SQL                        : [ | ] 
    insert 
    into
        public.roles
        (created_at, description, name, id) 
    values
        (?, ?, ?, default)
2026-07-12 10:26:36.465  WARN 19276 --- [main] c.f.c.exception.GlobalExceptionHandler   : [2dcfe85d-d375-4010-b598-585c72d6aade | ] Validation failure on /api/v1/auth/register: {email=Email should be valid}
2026-07-12 10:26:36.484 DEBUG 19276 --- [main] org.hibernate.SQL                        : [ | ] 
    select
        u1_0.id,
        u1_0.created_at,
        u1_0.email,
        u1_0.enabled,
        u1_0.first_name,
        u1_0.last_name,
        u1_0.password_hash,
        u1_0.updated_at,
        u1_0.username 
    from
        public.users u1_0
2026-07-12 10:26:36.489 DEBUG 19276 --- [main] org.hibernate.SQL                        : [ | ] 
    select
        r1_0.id,
        r1_0.created_at,
        r1_0.description,
        r1_0.name 
    from
        public.roles r1_0
2026-07-12 10:26:36.491 DEBUG 19276 --- [main] org.hibernate.SQL                        : [ | ] 
    insert 
    into
        public.roles
        (created_at, description, name, id) 
    values
        (?, ?, ?, default)
2026-07-12 10:26:36.500  WARN 19276 --- [main] c.f.c.exception.GlobalExceptionHandler   : [fc5f7ccf-c026-4bda-9dd9-0da125b7ac47 | ] Validation failure on /api/v1/auth/register: {firstName=First name is required}
2026-07-12 10:26:36.571 DEBUG 19276 --- [main] org.hibernate.SQL                        : [ | ] 
    select
        rt1_0.id,
        rt1_0.created_at,
        rt1_0.expires_at,
        rt1_0.revoked,
        rt1_0.token_hash,
        rt1_0.user_id 
    from
        public.refresh_tokens rt1_0
2026-07-12 10:26:36.576 DEBUG 19276 --- [main] org.hibernate.SQL                        : [ | ] 
    select
        u1_0.id,
        u1_0.created_at,
        u1_0.email,
        u1_0.enabled,
        u1_0.first_name,
        u1_0.last_name,
        u1_0.password_hash,
        u1_0.updated_at,
        u1_0.username 
    from
        public.users u1_0
2026-07-12 10:26:36.584 DEBUG 19276 --- [main] org.hibernate.SQL                        : [ | ] 
    select
        r1_0.id,
        r1_0.created_at,
        r1_0.description,
        r1_0.name 
    from
        public.roles r1_0
2026-07-12 10:26:36.589 DEBUG 19276 --- [main] org.hibernate.SQL                        : [ | ] 
    insert 
    into
        public.roles
        (created_at, description, name, id) 
    values
        (?, ?, ?, default)
2026-07-12 10:26:36.600 DEBUG 19276 --- [main] c.f.modules.auth.service.AuthService     : [3f616d5c-7660-4156-8c65-e3e44c0b9a19 | ] Attempting to register new user: alicesmith
2026-07-12 10:26:36.603 DEBUG 19276 --- [main] org.hibernate.SQL                        : [3f616d5c-7660-4156-8c65-e3e44c0b9a19 | ] 
    select
        u1_0.id 
    from
        public.users u1_0 
    where
        u1_0.username=? 
    fetch
        first ? rows only
2026-07-12 10:26:36.607 DEBUG 19276 --- [main] org.hibernate.SQL                        : [3f616d5c-7660-4156-8c65-e3e44c0b9a19 | ] 
    select
        u1_0.id 
    from
        public.users u1_0 
    where
        u1_0.email=? 
    fetch
        first ? rows only
2026-07-12 10:26:36.612 DEBUG 19276 --- [main] org.hibernate.SQL                        : [3f616d5c-7660-4156-8c65-e3e44c0b9a19 | ] 
    select
        r1_0.id,
        r1_0.created_at,
        r1_0.description,
        r1_0.name 
    from
        public.roles r1_0 
    where
        r1_0.name=?
2026-07-12 10:26:37.160 DEBUG 19276 --- [main] org.hibernate.SQL                        : [3f616d5c-7660-4156-8c65-e3e44c0b9a19 | ] 
    insert 
    into
        public.users
        (created_at, email, enabled, first_name, last_name, password_hash, updated_at, username, id) 
    values
        (?, ?, ?, ?, ?, ?, ?, ?, default)
2026-07-12 10:26:37.163  INFO 19276 --- [main] c.f.modules.auth.service.AuthService     : [3f616d5c-7660-4156-8c65-e3e44c0b9a19 | ] Successfully registered user: alicesmith with ID: 5
2026-07-12 10:26:37.190 DEBUG 19276 --- [main] org.hibernate.SQL                        : [f5f0e368-3292-4206-89d4-f9cb5b6b3a34 | ] 
    select
        u1_0.id,
        u1_0.created_at,
        u1_0.email,
        u1_0.enabled,
        u1_0.first_name,
        u1_0.last_name,
        u1_0.password_hash,
        u1_0.updated_at,
        u1_0.username 
    from
        public.users u1_0 
    where
        u1_0.username=?
2026-07-12 10:26:37.197 DEBUG 19276 --- [main] org.hibernate.SQL                        : [f5f0e368-3292-4206-89d4-f9cb5b6b3a34 | ] 
    select
        u1_0.id,
        u1_0.created_at,
        u1_0.email,
        u1_0.enabled,
        u1_0.first_name,
        u1_0.last_name,
        u1_0.password_hash,
        u1_0.updated_at,
        u1_0.username 
    from
        public.users u1_0 
    where
        u1_0.email=?
2026-07-12 10:26:37.881 DEBUG 19276 --- [main] org.hibernate.SQL                        : [f5f0e368-3292-4206-89d4-f9cb5b6b3a34 | ] 
    select
        u1_0.id,
        u1_0.created_at,
        u1_0.email,
        u1_0.enabled,
        u1_0.first_name,
        u1_0.last_name,
        u1_0.password_hash,
        u1_0.updated_at,
        u1_0.username 
    from
        public.users u1_0 
    where
        u1_0.username=?
2026-07-12 10:26:38.789 DEBUG 19276 --- [main] org.hibernate.SQL                        : [f5f0e368-3292-4206-89d4-f9cb5b6b3a34 | ] 
    delete 
    from
        public.refresh_tokens rt1_0 
    where
        rt1_0.expires_at<?
2026-07-12 10:26:38.796 DEBUG 19276 --- [main] org.hibernate.SQL                        : [f5f0e368-3292-4206-89d4-f9cb5b6b3a34 | ] 
    insert 
    into
        public.refresh_tokens
        (created_at, expires_at, revoked, token_hash, user_id, id) 
    values
        (?, ?, ?, ?, ?, default)
2026-07-12 10:26:38.798  INFO 19276 --- [main] c.f.modules.auth.service.AuthService     : [f5f0e368-3292-4206-89d4-f9cb5b6b3a34 | ] User 'alicesmith' (ID: 5) logged in successfully
2026-07-12 10:26:38.824 DEBUG 19276 --- [main] org.hibernate.SQL                        : [ | ] 
    select
        rt1_0.id,
        rt1_0.created_at,
        rt1_0.expires_at,
        rt1_0.revoked,
        rt1_0.token_hash,
        rt1_0.user_id 
    from
        public.refresh_tokens rt1_0
2026-07-12 10:26:38.827 DEBUG 19276 --- [main] org.hibernate.SQL                        : [ | ] 
    select
        u1_0.id,
        u1_0.created_at,
        u1_0.email,
        u1_0.enabled,
        u1_0.first_name,
        u1_0.last_name,
        u1_0.password_hash,
        u1_0.updated_at,
        u1_0.username 
    from
        public.users u1_0
2026-07-12 10:26:38.832 DEBUG 19276 --- [main] org.hibernate.SQL                        : [ | ] 
    select
        r1_0.id,
        r1_0.created_at,
        r1_0.description,
        r1_0.name 
    from
        public.roles r1_0
2026-07-12 10:26:38.835 DEBUG 19276 --- [main] org.hibernate.SQL                        : [ | ] 
    insert 
    into
        public.roles
        (created_at, description, name, id) 
    values
        (?, ?, ?, default)
2026-07-12 10:26:38.860 DEBUG 19276 --- [main] c.f.modules.auth.service.AuthService     : [6a3359e7-e6bd-4048-826f-4ccd03e51375 | ] Attempting to register new user: alicesmith
2026-07-12 10:26:38.865 DEBUG 19276 --- [main] org.hibernate.SQL                        : [6a3359e7-e6bd-4048-826f-4ccd03e51375 | ] 
    select
        u1_0.id 
    from
        public.users u1_0 
    where
        u1_0.username=? 
    fetch
        first ? rows only
2026-07-12 10:26:38.867 DEBUG 19276 --- [main] org.hibernate.SQL                        : [6a3359e7-e6bd-4048-826f-4ccd03e51375 | ] 
    select
        u1_0.id 
    from
        public.users u1_0 
    where
        u1_0.email=? 
    fetch
        first ? rows only
2026-07-12 10:26:38.873 DEBUG 19276 --- [main] org.hibernate.SQL                        : [6a3359e7-e6bd-4048-826f-4ccd03e51375 | ] 
    select
        r1_0.id,
        r1_0.created_at,
        r1_0.description,
        r1_0.name 
    from
        public.roles r1_0 
    where
        r1_0.name=?
2026-07-12 10:26:39.434 DEBUG 19276 --- [main] org.hibernate.SQL                        : [6a3359e7-e6bd-4048-826f-4ccd03e51375 | ] 
    insert 
    into
        public.users
        (created_at, email, enabled, first_name, last_name, password_hash, updated_at, username, id) 
    values
        (?, ?, ?, ?, ?, ?, ?, ?, default)
2026-07-12 10:26:39.438  INFO 19276 --- [main] c.f.modules.auth.service.AuthService     : [6a3359e7-e6bd-4048-826f-4ccd03e51375 | ] Successfully registered user: alicesmith with ID: 6
2026-07-12 10:26:39.447 DEBUG 19276 --- [main] org.hibernate.SQL                        : [d6892e39-bb18-4555-993e-df49ea448881 | ] 
    select
        u1_0.id,
        u1_0.created_at,
        u1_0.email,
        u1_0.enabled,
        u1_0.first_name,
        u1_0.last_name,
        u1_0.password_hash,
        u1_0.updated_at,
        u1_0.username 
    from
        public.users u1_0 
    where
        u1_0.username=?
2026-07-12 10:26:39.453 DEBUG 19276 --- [main] org.hibernate.SQL                        : [d6892e39-bb18-4555-993e-df49ea448881 | ] 
    select
        u1_0.id,
        u1_0.created_at,
        u1_0.email,
        u1_0.enabled,
        u1_0.first_name,
        u1_0.last_name,
        u1_0.password_hash,
        u1_0.updated_at,
        u1_0.username 
    from
        public.users u1_0 
    where
        u1_0.username=?
2026-07-12 10:26:40.000 DEBUG 19276 --- [main] org.hibernate.SQL                        : [d6892e39-bb18-4555-993e-df49ea448881 | ] 
    delete 
    from
        public.refresh_tokens rt1_0 
    where
        rt1_0.expires_at<?
2026-07-12 10:26:40.003 DEBUG 19276 --- [main] org.hibernate.SQL                        : [d6892e39-bb18-4555-993e-df49ea448881 | ] 
    insert 
    into
        public.refresh_tokens
        (created_at, expires_at, revoked, token_hash, user_id, id) 
    values
        (?, ?, ?, ?, ?, default)
2026-07-12 10:26:40.003  INFO 19276 --- [main] c.f.modules.auth.service.AuthService     : [d6892e39-bb18-4555-993e-df49ea448881 | ] User 'alicesmith' (ID: 6) logged in successfully
2026-07-12 10:26:40.210 DEBUG 19276 --- [main] org.hibernate.SQL                        : [ | ] 
    select
        rt1_0.id,
        rt1_0.created_at,
        rt1_0.expires_at,
        rt1_0.revoked,
        rt1_0.token_hash,
        rt1_0.user_id 
    from
        public.refresh_tokens rt1_0
2026-07-12 10:26:40.212 DEBUG 19276 --- [main] org.hibernate.SQL                        : [ | ] 
    select
        u1_0.id,
        u1_0.created_at,
        u1_0.email,
        u1_0.enabled,
        u1_0.first_name,
        u1_0.last_name,
        u1_0.password_hash,
        u1_0.updated_at,
        u1_0.username 
    from
        public.users u1_0
2026-07-12 10:26:40.216 DEBUG 19276 --- [main] org.hibernate.SQL                        : [ | ] 
    select
        r1_0.id,
        r1_0.created_at,
        r1_0.description,
        r1_0.name 
    from
        public.roles r1_0
2026-07-12 10:26:40.216 DEBUG 19276 --- [main] org.hibernate.SQL                        : [ | ] 
    insert 
    into
        public.roles
        (created_at, description, name, id) 
    values
        (?, ?, ?, default)
2026-07-12 10:26:40.223 DEBUG 19276 --- [main] c.f.modules.auth.service.AuthService     : [c80fbb2b-207a-4390-8047-4b8e37299957 | ] Attempting to register new user: alicesmith
2026-07-12 10:26:40.225 DEBUG 19276 --- [main] org.hibernate.SQL                        : [c80fbb2b-207a-4390-8047-4b8e37299957 | ] 
    select
        u1_0.id 
    from
        public.users u1_0 
    where
        u1_0.username=? 
    fetch
        first ? rows only
2026-07-12 10:26:40.229 DEBUG 19276 --- [main] org.hibernate.SQL                        : [c80fbb2b-207a-4390-8047-4b8e37299957 | ] 
    select
        u1_0.id 
    from
        public.users u1_0 
    where
        u1_0.email=? 
    fetch
        first ? rows only
2026-07-12 10:26:40.233 DEBUG 19276 --- [main] org.hibernate.SQL                        : [c80fbb2b-207a-4390-8047-4b8e37299957 | ] 
    select
        r1_0.id,
        r1_0.created_at,
        r1_0.description,
        r1_0.name 
    from
        public.roles r1_0 
    where
        r1_0.name=?
2026-07-12 10:26:40.773 DEBUG 19276 --- [main] org.hibernate.SQL                        : [c80fbb2b-207a-4390-8047-4b8e37299957 | ] 
    insert 
    into
        public.users
        (created_at, email, enabled, first_name, last_name, password_hash, updated_at, username, id) 
    values
        (?, ?, ?, ?, ?, ?, ?, ?, default)
2026-07-12 10:26:40.776  INFO 19276 --- [main] c.f.modules.auth.service.AuthService     : [c80fbb2b-207a-4390-8047-4b8e37299957 | ] Successfully registered user: alicesmith with ID: 7
2026-07-12 10:26:40.786 DEBUG 19276 --- [main] org.hibernate.SQL                        : [d812f038-f450-43b0-bdae-d66cbc4eace1 | ] 
    select
        u1_0.id,
        u1_0.created_at,
        u1_0.email,
        u1_0.enabled,
        u1_0.first_name,
        u1_0.last_name,
        u1_0.password_hash,
        u1_0.updated_at,
        u1_0.username 
    from
        public.users u1_0 
    where
        u1_0.username=?
2026-07-12 10:26:40.790 DEBUG 19276 --- [main] org.hibernate.SQL                        : [d812f038-f450-43b0-bdae-d66cbc4eace1 | ] 
    select
        u1_0.id,
        u1_0.created_at,
        u1_0.email,
        u1_0.enabled,
        u1_0.first_name,
        u1_0.last_name,
        u1_0.password_hash,
        u1_0.updated_at,
        u1_0.username 
    from
        public.users u1_0 
    where
        u1_0.username=?
2026-07-12 10:26:41.336 DEBUG 19276 --- [main] org.hibernate.SQL                        : [d812f038-f450-43b0-bdae-d66cbc4eace1 | ] 
    delete 
    from
        public.refresh_tokens rt1_0 
    where
        rt1_0.expires_at<?
2026-07-12 10:26:41.338 DEBUG 19276 --- [main] org.hibernate.SQL                        : [d812f038-f450-43b0-bdae-d66cbc4eace1 | ] 
    insert 
    into
        public.refresh_tokens
        (created_at, expires_at, revoked, token_hash, user_id, id) 
    values
        (?, ?, ?, ?, ?, default)
2026-07-12 10:26:41.340  INFO 19276 --- [main] c.f.modules.auth.service.AuthService     : [d812f038-f450-43b0-bdae-d66cbc4eace1 | ] User 'alicesmith' (ID: 7) logged in successfully
2026-07-12 10:26:41.360 DEBUG 19276 --- [main] org.hibernate.SQL                        : [ | ] 
    select
        rt1_0.id,
        rt1_0.created_at,
        rt1_0.expires_at,
        rt1_0.revoked,
        rt1_0.token_hash,
        rt1_0.user_id 
    from
        public.refresh_tokens rt1_0
2026-07-12 10:26:41.363 DEBUG 19276 --- [main] org.hibernate.SQL                        : [ | ] 
    select
        u1_0.id,
        u1_0.created_at,
        u1_0.email,
        u1_0.enabled,
        u1_0.first_name,
        u1_0.last_name,
        u1_0.password_hash,
        u1_0.updated_at,
        u1_0.username 
    from
        public.users u1_0
2026-07-12 10:26:41.366 DEBUG 19276 --- [main] org.hibernate.SQL                        : [ | ] 
    select
        r1_0.id,
        r1_0.created_at,
        r1_0.description,
        r1_0.name 
    from
        public.roles r1_0
2026-07-12 10:26:41.367 DEBUG 19276 --- [main] org.hibernate.SQL                        : [ | ] 
    insert 
    into
        public.roles
        (created_at, description, name, id) 
    values
        (?, ?, ?, default)
2026-07-12 10:26:41.374 DEBUG 19276 --- [main] c.f.modules.auth.service.AuthService     : [ee151ce2-5644-4aed-9fe3-e9b6d2db6310 | ] Attempting to register new user: alicesmith
2026-07-12 10:26:41.376 DEBUG 19276 --- [main] org.hibernate.SQL                        : [ee151ce2-5644-4aed-9fe3-e9b6d2db6310 | ] 
    select
        u1_0.id 
    from
        public.users u1_0 
    where
        u1_0.username=? 
    fetch
        first ? rows only
2026-07-12 10:26:41.379 DEBUG 19276 --- [main] org.hibernate.SQL                        : [ee151ce2-5644-4aed-9fe3-e9b6d2db6310 | ] 
    select
        u1_0.id 
    from
        public.users u1_0 
    where
        u1_0.email=? 
    fetch
        first ? rows only
2026-07-12 10:26:41.382 DEBUG 19276 --- [main] org.hibernate.SQL                        : [ee151ce2-5644-4aed-9fe3-e9b6d2db6310 | ] 
    select
        r1_0.id,
        r1_0.created_at,
        r1_0.description,
        r1_0.name 
    from
        public.roles r1_0 
    where
        r1_0.name=?
2026-07-12 10:26:41.929 DEBUG 19276 --- [main] org.hibernate.SQL                        : [ee151ce2-5644-4aed-9fe3-e9b6d2db6310 | ] 
    insert 
    into
        public.users
        (created_at, email, enabled, first_name, last_name, password_hash, updated_at, username, id) 
    values
        (?, ?, ?, ?, ?, ?, ?, ?, default)
2026-07-12 10:26:41.932  INFO 19276 --- [main] c.f.modules.auth.service.AuthService     : [ee151ce2-5644-4aed-9fe3-e9b6d2db6310 | ] Successfully registered user: alicesmith with ID: 8
2026-07-12 10:26:41.940  WARN 19276 --- [main] c.f.c.exception.GlobalExceptionHandler   : [1f2805dd-b637-4dd9-b9d1-d43af3cafd4c | ] Validation failure on /api/v1/auth/login: {usernameOrEmail=Username or email is required}
2026-07-12 10:26:41.956 DEBUG 19276 --- [main] org.hibernate.SQL                        : [ | ] 
    select
        rt1_0.id,
        rt1_0.created_at,
        rt1_0.expires_at,
        rt1_0.revoked,
        rt1_0.token_hash,
        rt1_0.user_id 
    from
        public.refresh_tokens rt1_0
2026-07-12 10:26:41.959 DEBUG 19276 --- [main] org.hibernate.SQL                        : [ | ] 
    select
        u1_0.id,
        u1_0.created_at,
        u1_0.email,
        u1_0.enabled,
        u1_0.first_name,
        u1_0.last_name,
        u1_0.password_hash,
        u1_0.updated_at,
        u1_0.username 
    from
        public.users u1_0
2026-07-12 10:26:41.961 DEBUG 19276 --- [main] org.hibernate.SQL                        : [ | ] 
    select
        r1_0.id,
        r1_0.created_at,
        r1_0.description,
        r1_0.name 
    from
        public.roles r1_0
2026-07-12 10:26:41.962 DEBUG 19276 --- [main] org.hibernate.SQL                        : [ | ] 
    insert 
    into
        public.roles
        (created_at, description, name, id) 
    values
        (?, ?, ?, default)
2026-07-12 10:26:41.968 DEBUG 19276 --- [main] c.f.modules.auth.service.AuthService     : [acd45a72-b8fb-4c0e-b2b0-01ceeab28cfe | ] Attempting to register new user: alicesmith
2026-07-12 10:26:41.971 DEBUG 19276 --- [main] org.hibernate.SQL                        : [acd45a72-b8fb-4c0e-b2b0-01ceeab28cfe | ] 
    select
        u1_0.id 
    from
        public.users u1_0 
    where
        u1_0.username=? 
    fetch
        first ? rows only
2026-07-12 10:26:41.973 DEBUG 19276 --- [main] org.hibernate.SQL                        : [acd45a72-b8fb-4c0e-b2b0-01ceeab28cfe | ] 
    select
        u1_0.id 
    from
        public.users u1_0 
    where
        u1_0.email=? 
    fetch
        first ? rows only
2026-07-12 10:26:41.976 DEBUG 19276 --- [main] org.hibernate.SQL                        : [acd45a72-b8fb-4c0e-b2b0-01ceeab28cfe | ] 
    select
        r1_0.id,
        r1_0.created_at,
        r1_0.description,
        r1_0.name 
    from
        public.roles r1_0 
    where
        r1_0.name=?
2026-07-12 10:26:42.531 DEBUG 19276 --- [main] org.hibernate.SQL                        : [acd45a72-b8fb-4c0e-b2b0-01ceeab28cfe | ] 
    insert 
    into
        public.users
        (created_at, email, enabled, first_name, last_name, password_hash, updated_at, username, id) 
    values
        (?, ?, ?, ?, ?, ?, ?, ?, default)
2026-07-12 10:26:42.533  INFO 19276 --- [main] c.f.modules.auth.service.AuthService     : [acd45a72-b8fb-4c0e-b2b0-01ceeab28cfe | ] Successfully registered user: alicesmith with ID: 9
2026-07-12 10:26:42.544 DEBUG 19276 --- [main] org.hibernate.SQL                        : [7a424634-70b9-4ad3-8527-49bc69222945 | ] 
    select
        u1_0.id,
        u1_0.created_at,
        u1_0.email,
        u1_0.enabled,
        u1_0.first_name,
        u1_0.last_name,
        u1_0.password_hash,
        u1_0.updated_at,
        u1_0.username 
    from
        public.users u1_0 
    where
        u1_0.username=?
2026-07-12 10:26:42.548 DEBUG 19276 --- [main] org.hibernate.SQL                        : [7a424634-70b9-4ad3-8527-49bc69222945 | ] 
    select
        u1_0.id,
        u1_0.created_at,
        u1_0.email,
        u1_0.enabled,
        u1_0.first_name,
        u1_0.last_name,
        u1_0.password_hash,
        u1_0.updated_at,
        u1_0.username 
    from
        public.users u1_0 
    where
        u1_0.username=?
2026-07-12 10:26:43.106 DEBUG 19276 --- [main] org.hibernate.SQL                        : [7a424634-70b9-4ad3-8527-49bc69222945 | ] 
    delete 
    from
        public.refresh_tokens rt1_0 
    where
        rt1_0.expires_at<?
2026-07-12 10:26:43.109 DEBUG 19276 --- [main] org.hibernate.SQL                        : [7a424634-70b9-4ad3-8527-49bc69222945 | ] 
    insert 
    into
        public.refresh_tokens
        (created_at, expires_at, revoked, token_hash, user_id, id) 
    values
        (?, ?, ?, ?, ?, default)
2026-07-12 10:26:43.111  INFO 19276 --- [main] c.f.modules.auth.service.AuthService     : [7a424634-70b9-4ad3-8527-49bc69222945 | ] User 'alicesmith' (ID: 9) logged in successfully
2026-07-12 10:26:43.236 DEBUG 19276 --- [main] org.hibernate.SQL                        : [ | ] 
    select
        count(*) 
    from
        public.refresh_tokens rt1_0
2026-07-12 10:26:43.251 DEBUG 19276 --- [main] org.hibernate.SQL                        : [ | ] 
    select
        rt1_0.id,
        rt1_0.created_at,
        rt1_0.expires_at,
        rt1_0.revoked,
        rt1_0.token_hash,
        rt1_0.user_id 
    from
        public.refresh_tokens rt1_0
2026-07-12 10:26:43.269 DEBUG 19276 --- [main] org.hibernate.SQL                        : [ | ] 
    select
        rt1_0.id,
        rt1_0.created_at,
        rt1_0.expires_at,
        rt1_0.revoked,
        rt1_0.token_hash,
        rt1_0.user_id 
    from
        public.refresh_tokens rt1_0
2026-07-12 10:26:43.271 DEBUG 19276 --- [main] org.hibernate.SQL                        : [ | ] 
    select
        u1_0.id,
        u1_0.created_at,
        u1_0.email,
        u1_0.enabled,
        u1_0.first_name,
        u1_0.last_name,
        u1_0.password_hash,
        u1_0.updated_at,
        u1_0.username 
    from
        public.users u1_0
2026-07-12 10:26:43.274 DEBUG 19276 --- [main] org.hibernate.SQL                        : [ | ] 
    select
        r1_0.id,
        r1_0.created_at,
        r1_0.description,
        r1_0.name 
    from
        public.roles r1_0
2026-07-12 10:26:43.276 DEBUG 19276 --- [main] org.hibernate.SQL                        : [ | ] 
    insert 
    into
        public.roles
        (created_at, description, name, id) 
    values
        (?, ?, ?, default)
2026-07-12 10:26:43.284 DEBUG 19276 --- [main] c.f.modules.auth.service.AuthService     : [60a2c0f2-5754-4ee6-9bc3-92b0c0b0c4c4 | ] Attempting to register new user: alicesmith
2026-07-12 10:26:43.286 DEBUG 19276 --- [main] org.hibernate.SQL                        : [60a2c0f2-5754-4ee6-9bc3-92b0c0b0c4c4 | ] 
    select
        u1_0.id 
    from
        public.users u1_0 
    where
        u1_0.username=? 
    fetch
        first ? rows only
2026-07-12 10:26:43.289 DEBUG 19276 --- [main] org.hibernate.SQL                        : [60a2c0f2-5754-4ee6-9bc3-92b0c0b0c4c4 | ] 
    select
        u1_0.id 
    from
        public.users u1_0 
    where
        u1_0.email=? 
    fetch
        first ? rows only
2026-07-12 10:26:43.292 DEBUG 19276 --- [main] org.hibernate.SQL                        : [60a2c0f2-5754-4ee6-9bc3-92b0c0b0c4c4 | ] 
    select
        r1_0.id,
        r1_0.created_at,
        r1_0.description,
        r1_0.name 
    from
        public.roles r1_0 
    where
        r1_0.name=?
2026-07-12 10:26:43.841 DEBUG 19276 --- [main] org.hibernate.SQL                        : [60a2c0f2-5754-4ee6-9bc3-92b0c0b0c4c4 | ] 
    insert 
    into
        public.users
        (created_at, email, enabled, first_name, last_name, password_hash, updated_at, username, id) 
    values
        (?, ?, ?, ?, ?, ?, ?, ?, default)
2026-07-12 10:26:43.843  INFO 19276 --- [main] c.f.modules.auth.service.AuthService     : [60a2c0f2-5754-4ee6-9bc3-92b0c0b0c4c4 | ] Successfully registered user: alicesmith with ID: 10
2026-07-12 10:26:43.853 DEBUG 19276 --- [main] org.hibernate.SQL                        : [2919131d-7cb2-4126-ba79-099578f3acf7 | ] 
    select
        u1_0.id,
        u1_0.created_at,
        u1_0.email,
        u1_0.enabled,
        u1_0.first_name,
        u1_0.last_name,
        u1_0.password_hash,
        u1_0.updated_at,
        u1_0.username 
    from
        public.users u1_0 
    where
        u1_0.username=?
2026-07-12 10:26:43.857 DEBUG 19276 --- [main] org.hibernate.SQL                        : [2919131d-7cb2-4126-ba79-099578f3acf7 | ] 
    select
        u1_0.id,
        u1_0.created_at,
        u1_0.email,
        u1_0.enabled,
        u1_0.first_name,
        u1_0.last_name,
        u1_0.password_hash,
        u1_0.updated_at,
        u1_0.username 
    from
        public.users u1_0 
    where
        u1_0.email=?
2026-07-12 10:26:43.859  WARN 19276 --- [main] c.f.c.exception.GlobalExceptionHandler   : [2919131d-7cb2-4126-ba79-099578f3acf7 | ] Domain exception on /api/v1/auth/login: INVALID_CREDENTIALS - Invalid username/email or password
2026-07-12 10:26:43.876 DEBUG 19276 --- [main] org.hibernate.SQL                        : [ | ] 
    select
        rt1_0.id,
        rt1_0.created_at,
        rt1_0.expires_at,
        rt1_0.revoked,
        rt1_0.token_hash,
        rt1_0.user_id 
    from
        public.refresh_tokens rt1_0
2026-07-12 10:26:43.878 DEBUG 19276 --- [main] org.hibernate.SQL                        : [ | ] 
    select
        u1_0.id,
        u1_0.created_at,
        u1_0.email,
        u1_0.enabled,
        u1_0.first_name,
        u1_0.last_name,
        u1_0.password_hash,
        u1_0.updated_at,
        u1_0.username 
    from
        public.users u1_0
2026-07-12 10:26:43.881 DEBUG 19276 --- [main] org.hibernate.SQL                        : [ | ] 
    select
        r1_0.id,
        r1_0.created_at,
        r1_0.description,
        r1_0.name 
    from
        public.roles r1_0
2026-07-12 10:26:43.882 DEBUG 19276 --- [main] org.hibernate.SQL                        : [ | ] 
    insert 
    into
        public.roles
        (created_at, description, name, id) 
    values
        (?, ?, ?, default)
2026-07-12 10:26:43.889 DEBUG 19276 --- [main] c.f.modules.auth.service.AuthService     : [a0e87a7b-c349-430f-bf71-f13f63cd582a | ] Attempting to register new user: alicesmith
2026-07-12 10:26:43.891 DEBUG 19276 --- [main] org.hibernate.SQL                        : [a0e87a7b-c349-430f-bf71-f13f63cd582a | ] 
    select
        u1_0.id 
    from
        public.users u1_0 
    where
        u1_0.username=? 
    fetch
        first ? rows only
2026-07-12 10:26:43.894 DEBUG 19276 --- [main] org.hibernate.SQL                        : [a0e87a7b-c349-430f-bf71-f13f63cd582a | ] 
    select
        u1_0.id 
    from
        public.users u1_0 
    where
        u1_0.email=? 
    fetch
        first ? rows only
2026-07-12 10:26:43.898 DEBUG 19276 --- [main] org.hibernate.SQL                        : [a0e87a7b-c349-430f-bf71-f13f63cd582a | ] 
    select
        r1_0.id,
        r1_0.created_at,
        r1_0.description,
        r1_0.name 
    from
        public.roles r1_0 
    where
        r1_0.name=?
2026-07-12 10:26:44.448 DEBUG 19276 --- [main] org.hibernate.SQL                        : [a0e87a7b-c349-430f-bf71-f13f63cd582a | ] 
    insert 
    into
        public.users
        (created_at, email, enabled, first_name, last_name, password_hash, updated_at, username, id) 
    values
        (?, ?, ?, ?, ?, ?, ?, ?, default)
2026-07-12 10:26:44.449  INFO 19276 --- [main] c.f.modules.auth.service.AuthService     : [a0e87a7b-c349-430f-bf71-f13f63cd582a | ] Successfully registered user: alicesmith with ID: 11
2026-07-12 10:26:44.459 DEBUG 19276 --- [main] org.hibernate.SQL                        : [d01eb15b-69bd-43a0-a408-39af29dda9c1 | ] 
    select
        u1_0.id,
        u1_0.created_at,
        u1_0.email,
        u1_0.enabled,
        u1_0.first_name,
        u1_0.last_name,
        u1_0.password_hash,
        u1_0.updated_at,
        u1_0.username 
    from
        public.users u1_0 
    where
        u1_0.username=?
2026-07-12 10:26:44.464 DEBUG 19276 --- [main] org.hibernate.SQL                        : [d01eb15b-69bd-43a0-a408-39af29dda9c1 | ] 
    select
        u1_0.id,
        u1_0.created_at,
        u1_0.email,
        u1_0.enabled,
        u1_0.first_name,
        u1_0.last_name,
        u1_0.password_hash,
        u1_0.updated_at,
        u1_0.username 
    from
        public.users u1_0 
    where
        u1_0.username=?
2026-07-12 10:26:45.018 DEBUG 19276 --- [main] c.f.modules.auth.service.AuthService     : [d01eb15b-69bd-43a0-a408-39af29dda9c1 | ] Authentication failure for identifier 'alicesmith': BadCredentialsException
2026-07-12 10:26:45.019  WARN 19276 --- [main] c.f.c.exception.GlobalExceptionHandler   : [d01eb15b-69bd-43a0-a408-39af29dda9c1 | ] Domain exception on /api/v1/auth/login: INVALID_CREDENTIALS - Invalid username/email or password
2026-07-12 10:26:45.028 DEBUG 19276 --- [main] org.hibernate.SQL                        : [450769b0-1111-46ec-b9ac-aeb81b8639b8 | ] 
    select
        u1_0.id,
        u1_0.created_at,
        u1_0.email,
        u1_0.enabled,
        u1_0.first_name,
        u1_0.last_name,
        u1_0.password_hash,
        u1_0.updated_at,
        u1_0.username 
    from
        public.users u1_0 
    where
        u1_0.username=?
2026-07-12 10:26:45.031 DEBUG 19276 --- [main] org.hibernate.SQL                        : [450769b0-1111-46ec-b9ac-aeb81b8639b8 | ] 
    select
        u1_0.id,
        u1_0.created_at,
        u1_0.email,
        u1_0.enabled,
        u1_0.first_name,
        u1_0.last_name,
        u1_0.password_hash,
        u1_0.updated_at,
        u1_0.username 
    from
        public.users u1_0 
    where
        u1_0.email=?
2026-07-12 10:26:45.033  WARN 19276 --- [main] c.f.c.exception.GlobalExceptionHandler   : [450769b0-1111-46ec-b9ac-aeb81b8639b8 | ] Domain exception on /api/v1/auth/login: INVALID_CREDENTIALS - Invalid username/email or password
2026-07-12 10:26:45.056 DEBUG 19276 --- [main] org.hibernate.SQL                        : [ | ] 
    select
        rt1_0.id,
        rt1_0.created_at,
        rt1_0.expires_at,
        rt1_0.revoked,
        rt1_0.token_hash,
        rt1_0.user_id 
    from
        public.refresh_tokens rt1_0
2026-07-12 10:26:45.059 DEBUG 19276 --- [main] org.hibernate.SQL                        : [ | ] 
    select
        u1_0.id,
        u1_0.created_at,
        u1_0.email,
        u1_0.enabled,
        u1_0.first_name,
        u1_0.last_name,
        u1_0.password_hash,
        u1_0.updated_at,
        u1_0.username 
    from
        public.users u1_0
2026-07-12 10:26:45.061 DEBUG 19276 --- [main] org.hibernate.SQL                        : [ | ] 
    select
        r1_0.id,
        r1_0.created_at,
        r1_0.description,
        r1_0.name 
    from
        public.roles r1_0
2026-07-12 10:26:45.062 DEBUG 19276 --- [main] org.hibernate.SQL                        : [ | ] 
    insert 
    into
        public.roles
        (created_at, description, name, id) 
    values
        (?, ?, ?, default)
2026-07-12 10:26:45.070 DEBUG 19276 --- [main] c.f.modules.auth.service.AuthService     : [d6c56310-f670-4189-9729-544a4ae095b4 | ] Attempting to register new user: alicesmith
2026-07-12 10:26:45.071 DEBUG 19276 --- [main] org.hibernate.SQL                        : [d6c56310-f670-4189-9729-544a4ae095b4 | ] 
    select
        u1_0.id 
    from
        public.users u1_0 
    where
        u1_0.username=? 
    fetch
        first ? rows only
2026-07-12 10:26:45.075 DEBUG 19276 --- [main] org.hibernate.SQL                        : [d6c56310-f670-4189-9729-544a4ae095b4 | ] 
    select
        u1_0.id 
    from
        public.users u1_0 
    where
        u1_0.email=? 
    fetch
        first ? rows only
2026-07-12 10:26:45.078 DEBUG 19276 --- [main] org.hibernate.SQL                        : [d6c56310-f670-4189-9729-544a4ae095b4 | ] 
    select
        r1_0.id,
        r1_0.created_at,
        r1_0.description,
        r1_0.name 
    from
        public.roles r1_0 
    where
        r1_0.name=?
2026-07-12 10:26:45.629 DEBUG 19276 --- [main] org.hibernate.SQL                        : [d6c56310-f670-4189-9729-544a4ae095b4 | ] 
    insert 
    into
        public.users
        (created_at, email, enabled, first_name, last_name, password_hash, updated_at, username, id) 
    values
        (?, ?, ?, ?, ?, ?, ?, ?, default)
2026-07-12 10:26:45.631  INFO 19276 --- [main] c.f.modules.auth.service.AuthService     : [d6c56310-f670-4189-9729-544a4ae095b4 | ] Successfully registered user: alicesmith with ID: 12
2026-07-12 10:26:45.638  WARN 19276 --- [main] c.f.c.exception.GlobalExceptionHandler   : [ea42cbda-3548-423e-af6d-391f265d3ac7 | ] Validation failure on /api/v1/auth/login: {password=Password is required}
2026-07-12 10:26:45.653 DEBUG 19276 --- [main] org.hibernate.SQL                        : [ | ] 
    select
        rt1_0.id,
        rt1_0.created_at,
        rt1_0.expires_at,
        rt1_0.revoked,
        rt1_0.token_hash,
        rt1_0.user_id 
    from
        public.refresh_tokens rt1_0
2026-07-12 10:26:45.656 DEBUG 19276 --- [main] org.hibernate.SQL                        : [ | ] 
    select
        u1_0.id,
        u1_0.created_at,
        u1_0.email,
        u1_0.enabled,
        u1_0.first_name,
        u1_0.last_name,
        u1_0.password_hash,
        u1_0.updated_at,
        u1_0.username 
    from
        public.users u1_0
2026-07-12 10:26:45.657 DEBUG 19276 --- [main] org.hibernate.SQL                        : [ | ] 
    select
        r1_0.id,
        r1_0.created_at,
        r1_0.description,
        r1_0.name 
    from
        public.roles r1_0
2026-07-12 10:26:45.658 DEBUG 19276 --- [main] org.hibernate.SQL                        : [ | ] 
    insert 
    into
        public.roles
        (created_at, description, name, id) 
    values
        (?, ?, ?, default)
2026-07-12 10:26:45.664 DEBUG 19276 --- [main] c.f.modules.auth.service.AuthService     : [2c835d3d-785b-40ee-8ec8-3509e9a6a09b | ] Attempting to register new user: alicesmith
2026-07-12 10:26:45.666 DEBUG 19276 --- [main] org.hibernate.SQL                        : [2c835d3d-785b-40ee-8ec8-3509e9a6a09b | ] 
    select
        u1_0.id 
    from
        public.users u1_0 
    where
        u1_0.username=? 
    fetch
        first ? rows only
2026-07-12 10:26:45.669 DEBUG 19276 --- [main] org.hibernate.SQL                        : [2c835d3d-785b-40ee-8ec8-3509e9a6a09b | ] 
    select
        u1_0.id 
    from
        public.users u1_0 
    where
        u1_0.email=? 
    fetch
        first ? rows only
2026-07-12 10:26:45.671 DEBUG 19276 --- [main] org.hibernate.SQL                        : [2c835d3d-785b-40ee-8ec8-3509e9a6a09b | ] 
    select
        r1_0.id,
        r1_0.created_at,
        r1_0.description,
        r1_0.name 
    from
        public.roles r1_0 
    where
        r1_0.name=?
2026-07-12 10:26:46.216 DEBUG 19276 --- [main] org.hibernate.SQL                        : [2c835d3d-785b-40ee-8ec8-3509e9a6a09b | ] 
    insert 
    into
        public.users
        (created_at, email, enabled, first_name, last_name, password_hash, updated_at, username, id) 
    values
        (?, ?, ?, ?, ?, ?, ?, ?, default)
2026-07-12 10:26:46.218  INFO 19276 --- [main] c.f.modules.auth.service.AuthService     : [2c835d3d-785b-40ee-8ec8-3509e9a6a09b | ] Successfully registered user: alicesmith with ID: 13
2026-07-12 10:26:46.227 DEBUG 19276 --- [main] org.hibernate.SQL                        : [4d381611-db30-41eb-b1e8-014432f3ba3b | ] 
    select
        u1_0.id,
        u1_0.created_at,
        u1_0.email,
        u1_0.enabled,
        u1_0.first_name,
        u1_0.last_name,
        u1_0.password_hash,
        u1_0.updated_at,
        u1_0.username 
    from
        public.users u1_0 
    where
        u1_0.username=?
2026-07-12 10:26:46.231 DEBUG 19276 --- [main] org.hibernate.SQL                        : [4d381611-db30-41eb-b1e8-014432f3ba3b | ] 
    select
        u1_0.id,
        u1_0.created_at,
        u1_0.email,
        u1_0.enabled,
        u1_0.first_name,
        u1_0.last_name,
        u1_0.password_hash,
        u1_0.updated_at,
        u1_0.username 
    from
        public.users u1_0 
    where
        u1_0.email=?
2026-07-12 10:26:46.233  WARN 19276 --- [main] c.f.c.exception.GlobalExceptionHandler   : [4d381611-db30-41eb-b1e8-014432f3ba3b | ] Domain exception on /api/v1/auth/login: INVALID_CREDENTIALS - Invalid username/email or password
2026-07-12 10:26:46.249 DEBUG 19276 --- [main] org.hibernate.SQL                        : [ | ] 
    select
        rt1_0.id,
        rt1_0.created_at,
        rt1_0.expires_at,
        rt1_0.revoked,
        rt1_0.token_hash,
        rt1_0.user_id 
    from
        public.refresh_tokens rt1_0
2026-07-12 10:26:46.251 DEBUG 19276 --- [main] org.hibernate.SQL                        : [ | ] 
    select
        u1_0.id,
        u1_0.created_at,
        u1_0.email,
        u1_0.enabled,
        u1_0.first_name,
        u1_0.last_name,
        u1_0.password_hash,
        u1_0.updated_at,
        u1_0.username 
    from
        public.users u1_0
2026-07-12 10:26:46.253 DEBUG 19276 --- [main] org.hibernate.SQL                        : [ | ] 
    select
        r1_0.id,
        r1_0.created_at,
        r1_0.description,
        r1_0.name 
    from
        public.roles r1_0
2026-07-12 10:26:46.254 DEBUG 19276 --- [main] org.hibernate.SQL                        : [ | ] 
    insert 
    into
        public.roles
        (created_at, description, name, id) 
    values
        (?, ?, ?, default)
2026-07-12 10:26:46.258 DEBUG 19276 --- [main] c.f.modules.auth.service.AuthService     : [c5bc43a0-e2f4-4201-83c2-4574bc84ccd0 | ] Attempting to register new user: alicesmith
2026-07-12 10:26:46.261 DEBUG 19276 --- [main] org.hibernate.SQL                        : [c5bc43a0-e2f4-4201-83c2-4574bc84ccd0 | ] 
    select
        u1_0.id 
    from
        public.users u1_0 
    where
        u1_0.username=? 
    fetch
        first ? rows only
2026-07-12 10:26:46.263 DEBUG 19276 --- [main] org.hibernate.SQL                        : [c5bc43a0-e2f4-4201-83c2-4574bc84ccd0 | ] 
    select
        u1_0.id 
    from
        public.users u1_0 
    where
        u1_0.email=? 
    fetch
        first ? rows only
2026-07-12 10:26:46.267 DEBUG 19276 --- [main] org.hibernate.SQL                        : [c5bc43a0-e2f4-4201-83c2-4574bc84ccd0 | ] 
    select
        r1_0.id,
        r1_0.created_at,
        r1_0.description,
        r1_0.name 
    from
        public.roles r1_0 
    where
        r1_0.name=?
2026-07-12 10:26:46.813 DEBUG 19276 --- [main] org.hibernate.SQL                        : [c5bc43a0-e2f4-4201-83c2-4574bc84ccd0 | ] 
    insert 
    into
        public.users
        (created_at, email, enabled, first_name, last_name, password_hash, updated_at, username, id) 
    values
        (?, ?, ?, ?, ?, ?, ?, ?, default)
2026-07-12 10:26:46.815  INFO 19276 --- [main] c.f.modules.auth.service.AuthService     : [c5bc43a0-e2f4-4201-83c2-4574bc84ccd0 | ] Successfully registered user: alicesmith with ID: 14
2026-07-12 10:26:46.824 DEBUG 19276 --- [main] org.hibernate.SQL                        : [3413e07e-159b-4e19-9183-b2705f356048 | ] 
    select
        u1_0.id,
        u1_0.created_at,
        u1_0.email,
        u1_0.enabled,
        u1_0.first_name,
        u1_0.last_name,
        u1_0.password_hash,
        u1_0.updated_at,
        u1_0.username 
    from
        public.users u1_0 
    where
        u1_0.username=?
2026-07-12 10:26:46.824 DEBUG 19276 --- [main] org.hibernate.SQL                        : [3413e07e-159b-4e19-9183-b2705f356048 | ] 
    select
        u1_0.id,
        u1_0.created_at,
        u1_0.email,
        u1_0.enabled,
        u1_0.first_name,
        u1_0.last_name,
        u1_0.password_hash,
        u1_0.updated_at,
        u1_0.username 
    from
        public.users u1_0 
    where
        u1_0.email=?
2026-07-12 10:26:46.829 DEBUG 19276 --- [main] org.hibernate.SQL                        : [3413e07e-159b-4e19-9183-b2705f356048 | ] 
    select
        u1_0.id,
        u1_0.created_at,
        u1_0.email,
        u1_0.enabled,
        u1_0.first_name,
        u1_0.last_name,
        u1_0.password_hash,
        u1_0.updated_at,
        u1_0.username 
    from
        public.users u1_0 
    where
        u1_0.username=?
2026-07-12 10:26:47.386 DEBUG 19276 --- [main] org.hibernate.SQL                        : [3413e07e-159b-4e19-9183-b2705f356048 | ] 
    delete 
    from
        public.refresh_tokens rt1_0 
    where
        rt1_0.expires_at<?
2026-07-12 10:26:47.389 DEBUG 19276 --- [main] org.hibernate.SQL                        : [3413e07e-159b-4e19-9183-b2705f356048 | ] 
    insert 
    into
        public.refresh_tokens
        (created_at, expires_at, revoked, token_hash, user_id, id) 
    values
        (?, ?, ?, ?, ?, default)
2026-07-12 10:26:47.391  INFO 19276 --- [main] c.f.modules.auth.service.AuthService     : [3413e07e-159b-4e19-9183-b2705f356048 | ] User 'alicesmith' (ID: 14) logged in successfully
2026-07-12 10:26:47.408 DEBUG 19276 --- [main] org.hibernate.SQL                        : [ | ] 
    select
        rt1_0.id,
        rt1_0.created_at,
        rt1_0.expires_at,
        rt1_0.revoked,
        rt1_0.token_hash,
        rt1_0.user_id 
    from
        public.refresh_tokens rt1_0
2026-07-12 10:26:47.410 DEBUG 19276 --- [main] org.hibernate.SQL                        : [ | ] 
    select
        u1_0.id,
        u1_0.created_at,
        u1_0.email,
        u1_0.enabled,
        u1_0.first_name,
        u1_0.last_name,
        u1_0.password_hash,
        u1_0.updated_at,
        u1_0.username 
    from
        public.users u1_0
2026-07-12 10:26:47.413 DEBUG 19276 --- [main] org.hibernate.SQL                        : [ | ] 
    select
        r1_0.id,
        r1_0.created_at,
        r1_0.description,
        r1_0.name 
    from
        public.roles r1_0
2026-07-12 10:26:47.413 DEBUG 19276 --- [main] org.hibernate.SQL                        : [ | ] 
    insert 
    into
        public.roles
        (created_at, description, name, id) 
    values
        (?, ?, ?, default)
2026-07-12 10:26:47.422 DEBUG 19276 --- [main] c.f.modules.auth.service.AuthService     : [9df14750-0891-4378-a1d2-3f214afe0f26 | ] Attempting to register new user: alicesmith
2026-07-12 10:26:47.424 DEBUG 19276 --- [main] org.hibernate.SQL                        : [9df14750-0891-4378-a1d2-3f214afe0f26 | ] 
    select
        u1_0.id 
    from
        public.users u1_0 
    where
        u1_0.username=? 
    fetch
        first ? rows only
2026-07-12 10:26:47.427 DEBUG 19276 --- [main] org.hibernate.SQL                        : [9df14750-0891-4378-a1d2-3f214afe0f26 | ] 
    select
        u1_0.id 
    from
        public.users u1_0 
    where
        u1_0.email=? 
    fetch
        first ? rows only
2026-07-12 10:26:47.431 DEBUG 19276 --- [main] org.hibernate.SQL                        : [9df14750-0891-4378-a1d2-3f214afe0f26 | ] 
    select
        r1_0.id,
        r1_0.created_at,
        r1_0.description,
        r1_0.name 
    from
        public.roles r1_0 
    where
        r1_0.name=?
2026-07-12 10:26:47.988 DEBUG 19276 --- [main] org.hibernate.SQL                        : [9df14750-0891-4378-a1d2-3f214afe0f26 | ] 
    insert 
    into
        public.users
        (created_at, email, enabled, first_name, last_name, password_hash, updated_at, username, id) 
    values
        (?, ?, ?, ?, ?, ?, ?, ?, default)
2026-07-12 10:26:47.996  INFO 19276 --- [main] c.f.modules.auth.service.AuthService     : [9df14750-0891-4378-a1d2-3f214afe0f26 | ] Successfully registered user: alicesmith with ID: 15
2026-07-12 10:26:48.005 DEBUG 19276 --- [main] org.hibernate.SQL                        : [c582e24f-67d3-4592-b611-f62f0df837fe | ] 
    select
        u1_0.id,
        u1_0.created_at,
        u1_0.email,
        u1_0.enabled,
        u1_0.first_name,
        u1_0.last_name,
        u1_0.password_hash,
        u1_0.updated_at,
        u1_0.username 
    from
        public.users u1_0 
    where
        u1_0.username=?
2026-07-12 10:26:48.007 DEBUG 19276 --- [main] org.hibernate.SQL                        : [c582e24f-67d3-4592-b611-f62f0df837fe | ] 
    select
        u1_0.id,
        u1_0.created_at,
        u1_0.email,
        u1_0.enabled,
        u1_0.first_name,
        u1_0.last_name,
        u1_0.password_hash,
        u1_0.updated_at,
        u1_0.username 
    from
        public.users u1_0 
    where
        u1_0.username=?
2026-07-12 10:26:48.583 DEBUG 19276 --- [main] org.hibernate.SQL                        : [c582e24f-67d3-4592-b611-f62f0df837fe | ] 
    delete 
    from
        public.refresh_tokens rt1_0 
    where
        rt1_0.expires_at<?
2026-07-12 10:26:48.586 DEBUG 19276 --- [main] org.hibernate.SQL                        : [c582e24f-67d3-4592-b611-f62f0df837fe | ] 
    insert 
    into
        public.refresh_tokens
        (created_at, expires_at, revoked, token_hash, user_id, id) 
    values
        (?, ?, ?, ?, ?, default)
2026-07-12 10:26:48.587  INFO 19276 --- [main] c.f.modules.auth.service.AuthService     : [c582e24f-67d3-4592-b611-f62f0df837fe | ] User 'alicesmith' (ID: 15) logged in successfully
2026-07-12 10:26:48.604 DEBUG 19276 --- [main] org.hibernate.SQL                        : [ | ] 
    select
        rt1_0.id,
        rt1_0.created_at,
        rt1_0.expires_at,
        rt1_0.revoked,
        rt1_0.token_hash,
        rt1_0.user_id 
    from
        public.refresh_tokens rt1_0
2026-07-12 10:26:48.607 DEBUG 19276 --- [main] org.hibernate.SQL                        : [ | ] 
    select
        u1_0.id,
        u1_0.created_at,
        u1_0.email,
        u1_0.enabled,
        u1_0.first_name,
        u1_0.last_name,
        u1_0.password_hash,
        u1_0.updated_at,
        u1_0.username 
    from
        public.users u1_0
2026-07-12 10:26:48.608 DEBUG 19276 --- [main] org.hibernate.SQL                        : [ | ] 
    select
        r1_0.id,
        r1_0.created_at,
        r1_0.description,
        r1_0.name 
    from
        public.roles r1_0
2026-07-12 10:26:48.610 DEBUG 19276 --- [main] org.hibernate.SQL                        : [ | ] 
    insert 
    into
        public.roles
        (created_at, description, name, id) 
    values
        (?, ?, ?, default)
2026-07-12 10:26:48.617 DEBUG 19276 --- [main] c.f.modules.auth.service.AuthService     : [4ac66fea-7d15-48e2-aa2e-6f8f568e6890 | ] Attempting to register new user: alicesmith
2026-07-12 10:26:48.620 DEBUG 19276 --- [main] org.hibernate.SQL                        : [4ac66fea-7d15-48e2-aa2e-6f8f568e6890 | ] 
    select
        u1_0.id 
    from
        public.users u1_0 
    where
        u1_0.username=? 
    fetch
        first ? rows only
2026-07-12 10:26:48.622 DEBUG 19276 --- [main] org.hibernate.SQL                        : [4ac66fea-7d15-48e2-aa2e-6f8f568e6890 | ] 
    select
        u1_0.id 
    from
        public.users u1_0 
    where
        u1_0.email=? 
    fetch
        first ? rows only
2026-07-12 10:26:48.626 DEBUG 19276 --- [main] org.hibernate.SQL                        : [4ac66fea-7d15-48e2-aa2e-6f8f568e6890 | ] 
    select
        r1_0.id,
        r1_0.created_at,
        r1_0.description,
        r1_0.name 
    from
        public.roles r1_0 
    where
        r1_0.name=?
2026-07-12 10:26:49.202 DEBUG 19276 --- [main] org.hibernate.SQL                        : [4ac66fea-7d15-48e2-aa2e-6f8f568e6890 | ] 
    insert 
    into
        public.users
        (created_at, email, enabled, first_name, last_name, password_hash, updated_at, username, id) 
    values
        (?, ?, ?, ?, ?, ?, ?, ?, default)
2026-07-12 10:26:49.204  INFO 19276 --- [main] c.f.modules.auth.service.AuthService     : [4ac66fea-7d15-48e2-aa2e-6f8f568e6890 | ] Successfully registered user: alicesmith with ID: 16
2026-07-12 10:26:49.214 DEBUG 19276 --- [main] org.hibernate.SQL                        : [ff970470-b269-4683-9e44-dd6a1fb1b263 | ] 
    select
        u1_0.id,
        u1_0.created_at,
        u1_0.email,
        u1_0.enabled,
        u1_0.first_name,
        u1_0.last_name,
        u1_0.password_hash,
        u1_0.updated_at,
        u1_0.username 
    from
        public.users u1_0 
    where
        u1_0.username=?
2026-07-12 10:26:49.218 DEBUG 19276 --- [main] org.hibernate.SQL                        : [ff970470-b269-4683-9e44-dd6a1fb1b263 | ] 
    select
        u1_0.id,
        u1_0.created_at,
        u1_0.email,
        u1_0.enabled,
        u1_0.first_name,
        u1_0.last_name,
        u1_0.password_hash,
        u1_0.updated_at,
        u1_0.username 
    from
        public.users u1_0 
    where
        u1_0.username=?
2026-07-12 10:26:49.819 DEBUG 19276 --- [main] c.f.modules.auth.service.AuthService     : [ff970470-b269-4683-9e44-dd6a1fb1b263 | ] Authentication failure for identifier 'alicesmith': BadCredentialsException
2026-07-12 10:26:49.819  WARN 19276 --- [main] c.f.c.exception.GlobalExceptionHandler   : [ff970470-b269-4683-9e44-dd6a1fb1b263 | ] Domain exception on /api/v1/auth/login: INVALID_CREDENTIALS - Invalid username/email or password
2026-07-12 10:26:50.061  INFO 19276 --- [main] c.f.m.a.repository.RoleRepositoryTest    : [ | ] Starting RoleRepositoryTest using Java 21.0.11 with PID 19276 (started by varun in C:\Users\varun\OneDrive\Documents\flutter1\Forgemind\ForgeMind\backend)
2026-07-12 10:26:50.062 DEBUG 19276 --- [main] c.f.m.a.repository.RoleRepositoryTest    : [ | ] Running with Spring Boot v3.3.1, Spring v6.1.10
2026-07-12 10:26:50.062  INFO 19276 --- [main] c.f.m.a.repository.RoleRepositoryTest    : [ | ] The following 1 profile is active: "test"
2026-07-12 10:26:51.026 DEBUG 19276 --- [main] org.hibernate.SQL                        : [ | ] 
    drop table if exists public.activities cascade 
2026-07-12 10:26:51.030 DEBUG 19276 --- [main] org.hibernate.SQL                        : [ | ] 
    drop table if exists public.knowledge_chunks cascade 
2026-07-12 10:26:51.032 DEBUG 19276 --- [main] org.hibernate.SQL                        : [ | ] 
    drop table if exists public.knowledge_documents cascade 
2026-07-12 10:26:51.032 DEBUG 19276 --- [main] org.hibernate.SQL                        : [ | ] 
    drop table if exists public.projects cascade 
2026-07-12 10:26:51.032 DEBUG 19276 --- [main] org.hibernate.SQL                        : [ | ] 
    drop table if exists public.refresh_tokens cascade 
2026-07-12 10:26:51.032 DEBUG 19276 --- [main] org.hibernate.SQL                        : [ | ] 
    drop table if exists public.roles cascade 
2026-07-12 10:26:51.032 DEBUG 19276 --- [main] org.hibernate.SQL                        : [ | ] 
    drop table if exists public.tasks cascade 
2026-07-12 10:26:51.032 DEBUG 19276 --- [main] org.hibernate.SQL                        : [ | ] 
    drop table if exists public.team_members cascade 
2026-07-12 10:26:51.034 DEBUG 19276 --- [main] org.hibernate.SQL                        : [ | ] 
    drop table if exists public.teams cascade 
2026-07-12 10:26:51.034 DEBUG 19276 --- [main] org.hibernate.SQL                        : [ | ] 
    drop table if exists public.user_roles cascade 
2026-07-12 10:26:51.034 DEBUG 19276 --- [main] org.hibernate.SQL                        : [ | ] 
    drop table if exists public.users cascade 
2026-07-12 10:26:51.034 DEBUG 19276 --- [main] org.hibernate.SQL                        : [ | ] 
    create table public.activities (
        actor_id bigint not null,
        created_at timestamp(6) with time zone not null,
        id uuid not null,
        project_id uuid,
        task_id uuid,
        team_id uuid,
        message TEXT not null,
        metadata TEXT,
        activity_type enum ('PROJECT_CREATED','PROJECT_DELETED','PROJECT_UPDATED','TASK_ASSIGNED','TASK_COMPLETED','TASK_CREATED','TASK_DELETED','TASK_STATUS_CHANGED','TASK_UPDATED','TEAM_CREATED','TEAM_MEMBER_ADDED','TEAM_MEMBER_REMOVED','USER_UPDATED') not null,
        primary key (id)
    )
2026-07-12 10:26:51.039 DEBUG 19276 --- [main] org.hibernate.SQL                        : [ | ] 
    create table public.knowledge_chunks (
        chunk_index integer not null,
        created_at timestamp(6) with time zone not null,
        document_id uuid not null,
        id uuid not null,
        project_id uuid not null,
        chunk_text TEXT not null,
        metadata JSONB,
        source_id varchar(255) not null,
        source_type enum ('ACTIVITY','DOCUMENTATION','PROJECT','TASK','TEAM') not null,
        primary key (id)
    )
2026-07-12 10:26:51.040  WARN 19276 --- [main] o.h.t.s.i.ExceptionHandlerLoggedImpl     : [ | ] GenerationTarget encountered exception accepting command : Error executing DDL "
    create table public.knowledge_chunks (
        chunk_index integer not null,
        created_at timestamp(6) with time zone not null,
        document_id uuid not null,
        id uuid not null,
        project_id uuid not null,
        chunk_text TEXT not null,
        metadata JSONB,
        source_id varchar(255) not null,
        source_type enum ('ACTIVITY','DOCUMENTATION','PROJECT','TASK','TEAM') not null,
        primary key (id)
    )" via JDBC [Unknown data type: "JSONB";]

org.hibernate.tool.schema.spi.CommandAcceptanceException: Error executing DDL "
    create table public.knowledge_chunks (
        chunk_index integer not null,
        created_at timestamp(6) with time zone not null,
        document_id uuid not null,
        id uuid not null,
        project_id uuid not null,
        chunk_text TEXT not null,
        metadata JSONB,
        source_id varchar(255) not null,
        source_type enum ('ACTIVITY','DOCUMENTATION','PROJECT','TASK','TEAM') not null,
        primary key (id)
    )" via JDBC [Unknown data type: "JSONB";]
	at org.hibernate.tool.schema.internal.exec.GenerationTargetToDatabase.accept(GenerationTargetToDatabase.java:94)
	at org.hibernate.tool.schema.internal.Helper.applySqlString(Helper.java:233)
	at org.hibernate.tool.schema.internal.Helper.applySqlStrings(Helper.java:217)
	at org.hibernate.tool.schema.internal.SchemaCreatorImpl.createTables(SchemaCreatorImpl.java:428)
	at org.hibernate.tool.schema.internal.SchemaCreatorImpl.createSequencesTablesConstraints(SchemaCreatorImpl.java:344)
	at org.hibernate.tool.schema.internal.SchemaCreatorImpl.createFromMetadata(SchemaCreatorImpl.java:239)
	at org.hibernate.tool.schema.internal.SchemaCreatorImpl.performCreation(SchemaCreatorImpl.java:172)
	at org.hibernate.tool.schema.internal.SchemaCreatorImpl.doCreation(SchemaCreatorImpl.java:142)
	at org.hibernate.tool.schema.internal.SchemaCreatorImpl.doCreation(SchemaCreatorImpl.java:118)
	at org.hibernate.tool.schema.spi.SchemaManagementToolCoordinator.performDatabaseAction(SchemaManagementToolCoordinator.java:250)
	at org.hibernate.tool.schema.spi.SchemaManagementToolCoordinator.lambda$process$5(SchemaManagementToolCoordinator.java:144)
	at java.base/java.util.HashMap.forEach(HashMap.java:1429)
	at org.hibernate.tool.schema.spi.SchemaManagementToolCoordinator.process(SchemaManagementToolCoordinator.java:141)
	at org.hibernate.boot.internal.SessionFactoryObserverForSchemaExport.sessionFactoryCreated(SessionFactoryObserverForSchemaExport.java:37)
	at org.hibernate.internal.SessionFactoryObserverChain.sessionFactoryCreated(SessionFactoryObserverChain.java:35)
	at org.hibernate.internal.SessionFactoryImpl.<init>(SessionFactoryImpl.java:322)
	at org.hibernate.boot.internal.SessionFactoryBuilderImpl.build(SessionFactoryBuilderImpl.java:457)
	at org.hibernate.jpa.boot.internal.EntityManagerFactoryBuilderImpl.build(EntityManagerFactoryBuilderImpl.java:1506)
	at org.springframework.orm.jpa.vendor.SpringHibernateJpaPersistenceProvider.createContainerEntityManagerFactory(SpringHibernateJpaPersistenceProvider.java:75)
	at org.springframework.orm.jpa.LocalContainerEntityManagerFactoryBean.createNativeEntityManagerFactory(LocalContainerEntityManagerFactoryBean.java:390)
	at org.springframework.orm.jpa.AbstractEntityManagerFactoryBean.buildNativeEntityManagerFactory(AbstractEntityManagerFactoryBean.java:409)
	at org.springframework.orm.jpa.AbstractEntityManagerFactoryBean.afterPropertiesSet(AbstractEntityManagerFactoryBean.java:396)
	at org.springframework.orm.jpa.LocalContainerEntityManagerFactoryBean.afterPropertiesSet(LocalContainerEntityManagerFactoryBean.java:366)
	at org.springframework.beans.factory.support.AbstractAutowireCapableBeanFactory.invokeInitMethods(AbstractAutowireCapableBeanFactory.java:1835)
	at org.springframework.beans.factory.support.AbstractAutowireCapableBeanFactory.initializeBean(AbstractAutowireCapableBeanFactory.java:1784)
	at org.springframework.beans.factory.support.AbstractAutowireCapableBeanFactory.doCreateBean(AbstractAutowireCapableBeanFactory.java:600)
	at org.springframework.beans.factory.support.AbstractAutowireCapableBeanFactory.createBean(AbstractAutowireCapableBeanFactory.java:522)
	at org.springframework.beans.factory.support.AbstractBeanFactory.lambda$doGetBean$0(AbstractBeanFactory.java:337)
	at org.springframework.beans.factory.support.DefaultSingletonBeanRegistry.getSingleton(DefaultSingletonBeanRegistry.java:234)
	at org.springframework.beans.factory.support.AbstractBeanFactory.doGetBean(AbstractBeanFactory.java:335)
	at org.springframework.beans.factory.support.AbstractBeanFactory.getBean(AbstractBeanFactory.java:205)
	at org.springframework.context.support.AbstractApplicationContext.finishBeanFactoryInitialization(AbstractApplicationContext.java:952)
	at org.springframework.context.support.AbstractApplicationContext.refresh(AbstractApplicationContext.java:624)
	at org.springframework.boot.SpringApplication.refresh(SpringApplication.java:754)
	at org.springframework.boot.SpringApplication.refreshContext(SpringApplication.java:456)
	at org.springframework.boot.SpringApplication.run(SpringApplication.java:335)
	at org.springframework.boot.test.context.SpringBootContextLoader.lambda$loadContext$3(SpringBootContextLoader.java:137)
	at org.springframework.util.function.ThrowingSupplier.get(ThrowingSupplier.java:58)
	at org.springframework.util.function.ThrowingSupplier.get(ThrowingSupplier.java:46)
	at org.springframework.boot.SpringApplication.withHook(SpringApplication.java:1463)
	at org.springframework.boot.test.context.SpringBootContextLoader$ContextLoaderHook.run(SpringBootContextLoader.java:553)
	at org.springframework.boot.test.context.SpringBootContextLoader.loadContext(SpringBootContextLoader.java:137)
	at org.springframework.boot.test.context.SpringBootContextLoader.loadContext(SpringBootContextLoader.java:108)
	at org.springframework.test.context.cache.DefaultCacheAwareContextLoaderDelegate.loadContextInternal(DefaultCacheAwareContextLoaderDelegate.java:225)
	at org.springframework.test.context.cache.DefaultCacheAwareContextLoaderDelegate.loadContext(DefaultCacheAwareContextLoaderDelegate.java:152)
	at org.springframework.test.context.support.DefaultTestContext.getApplicationContext(DefaultTestContext.java:130)
	at org.springframework.test.context.support.DependencyInjectionTestExecutionListener.injectDependencies(DependencyInjectionTestExecutionListener.java:142)
	at org.springframework.test.context.support.DependencyInjectionTestExecutionListener.prepareTestInstance(DependencyInjectionTestExecutionListener.java:98)
	at org.springframework.test.context.TestContextManager.prepareTestInstance(TestContextManager.java:260)
	at org.springframework.test.context.junit.jupiter.SpringExtension.postProcessTestInstance(SpringExtension.java:163)
	at org.junit.jupiter.engine.descriptor.ClassBasedTestDescriptor.lambda$invokeTestInstancePostProcessors$10(ClassBasedTestDescriptor.java:378)
	at org.junit.jupiter.engine.descriptor.ClassBasedTestDescriptor.executeAndMaskThrowable(ClassBasedTestDescriptor.java:383)
	at org.junit.jupiter.engine.descriptor.ClassBasedTestDescriptor.lambda$invokeTestInstancePostProcessors$11(ClassBasedTestDescriptor.java:378)
	at java.base/java.util.stream.ReferencePipeline$3$1.accept(ReferencePipeline.java:197)
	at java.base/java.util.stream.ReferencePipeline$2$1.accept(ReferencePipeline.java:179)
	at java.base/java.util.ArrayList$ArrayListSpliterator.forEachRemaining(ArrayList.java:1708)
	at java.base/java.util.stream.AbstractPipeline.copyInto(AbstractPipeline.java:509)
	at java.base/java.util.stream.AbstractPipeline.wrapAndCopyInto(AbstractPipeline.java:499)
	at java.base/java.util.stream.StreamSpliterators$WrappingSpliterator.forEachRemaining(StreamSpliterators.java:310)
	at java.base/java.util.stream.Streams$ConcatSpliterator.forEachRemaining(Streams.java:735)
	at java.base/java.util.stream.Streams$ConcatSpliterator.forEachRemaining(Streams.java:734)
	at java.base/java.util.stream.ReferencePipeline$Head.forEach(ReferencePipeline.java:762)
	at org.junit.jupiter.engine.descriptor.ClassBasedTestDescriptor.invokeTestInstancePostProcessors(ClassBasedTestDescriptor.java:377)
	at org.junit.jupiter.engine.descriptor.ClassBasedTestDescriptor.lambda$instantiateAndPostProcessTestInstance$6(ClassBasedTestDescriptor.java:290)
	at org.junit.platform.engine.support.hierarchical.ThrowableCollector.execute(ThrowableCollector.java:73)
	at org.junit.jupiter.engine.descriptor.ClassBasedTestDescriptor.instantiateAndPostProcessTestInstance(ClassBasedTestDescriptor.java:289)
	at org.junit.jupiter.engine.descriptor.ClassBasedTestDescriptor.lambda$testInstancesProvider$4(ClassBasedTestDescriptor.java:279)
	at java.base/java.util.Optional.orElseGet(Optional.java:364)
	at org.junit.jupiter.engine.descriptor.ClassBasedTestDescriptor.lambda$testInstancesProvider$5(ClassBasedTestDescriptor.java:278)
	at org.junit.jupiter.engine.execution.TestInstancesProvider.getTestInstances(TestInstancesProvider.java:31)
	at org.junit.jupiter.engine.descriptor.TestMethodTestDescriptor.lambda$prepare$0(TestMethodTestDescriptor.java:106)
	at org.junit.platform.engine.support.hierarchical.ThrowableCollector.execute(ThrowableCollector.java:73)
	at org.junit.jupiter.engine.descriptor.TestMethodTestDescriptor.prepare(TestMethodTestDescriptor.java:105)
	at org.junit.jupiter.engine.descriptor.TestMethodTestDescriptor.prepare(TestMethodTestDescriptor.java:69)
	at org.junit.platform.engine.support.hierarchical.NodeTestTask.lambda$prepare$2(NodeTestTask.java:123)
	at org.junit.platform.engine.support.hierarchical.ThrowableCollector.execute(ThrowableCollector.java:73)
	at org.junit.platform.engine.support.hierarchical.NodeTestTask.prepare(NodeTestTask.java:123)
	at org.junit.platform.engine.support.hierarchical.NodeTestTask.execute(NodeTestTask.java:90)
	at java.base/java.util.ArrayList.forEach(ArrayList.java:1596)
	at org.junit.platform.engine.support.hierarchical.SameThreadHierarchicalTestExecutorService.invokeAll(SameThreadHierarchicalTestExecutorService.java:41)
	at org.junit.platform.engine.support.hierarchical.NodeTestTask.lambda$executeRecursively$6(NodeTestTask.java:155)
	at org.junit.platform.engine.support.hierarchical.ThrowableCollector.execute(ThrowableCollector.java:73)
	at org.junit.platform.engine.support.hierarchical.NodeTestTask.lambda$executeRecursively$8(NodeTestTask.java:141)
	at org.junit.platform.engine.support.hierarchical.Node.around(Node.java:137)
	at org.junit.platform.engine.support.hierarchical.NodeTestTask.lambda$executeRecursively$9(NodeTestTask.java:139)
	at org.junit.platform.engine.support.hierarchical.ThrowableCollector.execute(ThrowableCollector.java:73)
	at org.junit.platform.engine.support.hierarchical.NodeTestTask.executeRecursively(NodeTestTask.java:138)
	at org.junit.platform.engine.support.hierarchical.NodeTestTask.execute(NodeTestTask.java:95)
	at java.base/java.util.ArrayList.forEach(ArrayList.java:1596)
	at org.junit.platform.engine.support.hierarchical.SameThreadHierarchicalTestExecutorService.invokeAll(SameThreadHierarchicalTestExecutorService.java:41)
	at org.junit.platform.engine.support.hierarchical.NodeTestTask.lambda$executeRecursively$6(NodeTestTask.java:155)
	at org.junit.platform.engine.support.hierarchical.ThrowableCollector.execute(ThrowableCollector.java:73)
	at org.junit.platform.engine.support.hierarchical.NodeTestTask.lambda$executeRecursively$8(NodeTestTask.java:141)
	at org.junit.platform.engine.support.hierarchical.Node.around(Node.java:137)
	at org.junit.platform.engine.support.hierarchical.NodeTestTask.lambda$executeRecursively$9(NodeTestTask.java:139)
	at org.junit.platform.engine.support.hierarchical.ThrowableCollector.execute(ThrowableCollector.java:73)
	at org.junit.platform.engine.support.hierarchical.NodeTestTask.executeRecursively(NodeTestTask.java:138)
	at org.junit.platform.engine.support.hierarchical.NodeTestTask.execute(NodeTestTask.java:95)
	at org.junit.platform.engine.support.hierarchical.SameThreadHierarchicalTestExecutorService.submit(SameThreadHierarchicalTestExecutorService.java:35)
	at org.junit.platform.engine.support.hierarchical.HierarchicalTestExecutor.execute(HierarchicalTestExecutor.java:57)
	at org.junit.platform.engine.support.hierarchical.HierarchicalTestEngine.execute(HierarchicalTestEngine.java:54)
	at org.junit.platform.launcher.core.EngineExecutionOrchestrator.execute(EngineExecutionOrchestrator.java:198)
	at org.junit.platform.launcher.core.EngineExecutionOrchestrator.execute(EngineExecutionOrchestrator.java:169)
	at org.junit.platform.launcher.core.EngineExecutionOrchestrator.execute(EngineExecutionOrchestrator.java:93)
	at org.junit.platform.launcher.core.EngineExecutionOrchestrator.lambda$execute$0(EngineExecutionOrchestrator.java:58)
	at org.junit.platform.launcher.core.EngineExecutionOrchestrator.withInterceptedStreams(EngineExecutionOrchestrator.java:141)
	at org.junit.platform.launcher.core.EngineExecutionOrchestrator.execute(EngineExecutionOrchestrator.java:57)
	at org.junit.platform.launcher.core.DefaultLauncher.execute(DefaultLauncher.java:103)
	at org.junit.platform.launcher.core.DefaultLauncher.execute(DefaultLauncher.java:85)
	at org.junit.platform.launcher.core.DelegatingLauncher.execute(DelegatingLauncher.java:47)
	at org.apache.maven.surefire.junitplatform.LazyLauncher.execute(LazyLauncher.java:56)
	at org.apache.maven.surefire.junitplatform.JUnitPlatformProvider.execute(JUnitPlatformProvider.java:184)
	at org.apache.maven.surefire.junitplatform.JUnitPlatformProvider.invokeAllTests(JUnitPlatformProvider.java:148)
	at org.apache.maven.surefire.junitplatform.JUnitPlatformProvider.invoke(JUnitPlatformProvider.java:122)
	at org.apache.maven.surefire.booter.ForkedBooter.runSuitesInProcess(ForkedBooter.java:385)
	at org.apache.maven.surefire.booter.ForkedBooter.execute(ForkedBooter.java:162)
	at org.apache.maven.surefire.booter.ForkedBooter.run(ForkedBooter.java:507)
	at org.apache.maven.surefire.booter.ForkedBooter.main(ForkedBooter.java:495)
Caused by: org.h2.jdbc.JdbcSQLNonTransientException: Unknown data type: "JSONB"; SQL statement:

    create table public.knowledge_chunks (
        chunk_index integer not null,
        created_at timestamp(6) with time zone not null,
        document_id uuid not null,
        id uuid not null,
        project_id uuid not null,
        chunk_text TEXT not null,
        metadata JSONB,
        source_id varchar(255) not null,
        source_type enum ('ACTIVITY','DOCUMENTATION','PROJECT','TASK','TEAM') not null,
        primary key (id)
    ) [50004-224]
	at org.h2.message.DbException.getJdbcSQLException(DbException.java:566)
	at org.h2.message.DbException.getJdbcSQLException(DbException.java:489)
	at org.h2.message.DbException.get(DbException.java:223)
	at org.h2.message.DbException.get(DbException.java:199)
	at org.h2.command.Parser.readIfDataType1(Parser.java:5866)
	at org.h2.command.Parser.readIfDataType(Parser.java:5704)
	at org.h2.command.Parser.parseColumnWithType(Parser.java:5686)
	at org.h2.command.Parser.parseColumnForTable(Parser.java:5565)
	at org.h2.command.Parser.parseTableColumnDefinition(Parser.java:8999)
	at org.h2.command.Parser.parseCreateTable(Parser.java:8939)
	at org.h2.command.Parser.parseCreate(Parser.java:6404)
	at org.h2.command.Parser.parsePrepared(Parser.java:666)
	at org.h2.command.Parser.parse(Parser.java:592)
	at org.h2.command.Parser.parse(Parser.java:564)
	at org.h2.command.Parser.prepareCommand(Parser.java:483)
	at org.h2.engine.SessionLocal.prepareLocal(SessionLocal.java:639)
	at org.h2.engine.SessionLocal.prepareCommand(SessionLocal.java:559)
	at org.h2.jdbc.JdbcConnection.prepareCommand(JdbcConnection.java:1166)
	at org.h2.jdbc.JdbcStatement.executeInternal(JdbcStatement.java:245)
	at org.h2.jdbc.JdbcStatement.execute(JdbcStatement.java:231)
	at org.hibernate.tool.schema.internal.exec.GenerationTargetToDatabase.accept(GenerationTargetToDatabase.java:80)
	... 117 common frames omitted

2026-07-12 10:26:51.043 DEBUG 19276 --- [main] org.hibernate.SQL                        : [ | ] 
    create table public.knowledge_documents (
        chunk_count integer not null,
        created_at timestamp(6) with time zone not null,
        indexed_at timestamp(6) with time zone not null,
        updated_at timestamp(6) with time zone not null,
        id uuid not null,
        project_id uuid not null,
        checksum varchar(64),
        title varchar(500),
        source_id varchar(255) not null,
        source_type enum ('ACTIVITY','DOCUMENTATION','PROJECT','TASK','TEAM') not null,
        primary key (id)
    )
2026-07-12 10:26:51.047 DEBUG 19276 --- [main] org.hibernate.SQL                        : [ | ] 
    create table public.projects (
        created_at timestamp(6) with time zone not null,
        owner_id bigint not null,
        updated_at timestamp(6) with time zone not null,
        id uuid not null,
        name varchar(100) not null,
        description TEXT,
        status enum ('ACTIVE','ARCHIVED','COMPLETED') not null,
        primary key (id)
    )
2026-07-12 10:26:51.048 DEBUG 19276 --- [main] org.hibernate.SQL                        : [ | ] 
    create table public.refresh_tokens (
        revoked boolean not null,
        created_at timestamp(6) with time zone not null,
        expires_at timestamp(6) with time zone not null,
        id bigint generated by default as identity,
        user_id bigint not null,
        token_hash varchar(255) not null unique,
        primary key (id)
    )
2026-07-12 10:26:51.051 DEBUG 19276 --- [main] org.hibernate.SQL                        : [ | ] 
    create table public.roles (
        created_at timestamp(6) with time zone not null,
        id bigint generated by default as identity,
        name varchar(50) not null unique,
        description varchar(255),
        primary key (id)
    )
2026-07-12 10:26:51.055 DEBUG 19276 --- [main] org.hibernate.SQL                        : [ | ] 
    create table public.tasks (
        assignee_id bigint,
        created_at timestamp(6) with time zone not null,
        created_by bigint not null,
        due_date timestamp(6) with time zone,
        updated_at timestamp(6) with time zone not null,
        id uuid not null,
        project_id uuid not null,
        description TEXT,
        title varchar(255) not null,
        priority enum ('CRITICAL','HIGH','LOW','MEDIUM') not null,
        status enum ('BLOCKED','DONE','IN_PROGRESS','IN_REVIEW','TODO') not null,
        primary key (id)
    )
2026-07-12 10:26:51.055 DEBUG 19276 --- [main] org.hibernate.SQL                        : [ | ] 
    create table public.team_members (
        joined_at timestamp(6) with time zone not null,
        user_id bigint not null,
        id uuid not null,
        team_id uuid not null,
        role enum ('ADMIN','MEMBER','OWNER') not null,
        primary key (id),
        unique (team_id, user_id)
    )
2026-07-12 10:26:51.058 DEBUG 19276 --- [main] org.hibernate.SQL                        : [ | ] 
    create table public.teams (
        created_at timestamp(6) with time zone not null,
        updated_at timestamp(6) with time zone not null,
        id uuid not null,
        description TEXT,
        name varchar(255) not null,
        primary key (id)
    )
2026-07-12 10:26:51.059 DEBUG 19276 --- [main] org.hibernate.SQL                        : [ | ] 
    create table public.user_roles (
        role_id bigint not null,
        user_id bigint not null,
        primary key (role_id, user_id)
    )
2026-07-12 10:26:51.061 DEBUG 19276 --- [main] org.hibernate.SQL                        : [ | ] 
    create table public.users (
        enabled boolean not null,
        created_at timestamp(6) with time zone not null,
        id bigint generated by default as identity,
        updated_at timestamp(6) with time zone not null,
        username varchar(50) not null unique,
        first_name varchar(100) not null,
        last_name varchar(100) not null,
        email varchar(255) not null unique,
        password_hash varchar(255) not null,
        primary key (id)
    )
2026-07-12 10:26:51.063 DEBUG 19276 --- [main] org.hibernate.SQL                        : [ | ] 
    alter table if exists public.activities 
       add constraint FKmfjrc8jdvy0yrr7x67qmrxkue 
       foreign key (actor_id) 
       references public.users
2026-07-12 10:26:51.067 DEBUG 19276 --- [main] org.hibernate.SQL                        : [ | ] 
    alter table if exists public.projects 
       add constraint FKmueqy6cpcwpfl8gnnag4idjt9 
       foreign key (owner_id) 
       references public.users
2026-07-12 10:26:51.070 DEBUG 19276 --- [main] org.hibernate.SQL                        : [ | ] 
    alter table if exists public.refresh_tokens 
       add constraint FK1lih5y2npsf8u5o3vhdb9y0os 
       foreign key (user_id) 
       references public.users
2026-07-12 10:26:51.071 DEBUG 19276 --- [main] org.hibernate.SQL                        : [ | ] 
    alter table if exists public.tasks 
       add constraint FKekr1dgiqktpyoip3qmp6lxsit 
       foreign key (assignee_id) 
       references public.users
2026-07-12 10:26:51.075 DEBUG 19276 --- [main] org.hibernate.SQL                        : [ | ] 
    alter table if exists public.tasks 
       add constraint FK9dgm9t7wn4w3gh57h63g712lo 
       foreign key (created_by) 
       references public.users
2026-07-12 10:26:51.077 DEBUG 19276 --- [main] org.hibernate.SQL                        : [ | ] 
    alter table if exists public.tasks 
       add constraint FKsfhn82y57i3k9uxww1s007acc 
       foreign key (project_id) 
       references public.projects
2026-07-12 10:26:51.079 DEBUG 19276 --- [main] org.hibernate.SQL                        : [ | ] 
    alter table if exists public.team_members 
       add constraint FKtgca08el3ofisywcf11f0f76t 
       foreign key (team_id) 
       references public.teams
2026-07-12 10:26:51.082 DEBUG 19276 --- [main] org.hibernate.SQL                        : [ | ] 
    alter table if exists public.team_members 
       add constraint FKee8x7x5026imwmma9kndkxs36 
       foreign key (user_id) 
       references public.users
2026-07-12 10:26:51.084 DEBUG 19276 --- [main] org.hibernate.SQL                        : [ | ] 
    alter table if exists public.user_roles 
       add constraint FKh8ciramu9cc9q3qcqiv4ue8a6 
       foreign key (role_id) 
       references public.roles
2026-07-12 10:26:51.086 DEBUG 19276 --- [main] org.hibernate.SQL                        : [ | ] 
    alter table if exists public.user_roles 
       add constraint FKhfh9dx7w3ubf1co1vdev94g3f 
       foreign key (user_id) 
       references public.users
2026-07-12 10:26:51.349  INFO 19276 --- [main] c.f.m.a.repository.RoleRepositoryTest    : [ | ] Started RoleRepositoryTest in 1.383 seconds (process running for 56.816)
2026-07-12 10:26:51.384 DEBUG 19276 --- [main] org.hibernate.SQL                        : [ | ] 
    insert 
    into
        public.roles
        (created_at, description, name, id) 
    values
        (?, ?, ?, default)
2026-07-12 10:26:51.394 DEBUG 19276 --- [main] org.hibernate.SQL                        : [ | ] 
    select
        r1_0.id,
        r1_0.created_at,
        r1_0.description,
        r1_0.name 
    from
        public.roles r1_0 
    where
        r1_0.name=?
2026-07-12 10:26:51.408 DEBUG 19276 --- [main] org.hibernate.SQL                        : [ | ] 
    insert 
    into
        public.roles
        (created_at, description, name, id) 
    values
        (?, ?, ?, default)
2026-07-12 10:26:51.413 DEBUG 19276 --- [main] org.hibernate.SQL                        : [ | ] 
    select
        r1_0.id 
    from
        public.roles r1_0 
    where
        r1_0.name=? 
    fetch
        first ? rows only
2026-07-12 10:26:51.423 DEBUG 19276 --- [main] org.hibernate.SQL                        : [ | ] 
    insert 
    into
        public.roles
        (created_at, description, name, id) 
    values
        (?, ?, ?, default)
2026-07-12 10:26:51.429 DEBUG 19276 --- [main] org.hibernate.SQL                        : [ | ] 
    select
        r1_0.id,
        r1_0.created_at,
        r1_0.description,
        r1_0.name 
    from
        public.roles r1_0
2026-07-12 10:26:51.456 DEBUG 19276 --- [main] org.hibernate.SQL                        : [ | ] 
    insert 
    into
        public.roles
        (created_at, description, name, id) 
    values
        (?, ?, ?, default)
2026-07-12 10:26:51.460 DEBUG 19276 --- [main] org.hibernate.SQL                        : [ | ] 
    insert 
    into
        public.roles
        (created_at, description, name, id) 
    values
        (?, ?, ?, default)
2026-07-12 10:26:51.476 DEBUG 19276 --- [main] org.hibernate.SQL                        : [ | ] 
    insert 
    into
        public.roles
        (created_at, description, name, id) 
    values
        (?, ?, ?, default)
2026-07-12 10:26:51.484 DEBUG 19276 --- [main] org.hibernate.SQL                        : [ | ] 
    select
        r1_0.id,
        r1_0.created_at,
        r1_0.description,
        r1_0.name 
    from
        public.roles r1_0 
    where
        r1_0.name=?
2026-07-12 10:26:51.499 DEBUG 19276 --- [main] org.hibernate.SQL                        : [ | ] 
    insert 
    into
        public.roles
        (created_at, description, name, id) 
    values
        (?, ?, ?, default)
2026-07-12 10:26:51.505 DEBUG 19276 --- [main] org.hibernate.SQL                        : [ | ] 
    select
        r1_0.id 
    from
        public.roles r1_0 
    where
        r1_0.name=? 
    fetch
        first ? rows only
2026-07-12 10:26:51.550 DEBUG 19276 --- [main] org.hibernate.SQL                        : [ | ] 
    insert 
    into
        public.roles
        (created_at, description, name, id) 
    values
        (?, ?, ?, default)
2026-07-12 10:26:51.557 DEBUG 19276 --- [main] org.hibernate.SQL                        : [ | ] 
    insert 
    into
        public.users
        (created_at, email, enabled, first_name, last_name, password_hash, updated_at, username, id) 
    values
        (?, ?, ?, ?, ?, ?, ?, ?, default)
2026-07-12 10:26:51.564 DEBUG 19276 --- [main] org.hibernate.SQL                        : [ | ] 
    select
        u1_0.id,
        u1_0.created_at,
        u1_0.email,
        u1_0.enabled,
        u1_0.first_name,
        u1_0.last_name,
        u1_0.password_hash,
        u1_0.updated_at,
        u1_0.username 
    from
        public.users u1_0 
    where
        u1_0.username=?
2026-07-12 10:26:51.575 DEBUG 19276 --- [main] org.hibernate.SQL                        : [ | ] 
    insert 
    into
        public.roles
        (created_at, description, name, id) 
    values
        (?, ?, ?, default)
2026-07-12 10:26:51.580 DEBUG 19276 --- [main] org.hibernate.SQL                        : [ | ] 
    insert 
    into
        public.users
        (created_at, email, enabled, first_name, last_name, password_hash, updated_at, username, id) 
    values
        (?, ?, ?, ?, ?, ?, ?, ?, default)
2026-07-12 10:26:51.586 DEBUG 19276 --- [main] org.hibernate.SQL                        : [ | ] 
    select
        u1_0.id,
        u1_0.created_at,
        u1_0.email,
        u1_0.enabled,
        u1_0.first_name,
        u1_0.last_name,
        u1_0.password_hash,
        u1_0.updated_at,
        u1_0.username 
    from
        public.users u1_0 
    where
        u1_0.email=?
2026-07-12 10:26:51.596 DEBUG 19276 --- [main] org.hibernate.SQL                        : [ | ] 
    insert 
    into
        public.roles
        (created_at, description, name, id) 
    values
        (?, ?, ?, default)
2026-07-12 10:26:51.599 DEBUG 19276 --- [main] org.hibernate.SQL                        : [ | ] 
    insert 
    into
        public.users
        (created_at, email, enabled, first_name, last_name, password_hash, updated_at, username, id) 
    values
        (?, ?, ?, ?, ?, ?, ?, ?, default)
2026-07-12 10:26:51.605 DEBUG 19276 --- [main] org.hibernate.SQL                        : [ | ] 
    select
        u1_0.id,
        u1_0.created_at,
        u1_0.email,
        u1_0.enabled,
        u1_0.first_name,
        u1_0.last_name,
        u1_0.password_hash,
        u1_0.updated_at,
        u1_0.username 
    from
        public.users u1_0 
    where
        u1_0.username=?
2026-07-12 10:26:51.632 DEBUG 19276 --- [main] org.hibernate.SQL                        : [ | ] 
    insert 
    into
        public.roles
        (created_at, description, name, id) 
    values
        (?, ?, ?, default)
2026-07-12 10:26:51.636 DEBUG 19276 --- [main] org.hibernate.SQL                        : [ | ] 
    insert 
    into
        public.users
        (created_at, email, enabled, first_name, last_name, password_hash, updated_at, username, id) 
    values
        (?, ?, ?, ?, ?, ?, ?, ?, default)
2026-07-12 10:26:51.643 DEBUG 19276 --- [main] org.hibernate.SQL                        : [ | ] 
    select
        u1_0.id,
        u1_0.created_at,
        u1_0.email,
        u1_0.enabled,
        u1_0.first_name,
        u1_0.last_name,
        u1_0.password_hash,
        u1_0.updated_at,
        u1_0.username 
    from
        public.users u1_0 
    where
        u1_0.username=?
2026-07-12 10:26:51.653 DEBUG 19276 --- [main] org.hibernate.SQL                        : [ | ] 
    insert 
    into
        public.roles
        (created_at, description, name, id) 
    values
        (?, ?, ?, default)
2026-07-12 10:26:51.656 DEBUG 19276 --- [main] org.hibernate.SQL                        : [ | ] 
    insert 
    into
        public.users
        (created_at, email, enabled, first_name, last_name, password_hash, updated_at, username, id) 
    values
        (?, ?, ?, ?, ?, ?, ?, ?, default)
2026-07-12 10:26:51.661 DEBUG 19276 --- [main] org.hibernate.SQL                        : [ | ] 
    select
        u1_0.id 
    from
        public.users u1_0 
    where
        u1_0.email=? 
    fetch
        first ? rows only
2026-07-12 10:26:51.670 DEBUG 19276 --- [main] org.hibernate.SQL                        : [ | ] 
    insert 
    into
        public.roles
        (created_at, description, name, id) 
    values
        (?, ?, ?, default)
2026-07-12 10:26:51.673 DEBUG 19276 --- [main] org.hibernate.SQL                        : [ | ] 
    insert 
    into
        public.users
        (created_at, email, enabled, first_name, last_name, password_hash, updated_at, username, id) 
    values
        (?, ?, ?, ?, ?, ?, ?, ?, default)
2026-07-12 10:26:51.677 DEBUG 19276 --- [main] org.hibernate.SQL                        : [ | ] 
    select
        u1_0.id 
    from
        public.users u1_0 
    where
        u1_0.username=? 
    fetch
        first ? rows only
2026-07-12 10:26:51.688 DEBUG 19276 --- [main] org.hibernate.SQL                        : [ | ] 
    insert 
    into
        public.roles
        (created_at, description, name, id) 
    values
        (?, ?, ?, default)
2026-07-12 10:26:51.691 DEBUG 19276 --- [main] org.hibernate.SQL                        : [ | ] 
    insert 
    into
        public.users
        (created_at, email, enabled, first_name, last_name, password_hash, updated_at, username, id) 
    values
        (?, ?, ?, ?, ?, ?, ?, ?, default)
2026-07-12 10:26:51.696 DEBUG 19276 --- [main] org.hibernate.SQL                        : [ | ] 
    select
        u1_0.id 
    from
        public.users u1_0 
    where
        u1_0.email=? 
    fetch
        first ? rows only
2026-07-12 10:26:51.707 DEBUG 19276 --- [main] org.hibernate.SQL                        : [ | ] 
    insert 
    into
        public.roles
        (created_at, description, name, id) 
    values
        (?, ?, ?, default)
2026-07-12 10:26:51.710 DEBUG 19276 --- [main] org.hibernate.SQL                        : [ | ] 
    insert 
    into
        public.users
        (created_at, email, enabled, first_name, last_name, password_hash, updated_at, username, id) 
    values
        (?, ?, ?, ?, ?, ?, ?, ?, default)
2026-07-12 10:26:51.715 DEBUG 19276 --- [main] org.hibernate.SQL                        : [ | ] 
    select
        u1_0.id,
        u1_0.created_at,
        u1_0.email,
        u1_0.enabled,
        u1_0.first_name,
        u1_0.last_name,
        u1_0.password_hash,
        u1_0.updated_at,
        u1_0.username 
    from
        public.users u1_0 
    where
        u1_0.username=?
2026-07-12 10:26:51.725 DEBUG 19276 --- [main] org.hibernate.SQL                        : [ | ] 
    insert 
    into
        public.roles
        (created_at, description, name, id) 
    values
        (?, ?, ?, default)
2026-07-12 10:26:51.728 DEBUG 19276 --- [main] org.hibernate.SQL                        : [ | ] 
    insert 
    into
        public.users
        (created_at, email, enabled, first_name, last_name, password_hash, updated_at, username, id) 
    values
        (?, ?, ?, ?, ?, ?, ?, ?, default)
2026-07-12 10:26:51.733 DEBUG 19276 --- [main] org.hibernate.SQL                        : [ | ] 
    select
        u1_0.id 
    from
        public.users u1_0 
    where
        u1_0.username=? 
    fetch
        first ? rows only
2026-07-12 10:26:51.743 DEBUG 19276 --- [main] org.hibernate.SQL                        : [ | ] 
    insert 
    into
        public.roles
        (created_at, description, name, id) 
    values
        (?, ?, ?, default)
2026-07-12 10:26:51.746 DEBUG 19276 --- [main] org.hibernate.SQL                        : [ | ] 
    insert 
    into
        public.users
        (created_at, email, enabled, first_name, last_name, password_hash, updated_at, username, id) 
    values
        (?, ?, ?, ?, ?, ?, ?, ?, default)
2026-07-12 10:26:51.750 DEBUG 19276 --- [main] org.hibernate.SQL                        : [ | ] 
    select
        u1_0.id,
        u1_0.created_at,
        u1_0.email,
        u1_0.enabled,
        u1_0.first_name,
        u1_0.last_name,
        u1_0.password_hash,
        u1_0.updated_at,
        u1_0.username 
    from
        public.users u1_0 
    where
        u1_0.username=?
2026-07-12 10:26:51.760 DEBUG 19276 --- [main] org.hibernate.SQL                        : [ | ] 
    insert 
    into
        public.roles
        (created_at, description, name, id) 
    values
        (?, ?, ?, default)
2026-07-12 10:26:51.762 DEBUG 19276 --- [main] org.hibernate.SQL                        : [ | ] 
    insert 
    into
        public.users
        (created_at, email, enabled, first_name, last_name, password_hash, updated_at, username, id) 
    values
        (?, ?, ?, ?, ?, ?, ?, ?, default)
2026-07-12 10:26:51.774 DEBUG 19276 --- [main] org.hibernate.SQL                        : [ | ] 
    insert 
    into
        public.roles
        (created_at, description, name, id) 
    values
        (?, ?, ?, default)
2026-07-12 10:26:51.779 DEBUG 19276 --- [main] org.hibernate.SQL                        : [ | ] 
    insert 
    into
        public.users
        (created_at, email, enabled, first_name, last_name, password_hash, updated_at, username, id) 
    values
        (?, ?, ?, ?, ?, ?, ?, ?, default)
2026-07-12 10:26:51.787 DEBUG 19276 --- [main] org.hibernate.SQL                        : [ | ] 
    select
        u1_0.id,
        u1_0.created_at,
        u1_0.email,
        u1_0.enabled,
        u1_0.first_name,
        u1_0.last_name,
        u1_0.password_hash,
        u1_0.updated_at,
        u1_0.username 
    from
        public.users u1_0 
    where
        u1_0.email=?
2026-07-12 10:26:52.759  INFO 19276 --- [main] c.f.modules.auth.service.AuthService     : [ | ] User 'alicesmith' (ID: 1) logged in successfully
2026-07-12 10:26:52.773  INFO 19276 --- [main] c.f.modules.auth.service.AuthService     : [ | ] User 'alicesmith' (ID: 1) logged in successfully
2026-07-12 10:26:52.784  INFO 19276 --- [main] c.f.modules.auth.service.AuthService     : [ | ] User 'alicesmith' (ID: 1) logged in successfully
2026-07-12 10:26:52.808  INFO 19276 --- [main] c.f.modules.auth.service.AuthService     : [ | ] User 'alicesmith' (ID: 1) logged in successfully
2026-07-12 10:26:52.820  INFO 19276 --- [main] c.f.modules.auth.service.AuthService     : [ | ] User 'alicesmith' (ID: 1) logged in successfully
2026-07-12 10:26:52.845 DEBUG 19276 --- [main] c.f.modules.auth.service.AuthService     : [ | ] Authentication failure for identifier 'alicesmith': DisabledException
2026-07-12 10:26:52.859 DEBUG 19276 --- [main] c.f.modules.auth.service.AuthService     : [ | ] Authentication failure for identifier 'alicesmith': BadCredentialsException
2026-07-12 10:26:52.869  INFO 19276 --- [main] c.f.modules.auth.service.AuthService     : [ | ] User 'alicesmith' (ID: 1) logged in successfully
2026-07-12 10:26:52.888  INFO 19276 --- [main] c.f.modules.auth.service.AuthService     : [ | ] User 'alicesmith' (ID: 1) logged in successfully
2026-07-12 10:26:52.900 DEBUG 19276 --- [main] c.f.modules.auth.service.AuthService     : [ | ] Attempting to register new user: johndoe
2026-07-12 10:26:52.902  INFO 19276 --- [main] c.f.modules.auth.service.AuthService     : [ | ] Successfully registered user: johndoe with ID: 2
2026-07-12 10:26:52.908 DEBUG 19276 --- [main] c.f.modules.auth.service.AuthService     : [ | ] Attempting to register new user: johndoe
2026-07-12 10:26:52.909  INFO 19276 --- [main] c.f.modules.auth.service.AuthService     : [ | ] Successfully registered user: johndoe with ID: 3
2026-07-12 10:26:52.917 DEBUG 19276 --- [main] c.f.modules.auth.service.AuthService     : [ | ] Attempting to register new user: johndoe
2026-07-12 10:26:52.926 DEBUG 19276 --- [main] c.f.modules.auth.service.AuthService     : [ | ] Attempting to register new user: johndoe
2026-07-12 10:26:52.927  INFO 19276 --- [main] c.f.modules.auth.service.AuthService     : [ | ] Successfully registered user: johndoe with ID: 1
2026-07-12 10:26:52.933 DEBUG 19276 --- [main] c.f.modules.auth.service.AuthService     : [ | ] Attempting to register new user: johndoe
2026-07-12 10:26:52.944  INFO 19276 --- [main] c.f.m.auth.service.UserServiceImpl       : [ | ] User testuser updated their profile
2026-07-12 10:26:52.963  INFO 19276 --- [main] c.f.m.auth.service.UserServiceImpl       : [ | ] User testuser deactivated their account
2026-07-12 10:26:53.349  INFO 19276 --- [main] c.f.m.p.service.ProjectServiceImpl       : [ | ] Project updated: id=649ec48b-03fd-4fb1-ad99-76689ea69502, name=Test Project
2026-07-12 10:26:53.356  WARN 19276 --- [main] c.f.m.p.service.ProjectServiceImpl       : [ | ] Project not found: id=47806929-e25b-4caf-9485-4dce7c03174a
2026-07-12 10:26:53.363  WARN 19276 --- [main] c.f.m.p.service.ProjectServiceImpl       : [ | ] Access denied: User 2 attempted to modify Project c09deb97-fad9-4ef5-ae19-26cb3ae45a50 owned by User 1
2026-07-12 10:26:53.368  INFO 19276 --- [main] c.f.m.p.service.ProjectServiceImpl       : [ | ] Project deleted: id=45075ff6-26b1-42ea-88e5-31a190e23c36
2026-07-12 10:26:53.374  INFO 19276 --- [main] c.f.m.p.service.ProjectServiceImpl       : [ | ] Project created: id=87a1b2b8-61c4-4f25-8e08-5060cfbf050f, name=Test Project
2026-07-12 10:26:53.631  INFO 19276 --- [main] c.f.m.task.service.TaskServiceImpl       : [ | ] Task created: id=c7fb7b5a-207b-4dce-93da-44bb53ab3df4, title=Test Task, project=a73939fe-4abb-4792-b952-e9b8e37c3378, by=1
2026-07-12 10:26:53.638  WARN 19276 --- [main] c.f.m.task.service.TaskServiceImpl       : [ | ] Unauthorized access: user=1 attempted action on project=800c8593-f718-4f31-9923-f28027efad54 owned by=2
2026-07-12 10:26:53.645  INFO 19276 --- [main] c.f.m.task.service.TaskServiceImpl       : [ | ] Task deleted: id=97d49dec-d588-49bc-b155-2457db412a30, by=1
2026-07-12 10:26:53.652  WARN 19276 --- [main] c.f.m.task.service.TaskServiceImpl       : [ | ] Task not found: id=b0deb4b8-2102-47f0-9ef3-a31079074aaf
2026-07-12 10:26:53.690  INFO 19276 --- [SpringApplicationShutdownHook] org.springframework.web.SimpLogging      : [ | ] Stopping...
2026-07-12 10:26:53.690  INFO 19276 --- [SpringApplicationShutdownHook] org.springframework.web.SimpLogging      : [ | ] BrokerAvailabilityEvent[available=false, SimpleBrokerMessageHandler [org.springframework.messaging.simp.broker.DefaultSubscriptionRegistry@228a6823]]
2026-07-12 10:26:53.691  INFO 19276 --- [SpringApplicationShutdownHook] org.springframework.web.SimpLogging      : [ | ] Stopped.
2026-07-12 10:26:53.725 DEBUG 19276 --- [SpringApplicationShutdownHook] org.hibernate.SQL                        : [ | ] 
    drop table if exists public.activities cascade 
2026-07-12 10:26:53.727 DEBUG 19276 --- [SpringApplicationShutdownHook] org.hibernate.SQL                        : [ | ] 
    drop table if exists public.knowledge_chunks cascade 
2026-07-12 10:26:53.727 DEBUG 19276 --- [SpringApplicationShutdownHook] org.hibernate.SQL                        : [ | ] 
    drop table if exists public.knowledge_documents cascade 
2026-07-12 10:26:53.728 DEBUG 19276 --- [SpringApplicationShutdownHook] org.hibernate.SQL                        : [ | ] 
    drop table if exists public.projects cascade 
2026-07-12 10:26:53.729 DEBUG 19276 --- [SpringApplicationShutdownHook] org.hibernate.SQL                        : [ | ] 
    drop table if exists public.refresh_tokens cascade 
2026-07-12 10:26:53.730 DEBUG 19276 --- [SpringApplicationShutdownHook] org.hibernate.SQL                        : [ | ] 
    drop table if exists public.roles cascade 
2026-07-12 10:26:53.731 DEBUG 19276 --- [SpringApplicationShutdownHook] org.hibernate.SQL                        : [ | ] 
    drop table if exists public.tasks cascade 
2026-07-12 10:26:53.731 DEBUG 19276 --- [SpringApplicationShutdownHook] org.hibernate.SQL                        : [ | ] 
    drop table if exists public.team_members cascade 
2026-07-12 10:26:53.733 DEBUG 19276 --- [SpringApplicationShutdownHook] org.hibernate.SQL                        : [ | ] 
    drop table if exists public.teams cascade 
2026-07-12 10:26:53.733 DEBUG 19276 --- [SpringApplicationShutdownHook] org.hibernate.SQL                        : [ | ] 
    drop table if exists public.user_roles cascade 
2026-07-12 10:26:53.734 DEBUG 19276 --- [SpringApplicationShutdownHook] org.hibernate.SQL                        : [ | ] 
    drop table if exists public.users cascade 
2026-07-12 10:26:53.750  INFO 19276 --- [SpringApplicationShutdownHook] org.springframework.web.SimpLogging      : [ | ] Stopping...
2026-07-12 10:26:53.751  INFO 19276 --- [SpringApplicationShutdownHook] org.springframework.web.SimpLogging      : [ | ] BrokerAvailabilityEvent[available=false, SimpleBrokerMessageHandler [org.springframework.messaging.simp.broker.DefaultSubscriptionRegistry@738db631]]
2026-07-12 10:26:53.751  INFO 19276 --- [SpringApplicationShutdownHook] org.springframework.web.SimpLogging      : [ | ] Stopped.
2026-07-12 10:26:53.763 DEBUG 19276 --- [SpringApplicationShutdownHook] org.hibernate.SQL                        : [ | ] 
    drop table if exists public.activities cascade 
2026-07-12 10:26:53.763 DEBUG 19276 --- [SpringApplicationShutdownHook] org.hibernate.SQL                        : [ | ] 
    drop table if exists public.knowledge_chunks cascade 
2026-07-12 10:26:53.764 DEBUG 19276 --- [SpringApplicationShutdownHook] org.hibernate.SQL                        : [ | ] 
    drop table if exists public.knowledge_documents cascade 
2026-07-12 10:26:53.764 DEBUG 19276 --- [SpringApplicationShutdownHook] org.hibernate.SQL                        : [ | ] 
    drop table if exists public.projects cascade 
2026-07-12 10:26:53.764 DEBUG 19276 --- [SpringApplicationShutdownHook] org.hibernate.SQL                        : [ | ] 
    drop table if exists public.refresh_tokens cascade 
2026-07-12 10:26:53.764 DEBUG 19276 --- [SpringApplicationShutdownHook] org.hibernate.SQL                        : [ | ] 
    drop table if exists public.roles cascade 
2026-07-12 10:26:53.764 DEBUG 19276 --- [SpringApplicationShutdownHook] org.hibernate.SQL                        : [ | ] 
    drop table if exists public.tasks cascade 
2026-07-12 10:26:53.764 DEBUG 19276 --- [SpringApplicationShutdownHook] org.hibernate.SQL                        : [ | ] 
    drop table if exists public.team_members cascade 
2026-07-12 10:26:53.764 DEBUG 19276 --- [SpringApplicationShutdownHook] org.hibernate.SQL                        : [ | ] 
    drop table if exists public.teams cascade 
2026-07-12 10:26:53.766 DEBUG 19276 --- [SpringApplicationShutdownHook] org.hibernate.SQL                        : [ | ] 
    drop table if exists public.user_roles cascade 
2026-07-12 10:26:53.766 DEBUG 19276 --- [SpringApplicationShutdownHook] org.hibernate.SQL                        : [ | ] 
    drop table if exists public.users cascade 
2026-07-12 10:26:53.773 DEBUG 19276 --- [SpringApplicationShutdownHook] org.hibernate.SQL                        : [ | ] 
    drop table if exists public.activities cascade 
2026-07-12 10:26:53.775 DEBUG 19276 --- [SpringApplicationShutdownHook] org.hibernate.SQL                        : [ | ] 
    drop table if exists public.knowledge_chunks cascade 
2026-07-12 10:26:53.775 DEBUG 19276 --- [SpringApplicationShutdownHook] org.hibernate.SQL                        : [ | ] 
    drop table if exists public.knowledge_documents cascade 
2026-07-12 10:26:53.776 DEBUG 19276 --- [SpringApplicationShutdownHook] org.hibernate.SQL                        : [ | ] 
    drop table if exists public.projects cascade 
2026-07-12 10:26:53.776 DEBUG 19276 --- [SpringApplicationShutdownHook] org.hibernate.SQL                        : [ | ] 
    drop table if exists public.refresh_tokens cascade 
2026-07-12 10:26:53.777 DEBUG 19276 --- [SpringApplicationShutdownHook] org.hibernate.SQL                        : [ | ] 
    drop table if exists public.roles cascade 
2026-07-12 10:26:53.777 DEBUG 19276 --- [SpringApplicationShutdownHook] org.hibernate.SQL                        : [ | ] 
    drop table if exists public.tasks cascade 
2026-07-12 10:26:53.779 DEBUG 19276 --- [SpringApplicationShutdownHook] org.hibernate.SQL                        : [ | ] 
    drop table if exists public.team_members cascade 
2026-07-12 10:26:53.779 DEBUG 19276 --- [SpringApplicationShutdownHook] org.hibernate.SQL                        : [ | ] 
    drop table if exists public.teams cascade 
2026-07-12 10:26:53.781 DEBUG 19276 --- [SpringApplicationShutdownHook] org.hibernate.SQL                        : [ | ] 
    drop table if exists public.user_roles cascade 
2026-07-12 10:26:53.781 DEBUG 19276 --- [SpringApplicationShutdownHook] org.hibernate.SQL                        : [ | ] 
    drop table if exists public.users cascade 
2026-07-12 10:27:31.517  INFO 14848 --- [main] c.forgemind.ForgemindApplicationTests    : [ | ] Starting ForgemindApplicationTests using Java 21.0.11 with PID 14848 (started by varun in C:\Users\varun\OneDrive\Documents\flutter1\Forgemind\ForgeMind\backend)
2026-07-12 10:27:31.521 DEBUG 14848 --- [main] c.forgemind.ForgemindApplicationTests    : [ | ] Running with Spring Boot v3.3.1, Spring v6.1.10
2026-07-12 10:27:31.522  INFO 14848 --- [main] c.forgemind.ForgemindApplicationTests    : [ | ] The following 1 profile is active: "test"
2026-07-12 10:27:44.973 DEBUG 14848 --- [main] org.hibernate.SQL                        : [ | ] 
    drop table if exists public.activities cascade 
2026-07-12 10:27:44.987 DEBUG 14848 --- [main] org.hibernate.SQL                        : [ | ] 
    drop table if exists public.knowledge_chunks cascade 
2026-07-12 10:27:44.988 DEBUG 14848 --- [main] org.hibernate.SQL                        : [ | ] 
    drop table if exists public.knowledge_documents cascade 
2026-07-12 10:27:44.989 DEBUG 14848 --- [main] org.hibernate.SQL                        : [ | ] 
    drop table if exists public.projects cascade 
2026-07-12 10:27:44.990 DEBUG 14848 --- [main] org.hibernate.SQL                        : [ | ] 
    drop table if exists public.refresh_tokens cascade 
2026-07-12 10:27:44.991 DEBUG 14848 --- [main] org.hibernate.SQL                        : [ | ] 
    drop table if exists public.roles cascade 
2026-07-12 10:27:44.992 DEBUG 14848 --- [main] org.hibernate.SQL                        : [ | ] 
    drop table if exists public.tasks cascade 
2026-07-12 10:27:44.992 DEBUG 14848 --- [main] org.hibernate.SQL                        : [ | ] 
    drop table if exists public.team_members cascade 
2026-07-12 10:27:44.993 DEBUG 14848 --- [main] org.hibernate.SQL                        : [ | ] 
    drop table if exists public.teams cascade 
2026-07-12 10:27:44.994 DEBUG 14848 --- [main] org.hibernate.SQL                        : [ | ] 
    drop table if exists public.user_roles cascade 
2026-07-12 10:27:44.994 DEBUG 14848 --- [main] org.hibernate.SQL                        : [ | ] 
    drop table if exists public.users cascade 
2026-07-12 10:27:45.010 DEBUG 14848 --- [main] org.hibernate.SQL                        : [ | ] 
    create table public.activities (
        actor_id bigint not null,
        created_at timestamp(6) with time zone not null,
        id uuid not null,
        project_id uuid,
        task_id uuid,
        team_id uuid,
        message TEXT not null,
        metadata TEXT,
        activity_type enum ('PROJECT_CREATED','PROJECT_DELETED','PROJECT_UPDATED','TASK_ASSIGNED','TASK_COMPLETED','TASK_CREATED','TASK_DELETED','TASK_STATUS_CHANGED','TASK_UPDATED','TEAM_CREATED','TEAM_MEMBER_ADDED','TEAM_MEMBER_REMOVED','USER_UPDATED') not null,
        primary key (id)
    )
2026-07-12 10:27:45.036 DEBUG 14848 --- [main] org.hibernate.SQL                        : [ | ] 
    create table public.knowledge_chunks (
        chunk_index integer not null,
        created_at timestamp(6) with time zone not null,
        document_id uuid not null,
        id uuid not null,
        project_id uuid not null,
        chunk_text TEXT not null,
        metadata JSONB,
        source_id varchar(255) not null,
        source_type enum ('ACTIVITY','DOCUMENTATION','PROJECT','TASK','TEAM') not null,
        primary key (id)
    )
2026-07-12 10:27:45.041 DEBUG 14848 --- [main] org.hibernate.SQL                        : [ | ] 
    create table public.knowledge_documents (
        chunk_count integer not null,
        created_at timestamp(6) with time zone not null,
        indexed_at timestamp(6) with time zone not null,
        updated_at timestamp(6) with time zone not null,
        id uuid not null,
        project_id uuid not null,
        checksum varchar(64),
        title varchar(500),
        source_id varchar(255) not null,
        source_type enum ('ACTIVITY','DOCUMENTATION','PROJECT','TASK','TEAM') not null,
        primary key (id)
    )
2026-07-12 10:27:45.046 DEBUG 14848 --- [main] org.hibernate.SQL                        : [ | ] 
    create table public.projects (
        created_at timestamp(6) with time zone not null,
        owner_id bigint not null,
        updated_at timestamp(6) with time zone not null,
        id uuid not null,
        name varchar(100) not null,
        description TEXT,
        status enum ('ACTIVE','ARCHIVED','COMPLETED') not null,
        primary key (id)
    )
2026-07-12 10:27:45.054 DEBUG 14848 --- [main] org.hibernate.SQL                        : [ | ] 
    create table public.refresh_tokens (
        revoked boolean not null,
        created_at timestamp(6) with time zone not null,
        expires_at timestamp(6) with time zone not null,
        id bigint generated by default as identity,
        user_id bigint not null,
        token_hash varchar(255) not null unique,
        primary key (id)
    )
2026-07-12 10:27:45.071 DEBUG 14848 --- [main] org.hibernate.SQL                        : [ | ] 
    create table public.roles (
        created_at timestamp(6) with time zone not null,
        id bigint generated by default as identity,
        name varchar(50) not null unique,
        description varchar(255),
        primary key (id)
    )
2026-07-12 10:27:45.075 DEBUG 14848 --- [main] org.hibernate.SQL                        : [ | ] 
    create table public.tasks (
        assignee_id bigint,
        created_at timestamp(6) with time zone not null,
        created_by bigint not null,
        due_date timestamp(6) with time zone,
        updated_at timestamp(6) with time zone not null,
        id uuid not null,
        project_id uuid not null,
        description TEXT,
        title varchar(255) not null,
        priority enum ('CRITICAL','HIGH','LOW','MEDIUM') not null,
        status enum ('BLOCKED','DONE','IN_PROGRESS','IN_REVIEW','TODO') not null,
        primary key (id)
    )
2026-07-12 10:27:45.080 DEBUG 14848 --- [main] org.hibernate.SQL                        : [ | ] 
    create table public.team_members (
        joined_at timestamp(6) with time zone not null,
        user_id bigint not null,
        id uuid not null,
        team_id uuid not null,
        role enum ('ADMIN','MEMBER','OWNER') not null,
        primary key (id),
        unique (team_id, user_id)
    )
2026-07-12 10:27:45.087 DEBUG 14848 --- [main] org.hibernate.SQL                        : [ | ] 
    create table public.teams (
        created_at timestamp(6) with time zone not null,
        updated_at timestamp(6) with time zone not null,
        id uuid not null,
        description TEXT,
        name varchar(255) not null,
        primary key (id)
    )
2026-07-12 10:27:45.090 DEBUG 14848 --- [main] org.hibernate.SQL                        : [ | ] 
    create table public.user_roles (
        role_id bigint not null,
        user_id bigint not null,
        primary key (role_id, user_id)
    )
2026-07-12 10:27:45.093 DEBUG 14848 --- [main] org.hibernate.SQL                        : [ | ] 
    create table public.users (
        enabled boolean not null,
        created_at timestamp(6) with time zone not null,
        id bigint generated by default as identity,
        updated_at timestamp(6) with time zone not null,
        username varchar(50) not null unique,
        first_name varchar(100) not null,
        last_name varchar(100) not null,
        email varchar(255) not null unique,
        password_hash varchar(255) not null,
        primary key (id)
    )
2026-07-12 10:27:45.098 DEBUG 14848 --- [main] org.hibernate.SQL                        : [ | ] 
    alter table if exists public.activities 
       add constraint FKmfjrc8jdvy0yrr7x67qmrxkue 
       foreign key (actor_id) 
       references public.users
2026-07-12 10:27:45.127 DEBUG 14848 --- [main] org.hibernate.SQL                        : [ | ] 
    alter table if exists public.projects 
       add constraint FKmueqy6cpcwpfl8gnnag4idjt9 
       foreign key (owner_id) 
       references public.users
2026-07-12 10:27:45.129 DEBUG 14848 --- [main] org.hibernate.SQL                        : [ | ] 
    alter table if exists public.refresh_tokens 
       add constraint FK1lih5y2npsf8u5o3vhdb9y0os 
       foreign key (user_id) 
       references public.users
2026-07-12 10:27:45.132 DEBUG 14848 --- [main] org.hibernate.SQL                        : [ | ] 
    alter table if exists public.tasks 
       add constraint FKekr1dgiqktpyoip3qmp6lxsit 
       foreign key (assignee_id) 
       references public.users
2026-07-12 10:27:45.136 DEBUG 14848 --- [main] org.hibernate.SQL                        : [ | ] 
    alter table if exists public.tasks 
       add constraint FK9dgm9t7wn4w3gh57h63g712lo 
       foreign key (created_by) 
       references public.users
2026-07-12 10:27:45.138 DEBUG 14848 --- [main] org.hibernate.SQL                        : [ | ] 
    alter table if exists public.tasks 
       add constraint FKsfhn82y57i3k9uxww1s007acc 
       foreign key (project_id) 
       references public.projects
2026-07-12 10:27:45.142 DEBUG 14848 --- [main] org.hibernate.SQL                        : [ | ] 
    alter table if exists public.team_members 
       add constraint FKtgca08el3ofisywcf11f0f76t 
       foreign key (team_id) 
       references public.teams
2026-07-12 10:27:45.145 DEBUG 14848 --- [main] org.hibernate.SQL                        : [ | ] 
    alter table if exists public.team_members 
       add constraint FKee8x7x5026imwmma9kndkxs36 
       foreign key (user_id) 
       references public.users
2026-07-12 10:27:45.148 DEBUG 14848 --- [main] org.hibernate.SQL                        : [ | ] 
    alter table if exists public.user_roles 
       add constraint FKh8ciramu9cc9q3qcqiv4ue8a6 
       foreign key (role_id) 
       references public.roles
2026-07-12 10:27:45.152 DEBUG 14848 --- [main] org.hibernate.SQL                        : [ | ] 
    alter table if exists public.user_roles 
       add constraint FKhfh9dx7w3ubf1co1vdev94g3f 
       foreign key (user_id) 
       references public.users
2026-07-12 10:27:47.471  INFO 14848 --- [main] c.forgemind.modules.ai.config.AiConfig   : [ | ] Initializing AI Provider: MOCK
2026-07-12 10:27:47.706  INFO 14848 --- [main] c.f.modules.ai.tools.ToolExecutor        : [ | ] ToolExecutor initialized with 5 tools: [project.fetch, metrics.compute, task.list, team.fetch, activity.recent]
2026-07-12 10:27:47.738  INFO 14848 --- [main] c.f.m.a.embedding.MockEmbeddingProvider  : [ | ] MockEmbeddingProvider initialized with 1536 dimensions
2026-07-12 10:27:47.936  INFO 14848 --- [main] c.f.modules.ai.agent.AgentRegistry       : [ | ] AgentRegistry initialized with 5 agents: [PLANNING, DOCUMENTATION, RISK_ANALYSIS, SPRINT_PLANNING, STANDUP]
2026-07-12 10:27:49.310  INFO 14848 --- [main] eAuthenticationProviderManagerConfigurer : [ | ] Global AuthenticationManager configured with AuthenticationProvider bean with name authenticationProvider
2026-07-12 10:27:49.310  WARN 14848 --- [main] r$InitializeUserDetailsManagerConfigurer : [ | ] Global AuthenticationManager configured with an AuthenticationProvider bean. UserDetailsService beans will not be used for username/password login. Consider removing the AuthenticationProvider bean. Alternatively, consider using the UserDetailsService in a manually instantiated DaoAuthenticationProvider.
2026-07-12 10:27:53.606  INFO 14848 --- [main] org.springframework.web.SimpLogging      : [ | ] Starting...
2026-07-12 10:27:53.607  INFO 14848 --- [main] org.springframework.web.SimpLogging      : [ | ] BrokerAvailabilityEvent[available=true, SimpleBrokerMessageHandler [org.springframework.messaging.simp.broker.DefaultSubscriptionRegistry@38421084]]
2026-07-12 10:27:53.610  INFO 14848 --- [main] org.springframework.web.SimpLogging      : [ | ] Started.
2026-07-12 10:27:53.641  INFO 14848 --- [main] c.forgemind.ForgemindApplicationTests    : [ | ] Started ForgemindApplicationTests in 23.185 seconds (process running for 25.771)
2026-07-12 10:27:53.939  INFO 14848 --- [main] c.f.modules.ai.agent.AgentRegistry       : [ | ] AgentRegistry initialized with 1 agents: [STANDUP]
2026-07-12 10:27:53.958  INFO 14848 --- [main] c.f.modules.ai.agent.AgentRegistry       : [ | ] AgentRegistry initialized with 2 agents: [PLANNING, RISK_ANALYSIS]
2026-07-12 10:27:53.963  INFO 14848 --- [main] c.f.modules.ai.agent.AgentRegistry       : [ | ] AgentRegistry initialized with 1 agents: [STANDUP]
2026-07-12 10:27:54.781  INFO 14848 --- [main] c.f.modules.ai.agent.AbstractAgent       : [ | ] Agent[PLANNING] starting execution a92eae4c-c6b9-4c4f-bf22-152ae9e33d4d
2026-07-12 10:27:54.961  INFO 14848 --- [main] c.f.modules.ai.agent.AbstractAgent       : [ | ] Agent[PLANNING] completed execution a92eae4c-c6b9-4c4f-bf22-152ae9e33d4d in 179ms
2026-07-12 10:27:55.003  INFO 14848 --- [main] c.f.modules.ai.agent.AbstractAgent       : [ | ] Agent[PLANNING] starting execution 7723ad4b-2b21-4163-8563-a461c39be199
2026-07-12 10:27:55.006 ERROR 14848 --- [main] c.f.modules.ai.agent.AbstractAgent       : [ | ] Agent[PLANNING] failed execution 7723ad4b-2b21-4163-8563-a461c39be199: PlannerAgent requires a non-blank 'featureDescription' parameter.
2026-07-12 10:27:55.236  INFO 14848 --- [main] c.f.modules.ai.tools.ToolExecutor        : [ | ] ToolExecutor initialized with 4 tools: [activity.recent, task.list, project.fetch, metrics.compute]
2026-07-12 10:27:55.239  INFO 14848 --- [main] c.f.modules.ai.agent.AbstractAgent       : [ | ] Agent[RISK_ANALYSIS] starting execution 7428eb45-81f8-41df-9b98-0a5abcbe29db
2026-07-12 10:27:55.241  WARN 14848 --- [main] c.f.m.a.agent.security.AgentAccessGuard  : [ | ] Agent access denied: user 999 attempted to run an agent on project 269cef71-184b-4ee9-8c0a-9f6ad76e7eb7 owned by 42
2026-07-12 10:27:55.242 ERROR 14848 --- [main] c.f.modules.ai.agent.AbstractAgent       : [ | ] Agent[RISK_ANALYSIS] failed execution 7428eb45-81f8-41df-9b98-0a5abcbe29db: You do not have permission to run AI agents on this project.
2026-07-12 10:27:55.255  INFO 14848 --- [main] c.f.modules.ai.tools.ToolExecutor        : [ | ] ToolExecutor initialized with 4 tools: [activity.recent, task.list, project.fetch, metrics.compute]
2026-07-12 10:27:55.264  INFO 14848 --- [main] c.f.modules.ai.agent.AbstractAgent       : [ | ] Agent[RISK_ANALYSIS] starting execution cdae954b-b2d3-4ac4-a56b-55f99908e400
2026-07-12 10:27:55.266 DEBUG 14848 --- [main] c.f.modules.ai.tools.ToolExecutor        : [ | ] Tool 'task.list' executed in 0ms
2026-07-12 10:27:55.267 DEBUG 14848 --- [main] c.f.modules.ai.tools.ToolExecutor        : [ | ] Tool 'metrics.compute' executed in 0ms
2026-07-12 10:27:55.269 DEBUG 14848 --- [main] c.f.modules.ai.tools.ToolExecutor        : [ | ] Tool 'activity.recent' executed in 2ms
2026-07-12 10:27:55.270 DEBUG 14848 --- [main] c.f.modules.ai.tools.ToolExecutor        : [ | ] Tool 'project.fetch' executed in 1ms
2026-07-12 10:27:55.370  INFO 14848 --- [main] c.f.modules.ai.agent.AbstractAgent       : [ | ] Agent[RISK_ANALYSIS] completed execution cdae954b-b2d3-4ac4-a56b-55f99908e400 in 106ms
2026-07-12 10:27:55.416 ERROR 14848 --- [main] c.f.modules.ai.context.AiContextBuilder  : [ | ] Failed to serialize AI context

com.fasterxml.jackson.databind.exc.InvalidDefinitionException: Java 8 date/time type `java.time.Instant` not supported by default: add Module "com.fasterxml.jackson.datatype:jackson-datatype-jsr310" to enable handling (through reference chain: java.util.ImmutableCollections$MapN["tasks"]->java.util.Collections$UnmodifiableRandomAccessList[0]->com.forgemind.modules.task.dto.response.TaskResponse["createdAt"])
	at com.fasterxml.jackson.databind.exc.InvalidDefinitionException.from(InvalidDefinitionException.java:77)
	at com.fasterxml.jackson.databind.SerializerProvider.reportBadDefinition(SerializerProvider.java:1330)
	at com.fasterxml.jackson.databind.ser.impl.UnsupportedTypeSerializer.serialize(UnsupportedTypeSerializer.java:35)
	at com.fasterxml.jackson.databind.ser.BeanPropertyWriter.serializeAsField(BeanPropertyWriter.java:732)
	at com.fasterxml.jackson.databind.ser.std.BeanSerializerBase.serializeFields(BeanSerializerBase.java:770)
	at com.fasterxml.jackson.databind.ser.BeanSerializer.serialize(BeanSerializer.java:183)
	at com.fasterxml.jackson.databind.ser.impl.IndexedListSerializer.serializeContents(IndexedListSerializer.java:119)
	at com.fasterxml.jackson.databind.ser.impl.IndexedListSerializer.serialize(IndexedListSerializer.java:79)
	at com.fasterxml.jackson.databind.ser.impl.IndexedListSerializer.serialize(IndexedListSerializer.java:18)
	at com.fasterxml.jackson.databind.ser.std.MapSerializer.serializeFields(MapSerializer.java:808)
	at com.fasterxml.jackson.databind.ser.std.MapSerializer.serializeWithoutTypeInfo(MapSerializer.java:764)
	at com.fasterxml.jackson.databind.ser.std.MapSerializer.serialize(MapSerializer.java:720)
	at com.fasterxml.jackson.databind.ser.std.MapSerializer.serialize(MapSerializer.java:35)
	at com.fasterxml.jackson.databind.ser.DefaultSerializerProvider._serialize(DefaultSerializerProvider.java:502)
	at com.fasterxml.jackson.databind.ser.DefaultSerializerProvider.serializeValue(DefaultSerializerProvider.java:341)
	at com.fasterxml.jackson.databind.ObjectWriter$Prefetch.serialize(ObjectWriter.java:1574)
	at com.fasterxml.jackson.databind.ObjectWriter._writeValueAndClose(ObjectWriter.java:1275)
	at com.fasterxml.jackson.databind.ObjectWriter.writeValueAsString(ObjectWriter.java:1140)
	at com.forgemind.modules.ai.context.AiContextBuilder.buildProjectContext(AiContextBuilder.java:44)
	at com.forgemind.modules.ai.context.AiContextBuilderTest.buildProjectContext_ShouldGatherProjectAndTasks(AiContextBuilderTest.java:74)
	at java.base/jdk.internal.reflect.DirectMethodHandleAccessor.invoke(DirectMethodHandleAccessor.java:103)
	at java.base/java.lang.reflect.Method.invoke(Method.java:580)
	at org.junit.platform.commons.util.ReflectionUtils.invokeMethod(ReflectionUtils.java:728)
	at org.junit.jupiter.engine.execution.MethodInvocation.proceed(MethodInvocation.java:60)
	at org.junit.jupiter.engine.execution.InvocationInterceptorChain$ValidatingInvocation.proceed(InvocationInterceptorChain.java:131)
	at org.junit.jupiter.engine.extension.TimeoutExtension.intercept(TimeoutExtension.java:156)
	at org.junit.jupiter.engine.extension.TimeoutExtension.interceptTestableMethod(TimeoutExtension.java:147)
	at org.junit.jupiter.engine.extension.TimeoutExtension.interceptTestMethod(TimeoutExtension.java:86)
	at org.junit.jupiter.engine.execution.InterceptingExecutableInvoker$ReflectiveInterceptorCall.lambda$ofVoidMethod$0(InterceptingExecutableInvoker.java:103)
	at org.junit.jupiter.engine.execution.InterceptingExecutableInvoker.lambda$invoke$0(InterceptingExecutableInvoker.java:93)
	at org.junit.jupiter.engine.execution.InvocationInterceptorChain$InterceptedInvocation.proceed(InvocationInterceptorChain.java:106)
	at org.junit.jupiter.engine.execution.InvocationInterceptorChain.proceed(InvocationInterceptorChain.java:64)
	at org.junit.jupiter.engine.execution.InvocationInterceptorChain.chainAndInvoke(InvocationInterceptorChain.java:45)
	at org.junit.jupiter.engine.execution.InvocationInterceptorChain.invoke(InvocationInterceptorChain.java:37)
	at org.junit.jupiter.engine.execution.InterceptingExecutableInvoker.invoke(InterceptingExecutableInvoker.java:92)
	at org.junit.jupiter.engine.execution.InterceptingExecutableInvoker.invoke(InterceptingExecutableInvoker.java:86)
	at org.junit.jupiter.engine.descriptor.TestMethodTestDescriptor.lambda$invokeTestMethod$7(TestMethodTestDescriptor.java:218)
	at org.junit.platform.engine.support.hierarchical.ThrowableCollector.execute(ThrowableCollector.java:73)
	at org.junit.jupiter.engine.descriptor.TestMethodTestDescriptor.invokeTestMethod(TestMethodTestDescriptor.java:214)
	at org.junit.jupiter.engine.descriptor.TestMethodTestDescriptor.execute(TestMethodTestDescriptor.java:139)
	at org.junit.jupiter.engine.descriptor.TestMethodTestDescriptor.execute(TestMethodTestDescriptor.java:69)
	at org.junit.platform.engine.support.hierarchical.NodeTestTask.lambda$executeRecursively$6(NodeTestTask.java:151)
	at org.junit.platform.engine.support.hierarchical.ThrowableCollector.execute(ThrowableCollector.java:73)
	at org.junit.platform.engine.support.hierarchical.NodeTestTask.lambda$executeRecursively$8(NodeTestTask.java:141)
	at org.junit.platform.engine.support.hierarchical.Node.around(Node.java:137)
	at org.junit.platform.engine.support.hierarchical.NodeTestTask.lambda$executeRecursively$9(NodeTestTask.java:139)
	at org.junit.platform.engine.support.hierarchical.ThrowableCollector.execute(ThrowableCollector.java:73)
	at org.junit.platform.engine.support.hierarchical.NodeTestTask.executeRecursively(NodeTestTask.java:138)
	at org.junit.platform.engine.support.hierarchical.NodeTestTask.execute(NodeTestTask.java:95)
	at java.base/java.util.ArrayList.forEach(ArrayList.java:1596)
	at org.junit.platform.engine.support.hierarchical.SameThreadHierarchicalTestExecutorService.invokeAll(SameThreadHierarchicalTestExecutorService.java:41)
	at org.junit.platform.engine.support.hierarchical.NodeTestTask.lambda$executeRecursively$6(NodeTestTask.java:155)
	at org.junit.platform.engine.support.hierarchical.ThrowableCollector.execute(ThrowableCollector.java:73)
	at org.junit.platform.engine.support.hierarchical.NodeTestTask.lambda$executeRecursively$8(NodeTestTask.java:141)
	at org.junit.platform.engine.support.hierarchical.Node.around(Node.java:137)
	at org.junit.platform.engine.support.hierarchical.NodeTestTask.lambda$executeRecursively$9(NodeTestTask.java:139)
	at org.junit.platform.engine.support.hierarchical.ThrowableCollector.execute(ThrowableCollector.java:73)
	at org.junit.platform.engine.support.hierarchical.NodeTestTask.executeRecursively(NodeTestTask.java:138)
	at org.junit.platform.engine.support.hierarchical.NodeTestTask.execute(NodeTestTask.java:95)
	at java.base/java.util.ArrayList.forEach(ArrayList.java:1596)
	at org.junit.platform.engine.support.hierarchical.SameThreadHierarchicalTestExecutorService.invokeAll(SameThreadHierarchicalTestExecutorService.java:41)
	at org.junit.platform.engine.support.hierarchical.NodeTestTask.lambda$executeRecursively$6(NodeTestTask.java:155)
	at org.junit.platform.engine.support.hierarchical.ThrowableCollector.execute(ThrowableCollector.java:73)
	at org.junit.platform.engine.support.hierarchical.NodeTestTask.lambda$executeRecursively$8(NodeTestTask.java:141)
	at org.junit.platform.engine.support.hierarchical.Node.around(Node.java:137)
	at org.junit.platform.engine.support.hierarchical.NodeTestTask.lambda$executeRecursively$9(NodeTestTask.java:139)
	at org.junit.platform.engine.support.hierarchical.ThrowableCollector.execute(ThrowableCollector.java:73)
	at org.junit.platform.engine.support.hierarchical.NodeTestTask.executeRecursively(NodeTestTask.java:138)
	at org.junit.platform.engine.support.hierarchical.NodeTestTask.execute(NodeTestTask.java:95)
	at org.junit.platform.engine.support.hierarchical.SameThreadHierarchicalTestExecutorService.submit(SameThreadHierarchicalTestExecutorService.java:35)
	at org.junit.platform.engine.support.hierarchical.HierarchicalTestExecutor.execute(HierarchicalTestExecutor.java:57)
	at org.junit.platform.engine.support.hierarchical.HierarchicalTestEngine.execute(HierarchicalTestEngine.java:54)
	at org.junit.platform.launcher.core.EngineExecutionOrchestrator.execute(EngineExecutionOrchestrator.java:198)
	at org.junit.platform.launcher.core.EngineExecutionOrchestrator.execute(EngineExecutionOrchestrator.java:169)
	at org.junit.platform.launcher.core.EngineExecutionOrchestrator.execute(EngineExecutionOrchestrator.java:93)
	at org.junit.platform.launcher.core.EngineExecutionOrchestrator.lambda$execute$0(EngineExecutionOrchestrator.java:58)
	at org.junit.platform.launcher.core.EngineExecutionOrchestrator.withInterceptedStreams(EngineExecutionOrchestrator.java:141)
	at org.junit.platform.launcher.core.EngineExecutionOrchestrator.execute(EngineExecutionOrchestrator.java:57)
	at org.junit.platform.launcher.core.DefaultLauncher.execute(DefaultLauncher.java:103)
	at org.junit.platform.launcher.core.DefaultLauncher.execute(DefaultLauncher.java:85)
	at org.junit.platform.launcher.core.DelegatingLauncher.execute(DelegatingLauncher.java:47)
	at org.apache.maven.surefire.junitplatform.LazyLauncher.execute(LazyLauncher.java:56)
	at org.apache.maven.surefire.junitplatform.JUnitPlatformProvider.execute(JUnitPlatformProvider.java:184)
	at org.apache.maven.surefire.junitplatform.JUnitPlatformProvider.invokeAllTests(JUnitPlatformProvider.java:148)
	at org.apache.maven.surefire.junitplatform.JUnitPlatformProvider.invoke(JUnitPlatformProvider.java:122)
	at org.apache.maven.surefire.booter.ForkedBooter.runSuitesInProcess(ForkedBooter.java:385)
	at org.apache.maven.surefire.booter.ForkedBooter.execute(ForkedBooter.java:162)
	at org.apache.maven.surefire.booter.ForkedBooter.run(ForkedBooter.java:507)
	at org.apache.maven.surefire.booter.ForkedBooter.main(ForkedBooter.java:495)

2026-07-12 10:27:55.470  INFO 14848 --- [main] c.f.m.a.s.AiOrchestratorServiceImpl      : [ | ] Generating tasks for project 48b07d9a-6bf6-4f91-8e46-c94790fe9a85 with feature: Build login feature
2026-07-12 10:27:55.506  INFO 14848 --- [main] c.f.modules.ai.tools.ToolExecutor        : [ | ] ToolExecutor initialized with 1 tools: [echo]
2026-07-12 10:27:55.507 DEBUG 14848 --- [main] c.f.modules.ai.tools.ToolExecutor        : [ | ] Tool 'echo' executed in 1ms
2026-07-12 10:27:55.510  INFO 14848 --- [main] c.f.modules.ai.tools.ToolExecutor        : [ | ] ToolExecutor initialized with 1 tools: [echo]
2026-07-12 10:27:55.517  INFO 14848 --- [main] c.f.modules.ai.tools.ToolExecutor        : [ | ] ToolExecutor initialized with 1 tools: [boom]
2026-07-12 10:27:55.520 ERROR 14848 --- [main] c.f.modules.ai.tools.ToolExecutor        : [ | ] Tool 'boom' failed after 0ms

java.lang.IllegalStateException: kaboom
	at com.forgemind.modules.ai.tools.ToolExecutorTest$BoomTool.execute(ToolExecutorTest.java:51)
	at com.forgemind.modules.ai.tools.ToolExecutorTest$BoomTool.execute(ToolExecutorTest.java:1)
	at com.forgemind.modules.ai.tools.ToolExecutor.execute(ToolExecutor.java:73)
	at com.forgemind.modules.ai.tools.ToolExecutorTest.lambda$1(ToolExecutorTest.java:83)
	at org.junit.jupiter.api.AssertThrows.assertThrows(AssertThrows.java:53)
	at org.junit.jupiter.api.AssertThrows.assertThrows(AssertThrows.java:35)
	at org.junit.jupiter.api.Assertions.assertThrows(Assertions.java:3115)
	at com.forgemind.modules.ai.tools.ToolExecutorTest.execute_ShouldWrapToolFailures(ToolExecutorTest.java:83)
	at java.base/jdk.internal.reflect.DirectMethodHandleAccessor.invoke(DirectMethodHandleAccessor.java:103)
	at java.base/java.lang.reflect.Method.invoke(Method.java:580)
	at org.junit.platform.commons.util.ReflectionUtils.invokeMethod(ReflectionUtils.java:728)
	at org.junit.jupiter.engine.execution.MethodInvocation.proceed(MethodInvocation.java:60)
	at org.junit.jupiter.engine.execution.InvocationInterceptorChain$ValidatingInvocation.proceed(InvocationInterceptorChain.java:131)
	at org.junit.jupiter.engine.extension.TimeoutExtension.intercept(TimeoutExtension.java:156)
	at org.junit.jupiter.engine.extension.TimeoutExtension.interceptTestableMethod(TimeoutExtension.java:147)
	at org.junit.jupiter.engine.extension.TimeoutExtension.interceptTestMethod(TimeoutExtension.java:86)
	at org.junit.jupiter.engine.execution.InterceptingExecutableInvoker$ReflectiveInterceptorCall.lambda$ofVoidMethod$0(InterceptingExecutableInvoker.java:103)
	at org.junit.jupiter.engine.execution.InterceptingExecutableInvoker.lambda$invoke$0(InterceptingExecutableInvoker.java:93)
	at org.junit.jupiter.engine.execution.InvocationInterceptorChain$InterceptedInvocation.proceed(InvocationInterceptorChain.java:106)
	at org.junit.jupiter.engine.execution.InvocationInterceptorChain.proceed(InvocationInterceptorChain.java:64)
	at org.junit.jupiter.engine.execution.InvocationInterceptorChain.chainAndInvoke(InvocationInterceptorChain.java:45)
	at org.junit.jupiter.engine.execution.InvocationInterceptorChain.invoke(InvocationInterceptorChain.java:37)
	at org.junit.jupiter.engine.execution.InterceptingExecutableInvoker.invoke(InterceptingExecutableInvoker.java:92)
	at org.junit.jupiter.engine.execution.InterceptingExecutableInvoker.invoke(InterceptingExecutableInvoker.java:86)
	at org.junit.jupiter.engine.descriptor.TestMethodTestDescriptor.lambda$invokeTestMethod$7(TestMethodTestDescriptor.java:218)
	at org.junit.platform.engine.support.hierarchical.ThrowableCollector.execute(ThrowableCollector.java:73)
	at org.junit.jupiter.engine.descriptor.TestMethodTestDescriptor.invokeTestMethod(TestMethodTestDescriptor.java:214)
	at org.junit.jupiter.engine.descriptor.TestMethodTestDescriptor.execute(TestMethodTestDescriptor.java:139)
	at org.junit.jupiter.engine.descriptor.TestMethodTestDescriptor.execute(TestMethodTestDescriptor.java:69)
	at org.junit.platform.engine.support.hierarchical.NodeTestTask.lambda$executeRecursively$6(NodeTestTask.java:151)
	at org.junit.platform.engine.support.hierarchical.ThrowableCollector.execute(ThrowableCollector.java:73)
	at org.junit.platform.engine.support.hierarchical.NodeTestTask.lambda$executeRecursively$8(NodeTestTask.java:141)
	at org.junit.platform.engine.support.hierarchical.Node.around(Node.java:137)
	at org.junit.platform.engine.support.hierarchical.NodeTestTask.lambda$executeRecursively$9(NodeTestTask.java:139)
	at org.junit.platform.engine.support.hierarchical.ThrowableCollector.execute(ThrowableCollector.java:73)
	at org.junit.platform.engine.support.hierarchical.NodeTestTask.executeRecursively(NodeTestTask.java:138)
	at org.junit.platform.engine.support.hierarchical.NodeTestTask.execute(NodeTestTask.java:95)
	at java.base/java.util.ArrayList.forEach(ArrayList.java:1596)
	at org.junit.platform.engine.support.hierarchical.SameThreadHierarchicalTestExecutorService.invokeAll(SameThreadHierarchicalTestExecutorService.java:41)
	at org.junit.platform.engine.support.hierarchical.NodeTestTask.lambda$executeRecursively$6(NodeTestTask.java:155)
	at org.junit.platform.engine.support.hierarchical.ThrowableCollector.execute(ThrowableCollector.java:73)
	at org.junit.platform.engine.support.hierarchical.NodeTestTask.lambda$executeRecursively$8(NodeTestTask.java:141)
	at org.junit.platform.engine.support.hierarchical.Node.around(Node.java:137)
	at org.junit.platform.engine.support.hierarchical.NodeTestTask.lambda$executeRecursively$9(NodeTestTask.java:139)
	at org.junit.platform.engine.support.hierarchical.ThrowableCollector.execute(ThrowableCollector.java:73)
	at org.junit.platform.engine.support.hierarchical.NodeTestTask.executeRecursively(NodeTestTask.java:138)
	at org.junit.platform.engine.support.hierarchical.NodeTestTask.execute(NodeTestTask.java:95)
	at java.base/java.util.ArrayList.forEach(ArrayList.java:1596)
	at org.junit.platform.engine.support.hierarchical.SameThreadHierarchicalTestExecutorService.invokeAll(SameThreadHierarchicalTestExecutorService.java:41)
	at org.junit.platform.engine.support.hierarchical.NodeTestTask.lambda$executeRecursively$6(NodeTestTask.java:155)
	at org.junit.platform.engine.support.hierarchical.ThrowableCollector.execute(ThrowableCollector.java:73)
	at org.junit.platform.engine.support.hierarchical.NodeTestTask.lambda$executeRecursively$8(NodeTestTask.java:141)
	at org.junit.platform.engine.support.hierarchical.Node.around(Node.java:137)
	at org.junit.platform.engine.support.hierarchical.NodeTestTask.lambda$executeRecursively$9(NodeTestTask.java:139)
	at org.junit.platform.engine.support.hierarchical.ThrowableCollector.execute(ThrowableCollector.java:73)
	at org.junit.platform.engine.support.hierarchical.NodeTestTask.executeRecursively(NodeTestTask.java:138)
	at org.junit.platform.engine.support.hierarchical.NodeTestTask.execute(NodeTestTask.java:95)
	at org.junit.platform.engine.support.hierarchical.SameThreadHierarchicalTestExecutorService.submit(SameThreadHierarchicalTestExecutorService.java:35)
	at org.junit.platform.engine.support.hierarchical.HierarchicalTestExecutor.execute(HierarchicalTestExecutor.java:57)
	at org.junit.platform.engine.support.hierarchical.HierarchicalTestEngine.execute(HierarchicalTestEngine.java:54)
	at org.junit.platform.launcher.core.EngineExecutionOrchestrator.execute(EngineExecutionOrchestrator.java:198)
	at org.junit.platform.launcher.core.EngineExecutionOrchestrator.execute(EngineExecutionOrchestrator.java:169)
	at org.junit.platform.launcher.core.EngineExecutionOrchestrator.execute(EngineExecutionOrchestrator.java:93)
	at org.junit.platform.launcher.core.EngineExecutionOrchestrator.lambda$execute$0(EngineExecutionOrchestrator.java:58)
	at org.junit.platform.launcher.core.EngineExecutionOrchestrator.withInterceptedStreams(EngineExecutionOrchestrator.java:141)
	at org.junit.platform.launcher.core.EngineExecutionOrchestrator.execute(EngineExecutionOrchestrator.java:57)
	at org.junit.platform.launcher.core.DefaultLauncher.execute(DefaultLauncher.java:103)
	at org.junit.platform.launcher.core.DefaultLauncher.execute(DefaultLauncher.java:85)
	at org.junit.platform.launcher.core.DelegatingLauncher.execute(DelegatingLauncher.java:47)
	at org.apache.maven.surefire.junitplatform.LazyLauncher.execute(LazyLauncher.java:56)
	at org.apache.maven.surefire.junitplatform.JUnitPlatformProvider.execute(JUnitPlatformProvider.java:184)
	at org.apache.maven.surefire.junitplatform.JUnitPlatformProvider.invokeAllTests(JUnitPlatformProvider.java:148)
	at org.apache.maven.surefire.junitplatform.JUnitPlatformProvider.invoke(JUnitPlatformProvider.java:122)
	at org.apache.maven.surefire.booter.ForkedBooter.runSuitesInProcess(ForkedBooter.java:385)
	at org.apache.maven.surefire.booter.ForkedBooter.execute(ForkedBooter.java:162)
	at org.apache.maven.surefire.booter.ForkedBooter.run(ForkedBooter.java:507)
	at org.apache.maven.surefire.booter.ForkedBooter.main(ForkedBooter.java:495)

2026-07-12 10:27:55.529  INFO 14848 --- [main] c.f.modules.ai.agent.AgentRegistry       : [ | ] AgentRegistry initialized with 2 agents: [PLANNING, DOCUMENTATION]
2026-07-12 10:27:55.533  INFO 14848 --- [main] c.f.modules.ai.workflow.WorkflowEngine   : [ | ] Workflow[chained] starting with 2 step(s)
2026-07-12 10:27:55.533  INFO 14848 --- [main] c.f.modules.ai.workflow.WorkflowEngine   : [ | ] Workflow[chained] → step 'plan' (PLANNING)
2026-07-12 10:27:55.536  INFO 14848 --- [main] c.f.modules.ai.workflow.WorkflowEngine   : [ | ] Workflow[chained] → step 'document' (DOCUMENTATION)
2026-07-12 10:27:55.537  INFO 14848 --- [main] c.f.modules.ai.workflow.WorkflowEngine   : [ | ] Workflow[chained] completed 2 step(s) in 4ms
2026-07-12 10:27:55.541  INFO 14848 --- [main] c.f.modules.ai.agent.AgentRegistry       : [ | ] AgentRegistry initialized with 2 agents: [PLANNING, DOCUMENTATION]
2026-07-12 10:27:55.541  INFO 14848 --- [main] c.f.modules.ai.workflow.WorkflowEngine   : [ | ] Workflow[plan-then-doc] starting with 2 step(s)
2026-07-12 10:27:55.541  INFO 14848 --- [main] c.f.modules.ai.workflow.WorkflowEngine   : [ | ] Workflow[plan-then-doc] → step 'plan' (PLANNING)
2026-07-12 10:27:55.542  INFO 14848 --- [main] c.f.modules.ai.workflow.WorkflowEngine   : [ | ] Workflow[plan-then-doc] → step 'document' (DOCUMENTATION)
2026-07-12 10:27:55.543  INFO 14848 --- [main] c.f.modules.ai.workflow.WorkflowEngine   : [ | ] Workflow[plan-then-doc] completed 2 step(s) in 1ms
2026-07-12 10:27:55.848  INFO 14848 --- [main] c.f.m.a.c.AuthControllerIntegrationTest  : [ | ] Starting AuthControllerIntegrationTest using Java 21.0.11 with PID 14848 (started by varun in C:\Users\varun\OneDrive\Documents\flutter1\Forgemind\ForgeMind\backend)
2026-07-12 10:27:55.849 DEBUG 14848 --- [main] c.f.m.a.c.AuthControllerIntegrationTest  : [ | ] Running with Spring Boot v3.3.1, Spring v6.1.10
2026-07-12 10:27:55.849  INFO 14848 --- [main] c.f.m.a.c.AuthControllerIntegrationTest  : [ | ] The following 1 profile is active: "test"
2026-07-12 10:27:59.068 DEBUG 14848 --- [main] org.hibernate.SQL                        : [ | ] 
    drop table if exists public.activities cascade 
2026-07-12 10:27:59.074 DEBUG 14848 --- [main] org.hibernate.SQL                        : [ | ] 
    drop table if exists public.knowledge_chunks cascade 
2026-07-12 10:27:59.076 DEBUG 14848 --- [main] org.hibernate.SQL                        : [ | ] 
    drop table if exists public.knowledge_documents cascade 
2026-07-12 10:27:59.077 DEBUG 14848 --- [main] org.hibernate.SQL                        : [ | ] 
    drop table if exists public.projects cascade 
2026-07-12 10:27:59.080 DEBUG 14848 --- [main] org.hibernate.SQL                        : [ | ] 
    drop table if exists public.refresh_tokens cascade 
2026-07-12 10:27:59.084 DEBUG 14848 --- [main] org.hibernate.SQL                        : [ | ] 
    drop table if exists public.roles cascade 
2026-07-12 10:27:59.088 DEBUG 14848 --- [main] org.hibernate.SQL                        : [ | ] 
    drop table if exists public.tasks cascade 
2026-07-12 10:27:59.090 DEBUG 14848 --- [main] org.hibernate.SQL                        : [ | ] 
    drop table if exists public.team_members cascade 
2026-07-12 10:27:59.091 DEBUG 14848 --- [main] org.hibernate.SQL                        : [ | ] 
    drop table if exists public.teams cascade 
2026-07-12 10:27:59.094 DEBUG 14848 --- [main] org.hibernate.SQL                        : [ | ] 
    drop table if exists public.user_roles cascade 
2026-07-12 10:27:59.095 DEBUG 14848 --- [main] org.hibernate.SQL                        : [ | ] 
    drop table if exists public.users cascade 
2026-07-12 10:27:59.099 DEBUG 14848 --- [main] org.hibernate.SQL                        : [ | ] 
    create table public.activities (
        actor_id bigint not null,
        created_at timestamp(6) with time zone not null,
        id uuid not null,
        project_id uuid,
        task_id uuid,
        team_id uuid,
        message TEXT not null,
        metadata TEXT,
        activity_type enum ('PROJECT_CREATED','PROJECT_DELETED','PROJECT_UPDATED','TASK_ASSIGNED','TASK_COMPLETED','TASK_CREATED','TASK_DELETED','TASK_STATUS_CHANGED','TASK_UPDATED','TEAM_CREATED','TEAM_MEMBER_ADDED','TEAM_MEMBER_REMOVED','USER_UPDATED') not null,
        primary key (id)
    )
2026-07-12 10:27:59.102 DEBUG 14848 --- [main] org.hibernate.SQL                        : [ | ] 
    create table public.knowledge_chunks (
        chunk_index integer not null,
        created_at timestamp(6) with time zone not null,
        document_id uuid not null,
        id uuid not null,
        project_id uuid not null,
        chunk_text TEXT not null,
        metadata JSONB,
        source_id varchar(255) not null,
        source_type enum ('ACTIVITY','DOCUMENTATION','PROJECT','TASK','TEAM') not null,
        primary key (id)
    )
2026-07-12 10:27:59.105 DEBUG 14848 --- [main] org.hibernate.SQL                        : [ | ] 
    create table public.knowledge_documents (
        chunk_count integer not null,
        created_at timestamp(6) with time zone not null,
        indexed_at timestamp(6) with time zone not null,
        updated_at timestamp(6) with time zone not null,
        id uuid not null,
        project_id uuid not null,
        checksum varchar(64),
        title varchar(500),
        source_id varchar(255) not null,
        source_type enum ('ACTIVITY','DOCUMENTATION','PROJECT','TASK','TEAM') not null,
        primary key (id)
    )
2026-07-12 10:27:59.108 DEBUG 14848 --- [main] org.hibernate.SQL                        : [ | ] 
    create table public.projects (
        created_at timestamp(6) with time zone not null,
        owner_id bigint not null,
        updated_at timestamp(6) with time zone not null,
        id uuid not null,
        name varchar(100) not null,
        description TEXT,
        status enum ('ACTIVE','ARCHIVED','COMPLETED') not null,
        primary key (id)
    )
2026-07-12 10:27:59.110 DEBUG 14848 --- [main] org.hibernate.SQL                        : [ | ] 
    create table public.refresh_tokens (
        revoked boolean not null,
        created_at timestamp(6) with time zone not null,
        expires_at timestamp(6) with time zone not null,
        id bigint generated by default as identity,
        user_id bigint not null,
        token_hash varchar(255) not null unique,
        primary key (id)
    )
2026-07-12 10:27:59.114 DEBUG 14848 --- [main] org.hibernate.SQL                        : [ | ] 
    create table public.roles (
        created_at timestamp(6) with time zone not null,
        id bigint generated by default as identity,
        name varchar(50) not null unique,
        description varchar(255),
        primary key (id)
    )
2026-07-12 10:27:59.116 DEBUG 14848 --- [main] org.hibernate.SQL                        : [ | ] 
    create table public.tasks (
        assignee_id bigint,
        created_at timestamp(6) with time zone not null,
        created_by bigint not null,
        due_date timestamp(6) with time zone,
        updated_at timestamp(6) with time zone not null,
        id uuid not null,
        project_id uuid not null,
        description TEXT,
        title varchar(255) not null,
        priority enum ('CRITICAL','HIGH','LOW','MEDIUM') not null,
        status enum ('BLOCKED','DONE','IN_PROGRESS','IN_REVIEW','TODO') not null,
        primary key (id)
    )
2026-07-12 10:27:59.119 DEBUG 14848 --- [main] org.hibernate.SQL                        : [ | ] 
    create table public.team_members (
        joined_at timestamp(6) with time zone not null,
        user_id bigint not null,
        id uuid not null,
        team_id uuid not null,
        role enum ('ADMIN','MEMBER','OWNER') not null,
        primary key (id),
        unique (team_id, user_id)
    )
2026-07-12 10:27:59.122 DEBUG 14848 --- [main] org.hibernate.SQL                        : [ | ] 
    create table public.teams (
        created_at timestamp(6) with time zone not null,
        updated_at timestamp(6) with time zone not null,
        id uuid not null,
        description TEXT,
        name varchar(255) not null,
        primary key (id)
    )
2026-07-12 10:27:59.124 DEBUG 14848 --- [main] org.hibernate.SQL                        : [ | ] 
    create table public.user_roles (
        role_id bigint not null,
        user_id bigint not null,
        primary key (role_id, user_id)
    )
2026-07-12 10:27:59.126 DEBUG 14848 --- [main] org.hibernate.SQL                        : [ | ] 
    create table public.users (
        enabled boolean not null,
        created_at timestamp(6) with time zone not null,
        id bigint generated by default as identity,
        updated_at timestamp(6) with time zone not null,
        username varchar(50) not null unique,
        first_name varchar(100) not null,
        last_name varchar(100) not null,
        email varchar(255) not null unique,
        password_hash varchar(255) not null,
        primary key (id)
    )
2026-07-12 10:27:59.129 DEBUG 14848 --- [main] org.hibernate.SQL                        : [ | ] 
    alter table if exists public.activities 
       add constraint FKmfjrc8jdvy0yrr7x67qmrxkue 
       foreign key (actor_id) 
       references public.users
2026-07-12 10:27:59.132 DEBUG 14848 --- [main] org.hibernate.SQL                        : [ | ] 
    alter table if exists public.projects 
       add constraint FKmueqy6cpcwpfl8gnnag4idjt9 
       foreign key (owner_id) 
       references public.users
2026-07-12 10:27:59.135 DEBUG 14848 --- [main] org.hibernate.SQL                        : [ | ] 
    alter table if exists public.refresh_tokens 
       add constraint FK1lih5y2npsf8u5o3vhdb9y0os 
       foreign key (user_id) 
       references public.users
2026-07-12 10:27:59.138 DEBUG 14848 --- [main] org.hibernate.SQL                        : [ | ] 
    alter table if exists public.tasks 
       add constraint FKekr1dgiqktpyoip3qmp6lxsit 
       foreign key (assignee_id) 
       references public.users
2026-07-12 10:27:59.140 DEBUG 14848 --- [main] org.hibernate.SQL                        : [ | ] 
    alter table if exists public.tasks 
       add constraint FK9dgm9t7wn4w3gh57h63g712lo 
       foreign key (created_by) 
       references public.users
2026-07-12 10:27:59.143 DEBUG 14848 --- [main] org.hibernate.SQL                        : [ | ] 
    alter table if exists public.tasks 
       add constraint FKsfhn82y57i3k9uxww1s007acc 
       foreign key (project_id) 
       references public.projects
2026-07-12 10:27:59.146 DEBUG 14848 --- [main] org.hibernate.SQL                        : [ | ] 
    alter table if exists public.team_members 
       add constraint FKtgca08el3ofisywcf11f0f76t 
       foreign key (team_id) 
       references public.teams
2026-07-12 10:27:59.149 DEBUG 14848 --- [main] org.hibernate.SQL                        : [ | ] 
    alter table if exists public.team_members 
       add constraint FKee8x7x5026imwmma9kndkxs36 
       foreign key (user_id) 
       references public.users
2026-07-12 10:27:59.153 DEBUG 14848 --- [main] org.hibernate.SQL                        : [ | ] 
    alter table if exists public.user_roles 
       add constraint FKh8ciramu9cc9q3qcqiv4ue8a6 
       foreign key (role_id) 
       references public.roles
2026-07-12 10:27:59.156 DEBUG 14848 --- [main] org.hibernate.SQL                        : [ | ] 
    alter table if exists public.user_roles 
       add constraint FKhfh9dx7w3ubf1co1vdev94g3f 
       foreign key (user_id) 
       references public.users
2026-07-12 10:28:00.176  INFO 14848 --- [main] c.forgemind.modules.ai.config.AiConfig   : [ | ] Initializing AI Provider: MOCK
2026-07-12 10:28:00.325  INFO 14848 --- [main] c.f.modules.ai.tools.ToolExecutor        : [ | ] ToolExecutor initialized with 5 tools: [project.fetch, metrics.compute, task.list, team.fetch, activity.recent]
2026-07-12 10:28:00.344  INFO 14848 --- [main] c.f.m.a.embedding.MockEmbeddingProvider  : [ | ] MockEmbeddingProvider initialized with 1536 dimensions
2026-07-12 10:28:00.421  INFO 14848 --- [main] c.f.modules.ai.agent.AgentRegistry       : [ | ] AgentRegistry initialized with 5 agents: [PLANNING, DOCUMENTATION, RISK_ANALYSIS, SPRINT_PLANNING, STANDUP]
2026-07-12 10:28:00.718  INFO 14848 --- [main] eAuthenticationProviderManagerConfigurer : [ | ] Global AuthenticationManager configured with AuthenticationProvider bean with name authenticationProvider
2026-07-12 10:28:00.718  WARN 14848 --- [main] r$InitializeUserDetailsManagerConfigurer : [ | ] Global AuthenticationManager configured with an AuthenticationProvider bean. UserDetailsService beans will not be used for username/password login. Consider removing the AuthenticationProvider bean. Alternatively, consider using the UserDetailsService in a manually instantiated DaoAuthenticationProvider.
2026-07-12 10:28:02.639 DEBUG 14848 --- [main] c.f.config.filter.MdcLoggingFilter       : [ | ] Filter 'mdcLoggingFilter' configured for use
2026-07-12 10:28:02.639 DEBUG 14848 --- [main] c.f.m.a.s.JwtAuthenticationFilter        : [ | ] Filter 'jwtAuthenticationFilter' configured for use
2026-07-12 10:28:02.696  INFO 14848 --- [main] org.springframework.web.SimpLogging      : [ | ] Starting...
2026-07-12 10:28:02.697  INFO 14848 --- [main] org.springframework.web.SimpLogging      : [ | ] BrokerAvailabilityEvent[available=true, SimpleBrokerMessageHandler [org.springframework.messaging.simp.broker.DefaultSubscriptionRegistry@2c297832]]
2026-07-12 10:28:02.698  INFO 14848 --- [main] org.springframework.web.SimpLogging      : [ | ] Started.
2026-07-12 10:28:02.761  INFO 14848 --- [main] c.f.m.a.c.AuthControllerIntegrationTest  : [ | ] Started AuthControllerIntegrationTest in 7.028 seconds (process running for 34.892)
2026-07-12 10:28:03.064 DEBUG 14848 --- [main] org.hibernate.SQL                        : [ | ] 
    select
        u1_0.id,
        u1_0.created_at,
        u1_0.email,
        u1_0.enabled,
        u1_0.first_name,
        u1_0.last_name,
        u1_0.password_hash,
        u1_0.updated_at,
        u1_0.username 
    from
        public.users u1_0
2026-07-12 10:28:03.126 DEBUG 14848 --- [main] org.hibernate.SQL                        : [ | ] 
    select
        r1_0.id,
        r1_0.created_at,
        r1_0.description,
        r1_0.name 
    from
        public.roles r1_0
2026-07-12 10:28:03.194 DEBUG 14848 --- [main] org.hibernate.SQL                        : [ | ] 
    insert 
    into
        public.roles
        (created_at, description, name, id) 
    values
        (?, ?, ?, default)
2026-07-12 10:28:03.560  WARN 14848 --- [main] c.f.c.exception.GlobalExceptionHandler   : [d24cf464-cb8d-40bb-bff7-da9a6723e7a3 | ] Validation failure on /api/v1/auth/register: {password=Password must be at least 8 characters long}
2026-07-12 10:28:03.745 DEBUG 14848 --- [main] org.hibernate.SQL                        : [ | ] 
    select
        u1_0.id,
        u1_0.created_at,
        u1_0.email,
        u1_0.enabled,
        u1_0.first_name,
        u1_0.last_name,
        u1_0.password_hash,
        u1_0.updated_at,
        u1_0.username 
    from
        public.users u1_0
2026-07-12 10:28:03.749 DEBUG 14848 --- [main] org.hibernate.SQL                        : [ | ] 
    select
        r1_0.id,
        r1_0.created_at,
        r1_0.description,
        r1_0.name 
    from
        public.roles r1_0
2026-07-12 10:28:03.752 DEBUG 14848 --- [main] org.hibernate.SQL                        : [ | ] 
    insert 
    into
        public.roles
        (created_at, description, name, id) 
    values
        (?, ?, ?, default)
2026-07-12 10:28:03.763  WARN 14848 --- [main] c.f.c.exception.GlobalExceptionHandler   : [ae6247b6-ef7a-41bc-a39b-0d7a9fe6f289 | ] Validation failure on /api/v1/auth/register: {username=Username is required}
2026-07-12 10:28:03.790 DEBUG 14848 --- [main] org.hibernate.SQL                        : [ | ] 
    select
        u1_0.id,
        u1_0.created_at,
        u1_0.email,
        u1_0.enabled,
        u1_0.first_name,
        u1_0.last_name,
        u1_0.password_hash,
        u1_0.updated_at,
        u1_0.username 
    from
        public.users u1_0
2026-07-12 10:28:03.793 DEBUG 14848 --- [main] org.hibernate.SQL                        : [ | ] 
    select
        r1_0.id,
        r1_0.created_at,
        r1_0.description,
        r1_0.name 
    from
        public.roles r1_0
2026-07-12 10:28:03.796 DEBUG 14848 --- [main] org.hibernate.SQL                        : [ | ] 
    insert 
    into
        public.roles
        (created_at, description, name, id) 
    values
        (?, ?, ?, default)
2026-07-12 10:28:03.807 DEBUG 14848 --- [main] c.f.modules.auth.service.AuthService     : [6cee467f-d2d1-4805-9624-56d41d9eb2b5 | ] Attempting to register new user: alicesmith
2026-07-12 10:28:03.874 DEBUG 14848 --- [main] org.hibernate.SQL                        : [6cee467f-d2d1-4805-9624-56d41d9eb2b5 | ] 
    select
        u1_0.id 
    from
        public.users u1_0 
    where
        u1_0.username=? 
    fetch
        first ? rows only
2026-07-12 10:28:03.883 DEBUG 14848 --- [main] org.hibernate.SQL                        : [6cee467f-d2d1-4805-9624-56d41d9eb2b5 | ] 
    select
        u1_0.id 
    from
        public.users u1_0 
    where
        u1_0.email=? 
    fetch
        first ? rows only
2026-07-12 10:28:03.890 DEBUG 14848 --- [main] org.hibernate.SQL                        : [6cee467f-d2d1-4805-9624-56d41d9eb2b5 | ] 
    select
        r1_0.id,
        r1_0.created_at,
        r1_0.description,
        r1_0.name 
    from
        public.roles r1_0 
    where
        r1_0.name=?
2026-07-12 10:28:04.711 DEBUG 14848 --- [main] org.hibernate.SQL                        : [6cee467f-d2d1-4805-9624-56d41d9eb2b5 | ] 
    insert 
    into
        public.users
        (created_at, email, enabled, first_name, last_name, password_hash, updated_at, username, id) 
    values
        (?, ?, ?, ?, ?, ?, ?, ?, default)
2026-07-12 10:28:04.716  INFO 14848 --- [main] c.f.modules.auth.service.AuthService     : [6cee467f-d2d1-4805-9624-56d41d9eb2b5 | ] Successfully registered user: alicesmith with ID: 1
2026-07-12 10:28:04.765 DEBUG 14848 --- [main] org.hibernate.SQL                        : [ | ] 
    select
        u1_0.id,
        u1_0.created_at,
        u1_0.email,
        u1_0.enabled,
        u1_0.first_name,
        u1_0.last_name,
        u1_0.password_hash,
        u1_0.updated_at,
        u1_0.username 
    from
        public.users u1_0
2026-07-12 10:28:04.767 DEBUG 14848 --- [main] org.hibernate.SQL                        : [ | ] 
    select
        r1_0.id,
        r1_0.created_at,
        r1_0.description,
        r1_0.name 
    from
        public.roles r1_0
2026-07-12 10:28:04.771 DEBUG 14848 --- [main] org.hibernate.SQL                        : [ | ] 
    insert 
    into
        public.roles
        (created_at, description, name, id) 
    values
        (?, ?, ?, default)
2026-07-12 10:28:04.779 DEBUG 14848 --- [main] c.f.modules.auth.service.AuthService     : [e01d807a-fdf6-456a-a59e-ed528c1aff8e | ] Attempting to register new user: bobjones
2026-07-12 10:28:04.783 DEBUG 14848 --- [main] org.hibernate.SQL                        : [e01d807a-fdf6-456a-a59e-ed528c1aff8e | ] 
    select
        u1_0.id 
    from
        public.users u1_0 
    where
        u1_0.username=? 
    fetch
        first ? rows only
2026-07-12 10:28:04.787 DEBUG 14848 --- [main] org.hibernate.SQL                        : [e01d807a-fdf6-456a-a59e-ed528c1aff8e | ] 
    select
        u1_0.id 
    from
        public.users u1_0 
    where
        u1_0.email=? 
    fetch
        first ? rows only
2026-07-12 10:28:04.790 DEBUG 14848 --- [main] org.hibernate.SQL                        : [e01d807a-fdf6-456a-a59e-ed528c1aff8e | ] 
    select
        r1_0.id,
        r1_0.created_at,
        r1_0.description,
        r1_0.name 
    from
        public.roles r1_0 
    where
        r1_0.name=?
2026-07-12 10:28:05.467 DEBUG 14848 --- [main] org.hibernate.SQL                        : [e01d807a-fdf6-456a-a59e-ed528c1aff8e | ] 
    insert 
    into
        public.users
        (created_at, email, enabled, first_name, last_name, password_hash, updated_at, username, id) 
    values
        (?, ?, ?, ?, ?, ?, ?, ?, default)
2026-07-12 10:28:05.469  INFO 14848 --- [main] c.f.modules.auth.service.AuthService     : [e01d807a-fdf6-456a-a59e-ed528c1aff8e | ] Successfully registered user: bobjones with ID: 2
2026-07-12 10:28:05.490 DEBUG 14848 --- [main] org.hibernate.SQL                        : [ | ] 
    select
        u1_0.id,
        u1_0.created_at,
        u1_0.email,
        u1_0.enabled,
        u1_0.first_name,
        u1_0.last_name,
        u1_0.password_hash,
        u1_0.updated_at,
        u1_0.username 
    from
        public.users u1_0
2026-07-12 10:28:05.492 DEBUG 14848 --- [main] org.hibernate.SQL                        : [ | ] 
    select
        r1_0.id,
        r1_0.created_at,
        r1_0.description,
        r1_0.name 
    from
        public.roles r1_0
2026-07-12 10:28:05.495 DEBUG 14848 --- [main] org.hibernate.SQL                        : [ | ] 
    insert 
    into
        public.roles
        (created_at, description, name, id) 
    values
        (?, ?, ?, default)
2026-07-12 10:28:05.503 DEBUG 14848 --- [main] c.f.modules.auth.service.AuthService     : [0fdba3b9-31c4-4dea-8aac-933a394f5f94 | ] Attempting to register new user: davegreen
2026-07-12 10:28:05.504 DEBUG 14848 --- [main] org.hibernate.SQL                        : [0fdba3b9-31c4-4dea-8aac-933a394f5f94 | ] 
    select
        u1_0.id 
    from
        public.users u1_0 
    where
        u1_0.username=? 
    fetch
        first ? rows only
2026-07-12 10:28:05.508 DEBUG 14848 --- [main] org.hibernate.SQL                        : [0fdba3b9-31c4-4dea-8aac-933a394f5f94 | ] 
    select
        u1_0.id 
    from
        public.users u1_0 
    where
        u1_0.email=? 
    fetch
        first ? rows only
2026-07-12 10:28:05.510 DEBUG 14848 --- [main] org.hibernate.SQL                        : [0fdba3b9-31c4-4dea-8aac-933a394f5f94 | ] 
    select
        r1_0.id,
        r1_0.created_at,
        r1_0.description,
        r1_0.name 
    from
        public.roles r1_0 
    where
        r1_0.name=?
2026-07-12 10:28:06.071 DEBUG 14848 --- [main] org.hibernate.SQL                        : [0fdba3b9-31c4-4dea-8aac-933a394f5f94 | ] 
    insert 
    into
        public.users
        (created_at, email, enabled, first_name, last_name, password_hash, updated_at, username, id) 
    values
        (?, ?, ?, ?, ?, ?, ?, ?, default)
2026-07-12 10:28:06.073  INFO 14848 --- [main] c.f.modules.auth.service.AuthService     : [0fdba3b9-31c4-4dea-8aac-933a394f5f94 | ] Successfully registered user: davegreen with ID: 3
2026-07-12 10:28:06.081 DEBUG 14848 --- [main] c.f.modules.auth.service.AuthService     : [611fadbd-94c0-4b05-9679-e686cda0acf2 | ] Attempting to register new user: davegreen2
2026-07-12 10:28:06.099 DEBUG 14848 --- [main] org.hibernate.SQL                        : [611fadbd-94c0-4b05-9679-e686cda0acf2 | ] 
    select
        u1_0.id 
    from
        public.users u1_0 
    where
        u1_0.username=? 
    fetch
        first ? rows only
2026-07-12 10:28:06.103 DEBUG 14848 --- [main] org.hibernate.SQL                        : [611fadbd-94c0-4b05-9679-e686cda0acf2 | ] 
    select
        u1_0.id 
    from
        public.users u1_0 
    where
        u1_0.email=? 
    fetch
        first ? rows only
2026-07-12 10:28:06.105  WARN 14848 --- [main] c.f.c.exception.GlobalExceptionHandler   : [611fadbd-94c0-4b05-9679-e686cda0acf2 | ] Domain exception on /api/v1/auth/register: EMAIL_EXISTS - Email is already taken
2026-07-12 10:28:06.128 DEBUG 14848 --- [main] org.hibernate.SQL                        : [ | ] 
    select
        u1_0.id,
        u1_0.created_at,
        u1_0.email,
        u1_0.enabled,
        u1_0.first_name,
        u1_0.last_name,
        u1_0.password_hash,
        u1_0.updated_at,
        u1_0.username 
    from
        public.users u1_0
2026-07-12 10:28:06.131 DEBUG 14848 --- [main] org.hibernate.SQL                        : [ | ] 
    select
        r1_0.id,
        r1_0.created_at,
        r1_0.description,
        r1_0.name 
    from
        public.roles r1_0
2026-07-12 10:28:06.132 DEBUG 14848 --- [main] org.hibernate.SQL                        : [ | ] 
    insert 
    into
        public.roles
        (created_at, description, name, id) 
    values
        (?, ?, ?, default)
2026-07-12 10:28:06.141 DEBUG 14848 --- [main] c.f.modules.auth.service.AuthService     : [4fa82ea1-53fb-4d09-a2c0-b2709e227f9b | ] Attempting to register new user: carolwhite
2026-07-12 10:28:06.143 DEBUG 14848 --- [main] org.hibernate.SQL                        : [4fa82ea1-53fb-4d09-a2c0-b2709e227f9b | ] 
    select
        u1_0.id 
    from
        public.users u1_0 
    where
        u1_0.username=? 
    fetch
        first ? rows only
2026-07-12 10:28:06.146 DEBUG 14848 --- [main] org.hibernate.SQL                        : [4fa82ea1-53fb-4d09-a2c0-b2709e227f9b | ] 
    select
        u1_0.id 
    from
        public.users u1_0 
    where
        u1_0.email=? 
    fetch
        first ? rows only
2026-07-12 10:28:06.150 DEBUG 14848 --- [main] org.hibernate.SQL                        : [4fa82ea1-53fb-4d09-a2c0-b2709e227f9b | ] 
    select
        r1_0.id,
        r1_0.created_at,
        r1_0.description,
        r1_0.name 
    from
        public.roles r1_0 
    where
        r1_0.name=?
2026-07-12 10:28:06.697 DEBUG 14848 --- [main] org.hibernate.SQL                        : [4fa82ea1-53fb-4d09-a2c0-b2709e227f9b | ] 
    insert 
    into
        public.users
        (created_at, email, enabled, first_name, last_name, password_hash, updated_at, username, id) 
    values
        (?, ?, ?, ?, ?, ?, ?, ?, default)
2026-07-12 10:28:06.702  INFO 14848 --- [main] c.f.modules.auth.service.AuthService     : [4fa82ea1-53fb-4d09-a2c0-b2709e227f9b | ] Successfully registered user: carolwhite with ID: 4
2026-07-12 10:28:06.710 DEBUG 14848 --- [main] c.f.modules.auth.service.AuthService     : [d37a06d3-4789-45ca-b027-3b1535cde536 | ] Attempting to register new user: carolwhite
2026-07-12 10:28:06.710 DEBUG 14848 --- [main] org.hibernate.SQL                        : [d37a06d3-4789-45ca-b027-3b1535cde536 | ] 
    select
        u1_0.id 
    from
        public.users u1_0 
    where
        u1_0.username=? 
    fetch
        first ? rows only
2026-07-12 10:28:06.717  WARN 14848 --- [main] c.f.c.exception.GlobalExceptionHandler   : [d37a06d3-4789-45ca-b027-3b1535cde536 | ] Domain exception on /api/v1/auth/register: USERNAME_EXISTS - Username is already taken
2026-07-12 10:28:06.736 DEBUG 14848 --- [main] org.hibernate.SQL                        : [ | ] 
    select
        u1_0.id,
        u1_0.created_at,
        u1_0.email,
        u1_0.enabled,
        u1_0.first_name,
        u1_0.last_name,
        u1_0.password_hash,
        u1_0.updated_at,
        u1_0.username 
    from
        public.users u1_0
2026-07-12 10:28:06.738 DEBUG 14848 --- [main] org.hibernate.SQL                        : [ | ] 
    select
        r1_0.id,
        r1_0.created_at,
        r1_0.description,
        r1_0.name 
    from
        public.roles r1_0
2026-07-12 10:28:06.740 DEBUG 14848 --- [main] org.hibernate.SQL                        : [ | ] 
    insert 
    into
        public.roles
        (created_at, description, name, id) 
    values
        (?, ?, ?, default)
2026-07-12 10:28:06.749  WARN 14848 --- [main] c.f.c.exception.GlobalExceptionHandler   : [08364630-12a4-4ca3-8140-54891d8f1057 | ] Validation failure on /api/v1/auth/register: {email=Email should be valid}
2026-07-12 10:28:06.768 DEBUG 14848 --- [main] org.hibernate.SQL                        : [ | ] 
    select
        u1_0.id,
        u1_0.created_at,
        u1_0.email,
        u1_0.enabled,
        u1_0.first_name,
        u1_0.last_name,
        u1_0.password_hash,
        u1_0.updated_at,
        u1_0.username 
    from
        public.users u1_0
2026-07-12 10:28:06.771 DEBUG 14848 --- [main] org.hibernate.SQL                        : [ | ] 
    select
        r1_0.id,
        r1_0.created_at,
        r1_0.description,
        r1_0.name 
    from
        public.roles r1_0
2026-07-12 10:28:06.771 DEBUG 14848 --- [main] org.hibernate.SQL                        : [ | ] 
    insert 
    into
        public.roles
        (created_at, description, name, id) 
    values
        (?, ?, ?, default)
2026-07-12 10:28:06.780  WARN 14848 --- [main] c.f.c.exception.GlobalExceptionHandler   : [c20e0620-0c78-4f8e-bce5-17af1e43a9a8 | ] Validation failure on /api/v1/auth/register: {firstName=First name is required}
2026-07-12 10:28:06.824 DEBUG 14848 --- [main] org.hibernate.SQL                        : [ | ] 
    select
        rt1_0.id,
        rt1_0.created_at,
        rt1_0.expires_at,
        rt1_0.revoked,
        rt1_0.token_hash,
        rt1_0.user_id 
    from
        public.refresh_tokens rt1_0
2026-07-12 10:28:06.827 DEBUG 14848 --- [main] org.hibernate.SQL                        : [ | ] 
    select
        u1_0.id,
        u1_0.created_at,
        u1_0.email,
        u1_0.enabled,
        u1_0.first_name,
        u1_0.last_name,
        u1_0.password_hash,
        u1_0.updated_at,
        u1_0.username 
    from
        public.users u1_0
2026-07-12 10:28:06.831 DEBUG 14848 --- [main] org.hibernate.SQL                        : [ | ] 
    select
        r1_0.id,
        r1_0.created_at,
        r1_0.description,
        r1_0.name 
    from
        public.roles r1_0
2026-07-12 10:28:06.833 DEBUG 14848 --- [main] org.hibernate.SQL                        : [ | ] 
    insert 
    into
        public.roles
        (created_at, description, name, id) 
    values
        (?, ?, ?, default)
2026-07-12 10:28:06.840 DEBUG 14848 --- [main] c.f.modules.auth.service.AuthService     : [d6cd5395-a77b-401e-adbc-a4d004eb103d | ] Attempting to register new user: alicesmith
2026-07-12 10:28:06.842 DEBUG 14848 --- [main] org.hibernate.SQL                        : [d6cd5395-a77b-401e-adbc-a4d004eb103d | ] 
    select
        u1_0.id 
    from
        public.users u1_0 
    where
        u1_0.username=? 
    fetch
        first ? rows only
2026-07-12 10:28:06.844 DEBUG 14848 --- [main] org.hibernate.SQL                        : [d6cd5395-a77b-401e-adbc-a4d004eb103d | ] 
    select
        u1_0.id 
    from
        public.users u1_0 
    where
        u1_0.email=? 
    fetch
        first ? rows only
2026-07-12 10:28:06.848 DEBUG 14848 --- [main] org.hibernate.SQL                        : [d6cd5395-a77b-401e-adbc-a4d004eb103d | ] 
    select
        r1_0.id,
        r1_0.created_at,
        r1_0.description,
        r1_0.name 
    from
        public.roles r1_0 
    where
        r1_0.name=?
2026-07-12 10:28:07.390 DEBUG 14848 --- [main] org.hibernate.SQL                        : [d6cd5395-a77b-401e-adbc-a4d004eb103d | ] 
    insert 
    into
        public.users
        (created_at, email, enabled, first_name, last_name, password_hash, updated_at, username, id) 
    values
        (?, ?, ?, ?, ?, ?, ?, ?, default)
2026-07-12 10:28:07.390  INFO 14848 --- [main] c.f.modules.auth.service.AuthService     : [d6cd5395-a77b-401e-adbc-a4d004eb103d | ] Successfully registered user: alicesmith with ID: 5
2026-07-12 10:28:07.412 DEBUG 14848 --- [main] org.hibernate.SQL                        : [ae0a288a-8ac1-48ce-8b76-0f95a61e90af | ] 
    select
        u1_0.id,
        u1_0.created_at,
        u1_0.email,
        u1_0.enabled,
        u1_0.first_name,
        u1_0.last_name,
        u1_0.password_hash,
        u1_0.updated_at,
        u1_0.username 
    from
        public.users u1_0 
    where
        u1_0.username=?
2026-07-12 10:28:07.421 DEBUG 14848 --- [main] org.hibernate.SQL                        : [ae0a288a-8ac1-48ce-8b76-0f95a61e90af | ] 
    select
        u1_0.id,
        u1_0.created_at,
        u1_0.email,
        u1_0.enabled,
        u1_0.first_name,
        u1_0.last_name,
        u1_0.password_hash,
        u1_0.updated_at,
        u1_0.username 
    from
        public.users u1_0 
    where
        u1_0.email=?
2026-07-12 10:28:07.992 DEBUG 14848 --- [main] org.hibernate.SQL                        : [ae0a288a-8ac1-48ce-8b76-0f95a61e90af | ] 
    select
        u1_0.id,
        u1_0.created_at,
        u1_0.email,
        u1_0.enabled,
        u1_0.first_name,
        u1_0.last_name,
        u1_0.password_hash,
        u1_0.updated_at,
        u1_0.username 
    from
        public.users u1_0 
    where
        u1_0.username=?
2026-07-12 10:28:08.783 DEBUG 14848 --- [main] org.hibernate.SQL                        : [ae0a288a-8ac1-48ce-8b76-0f95a61e90af | ] 
    delete 
    from
        public.refresh_tokens rt1_0 
    where
        rt1_0.expires_at<?
2026-07-12 10:28:08.789 DEBUG 14848 --- [main] org.hibernate.SQL                        : [ae0a288a-8ac1-48ce-8b76-0f95a61e90af | ] 
    insert 
    into
        public.refresh_tokens
        (created_at, expires_at, revoked, token_hash, user_id, id) 
    values
        (?, ?, ?, ?, ?, default)
2026-07-12 10:28:08.792  INFO 14848 --- [main] c.f.modules.auth.service.AuthService     : [ae0a288a-8ac1-48ce-8b76-0f95a61e90af | ] User 'alicesmith' (ID: 5) logged in successfully
2026-07-12 10:28:08.814 DEBUG 14848 --- [main] org.hibernate.SQL                        : [ | ] 
    select
        rt1_0.id,
        rt1_0.created_at,
        rt1_0.expires_at,
        rt1_0.revoked,
        rt1_0.token_hash,
        rt1_0.user_id 
    from
        public.refresh_tokens rt1_0
2026-07-12 10:28:08.817 DEBUG 14848 --- [main] org.hibernate.SQL                        : [ | ] 
    select
        u1_0.id,
        u1_0.created_at,
        u1_0.email,
        u1_0.enabled,
        u1_0.first_name,
        u1_0.last_name,
        u1_0.password_hash,
        u1_0.updated_at,
        u1_0.username 
    from
        public.users u1_0
2026-07-12 10:28:08.819 DEBUG 14848 --- [main] org.hibernate.SQL                        : [ | ] 
    select
        r1_0.id,
        r1_0.created_at,
        r1_0.description,
        r1_0.name 
    from
        public.roles r1_0
2026-07-12 10:28:08.821 DEBUG 14848 --- [main] org.hibernate.SQL                        : [ | ] 
    insert 
    into
        public.roles
        (created_at, description, name, id) 
    values
        (?, ?, ?, default)
2026-07-12 10:28:08.826 DEBUG 14848 --- [main] c.f.modules.auth.service.AuthService     : [8cdc9c10-0648-4834-937d-7a895c495dcd | ] Attempting to register new user: alicesmith
2026-07-12 10:28:08.829 DEBUG 14848 --- [main] org.hibernate.SQL                        : [8cdc9c10-0648-4834-937d-7a895c495dcd | ] 
    select
        u1_0.id 
    from
        public.users u1_0 
    where
        u1_0.username=? 
    fetch
        first ? rows only
2026-07-12 10:28:08.833 DEBUG 14848 --- [main] org.hibernate.SQL                        : [8cdc9c10-0648-4834-937d-7a895c495dcd | ] 
    select
        u1_0.id 
    from
        public.users u1_0 
    where
        u1_0.email=? 
    fetch
        first ? rows only
2026-07-12 10:28:08.836 DEBUG 14848 --- [main] org.hibernate.SQL                        : [8cdc9c10-0648-4834-937d-7a895c495dcd | ] 
    select
        r1_0.id,
        r1_0.created_at,
        r1_0.description,
        r1_0.name 
    from
        public.roles r1_0 
    where
        r1_0.name=?
2026-07-12 10:28:09.377 DEBUG 14848 --- [main] org.hibernate.SQL                        : [8cdc9c10-0648-4834-937d-7a895c495dcd | ] 
    insert 
    into
        public.users
        (created_at, email, enabled, first_name, last_name, password_hash, updated_at, username, id) 
    values
        (?, ?, ?, ?, ?, ?, ?, ?, default)
2026-07-12 10:28:09.379  INFO 14848 --- [main] c.f.modules.auth.service.AuthService     : [8cdc9c10-0648-4834-937d-7a895c495dcd | ] Successfully registered user: alicesmith with ID: 6
2026-07-12 10:28:09.391 DEBUG 14848 --- [main] org.hibernate.SQL                        : [84932bff-271e-4a6a-aad4-49b362ce201d | ] 
    select
        u1_0.id,
        u1_0.created_at,
        u1_0.email,
        u1_0.enabled,
        u1_0.first_name,
        u1_0.last_name,
        u1_0.password_hash,
        u1_0.updated_at,
        u1_0.username 
    from
        public.users u1_0 
    where
        u1_0.username=?
2026-07-12 10:28:09.394 DEBUG 14848 --- [main] org.hibernate.SQL                        : [84932bff-271e-4a6a-aad4-49b362ce201d | ] 
    select
        u1_0.id,
        u1_0.created_at,
        u1_0.email,
        u1_0.enabled,
        u1_0.first_name,
        u1_0.last_name,
        u1_0.password_hash,
        u1_0.updated_at,
        u1_0.username 
    from
        public.users u1_0 
    where
        u1_0.username=?
2026-07-12 10:28:09.944 DEBUG 14848 --- [main] org.hibernate.SQL                        : [84932bff-271e-4a6a-aad4-49b362ce201d | ] 
    delete 
    from
        public.refresh_tokens rt1_0 
    where
        rt1_0.expires_at<?
2026-07-12 10:28:09.949 DEBUG 14848 --- [main] org.hibernate.SQL                        : [84932bff-271e-4a6a-aad4-49b362ce201d | ] 
    insert 
    into
        public.refresh_tokens
        (created_at, expires_at, revoked, token_hash, user_id, id) 
    values
        (?, ?, ?, ?, ?, default)
2026-07-12 10:28:09.951  INFO 14848 --- [main] c.f.modules.auth.service.AuthService     : [84932bff-271e-4a6a-aad4-49b362ce201d | ] User 'alicesmith' (ID: 6) logged in successfully
2026-07-12 10:28:10.102 DEBUG 14848 --- [main] org.hibernate.SQL                        : [ | ] 
    select
        rt1_0.id,
        rt1_0.created_at,
        rt1_0.expires_at,
        rt1_0.revoked,
        rt1_0.token_hash,
        rt1_0.user_id 
    from
        public.refresh_tokens rt1_0
2026-07-12 10:28:10.104 DEBUG 14848 --- [main] org.hibernate.SQL                        : [ | ] 
    select
        u1_0.id,
        u1_0.created_at,
        u1_0.email,
        u1_0.enabled,
        u1_0.first_name,
        u1_0.last_name,
        u1_0.password_hash,
        u1_0.updated_at,
        u1_0.username 
    from
        public.users u1_0
2026-07-12 10:28:10.107 DEBUG 14848 --- [main] org.hibernate.SQL                        : [ | ] 
    select
        r1_0.id,
        r1_0.created_at,
        r1_0.description,
        r1_0.name 
    from
        public.roles r1_0
2026-07-12 10:28:10.108 DEBUG 14848 --- [main] org.hibernate.SQL                        : [ | ] 
    insert 
    into
        public.roles
        (created_at, description, name, id) 
    values
        (?, ?, ?, default)
2026-07-12 10:28:10.114 DEBUG 14848 --- [main] c.f.modules.auth.service.AuthService     : [3795fd8d-8fe1-4b27-b477-78e6ed5a7a6a | ] Attempting to register new user: alicesmith
2026-07-12 10:28:10.116 DEBUG 14848 --- [main] org.hibernate.SQL                        : [3795fd8d-8fe1-4b27-b477-78e6ed5a7a6a | ] 
    select
        u1_0.id 
    from
        public.users u1_0 
    where
        u1_0.username=? 
    fetch
        first ? rows only
2026-07-12 10:28:10.120 DEBUG 14848 --- [main] org.hibernate.SQL                        : [3795fd8d-8fe1-4b27-b477-78e6ed5a7a6a | ] 
    select
        u1_0.id 
    from
        public.users u1_0 
    where
        u1_0.email=? 
    fetch
        first ? rows only
2026-07-12 10:28:10.122 DEBUG 14848 --- [main] org.hibernate.SQL                        : [3795fd8d-8fe1-4b27-b477-78e6ed5a7a6a | ] 
    select
        r1_0.id,
        r1_0.created_at,
        r1_0.description,
        r1_0.name 
    from
        public.roles r1_0 
    where
        r1_0.name=?
2026-07-12 10:28:10.658 DEBUG 14848 --- [main] org.hibernate.SQL                        : [3795fd8d-8fe1-4b27-b477-78e6ed5a7a6a | ] 
    insert 
    into
        public.users
        (created_at, email, enabled, first_name, last_name, password_hash, updated_at, username, id) 
    values
        (?, ?, ?, ?, ?, ?, ?, ?, default)
2026-07-12 10:28:10.660  INFO 14848 --- [main] c.f.modules.auth.service.AuthService     : [3795fd8d-8fe1-4b27-b477-78e6ed5a7a6a | ] Successfully registered user: alicesmith with ID: 7
2026-07-12 10:28:10.670 DEBUG 14848 --- [main] org.hibernate.SQL                        : [a1cd9e56-5fb9-4b77-b00f-3074f10fe550 | ] 
    select
        u1_0.id,
        u1_0.created_at,
        u1_0.email,
        u1_0.enabled,
        u1_0.first_name,
        u1_0.last_name,
        u1_0.password_hash,
        u1_0.updated_at,
        u1_0.username 
    from
        public.users u1_0 
    where
        u1_0.username=?
2026-07-12 10:28:10.673 DEBUG 14848 --- [main] org.hibernate.SQL                        : [a1cd9e56-5fb9-4b77-b00f-3074f10fe550 | ] 
    select
        u1_0.id,
        u1_0.created_at,
        u1_0.email,
        u1_0.enabled,
        u1_0.first_name,
        u1_0.last_name,
        u1_0.password_hash,
        u1_0.updated_at,
        u1_0.username 
    from
        public.users u1_0 
    where
        u1_0.username=?
2026-07-12 10:28:11.220 DEBUG 14848 --- [main] org.hibernate.SQL                        : [a1cd9e56-5fb9-4b77-b00f-3074f10fe550 | ] 
    delete 
    from
        public.refresh_tokens rt1_0 
    where
        rt1_0.expires_at<?
2026-07-12 10:28:11.223 DEBUG 14848 --- [main] org.hibernate.SQL                        : [a1cd9e56-5fb9-4b77-b00f-3074f10fe550 | ] 
    insert 
    into
        public.refresh_tokens
        (created_at, expires_at, revoked, token_hash, user_id, id) 
    values
        (?, ?, ?, ?, ?, default)
2026-07-12 10:28:11.225  INFO 14848 --- [main] c.f.modules.auth.service.AuthService     : [a1cd9e56-5fb9-4b77-b00f-3074f10fe550 | ] User 'alicesmith' (ID: 7) logged in successfully
2026-07-12 10:28:11.243 DEBUG 14848 --- [main] org.hibernate.SQL                        : [ | ] 
    select
        rt1_0.id,
        rt1_0.created_at,
        rt1_0.expires_at,
        rt1_0.revoked,
        rt1_0.token_hash,
        rt1_0.user_id 
    from
        public.refresh_tokens rt1_0
2026-07-12 10:28:11.246 DEBUG 14848 --- [main] org.hibernate.SQL                        : [ | ] 
    select
        u1_0.id,
        u1_0.created_at,
        u1_0.email,
        u1_0.enabled,
        u1_0.first_name,
        u1_0.last_name,
        u1_0.password_hash,
        u1_0.updated_at,
        u1_0.username 
    from
        public.users u1_0
2026-07-12 10:28:11.249 DEBUG 14848 --- [main] org.hibernate.SQL                        : [ | ] 
    select
        r1_0.id,
        r1_0.created_at,
        r1_0.description,
        r1_0.name 
    from
        public.roles r1_0
2026-07-12 10:28:11.250 DEBUG 14848 --- [main] org.hibernate.SQL                        : [ | ] 
    insert 
    into
        public.roles
        (created_at, description, name, id) 
    values
        (?, ?, ?, default)
2026-07-12 10:28:11.258 DEBUG 14848 --- [main] c.f.modules.auth.service.AuthService     : [85ecdad3-2b80-451a-825f-01c5b9f821a2 | ] Attempting to register new user: alicesmith
2026-07-12 10:28:11.260 DEBUG 14848 --- [main] org.hibernate.SQL                        : [85ecdad3-2b80-451a-825f-01c5b9f821a2 | ] 
    select
        u1_0.id 
    from
        public.users u1_0 
    where
        u1_0.username=? 
    fetch
        first ? rows only
2026-07-12 10:28:11.264 DEBUG 14848 --- [main] org.hibernate.SQL                        : [85ecdad3-2b80-451a-825f-01c5b9f821a2 | ] 
    select
        u1_0.id 
    from
        public.users u1_0 
    where
        u1_0.email=? 
    fetch
        first ? rows only
2026-07-12 10:28:11.267 DEBUG 14848 --- [main] org.hibernate.SQL                        : [85ecdad3-2b80-451a-825f-01c5b9f821a2 | ] 
    select
        r1_0.id,
        r1_0.created_at,
        r1_0.description,
        r1_0.name 
    from
        public.roles r1_0 
    where
        r1_0.name=?
2026-07-12 10:28:11.818 DEBUG 14848 --- [main] org.hibernate.SQL                        : [85ecdad3-2b80-451a-825f-01c5b9f821a2 | ] 
    insert 
    into
        public.users
        (created_at, email, enabled, first_name, last_name, password_hash, updated_at, username, id) 
    values
        (?, ?, ?, ?, ?, ?, ?, ?, default)
2026-07-12 10:28:11.820  INFO 14848 --- [main] c.f.modules.auth.service.AuthService     : [85ecdad3-2b80-451a-825f-01c5b9f821a2 | ] Successfully registered user: alicesmith with ID: 8
2026-07-12 10:28:11.829  WARN 14848 --- [main] c.f.c.exception.GlobalExceptionHandler   : [ef978e2c-bfa9-4b81-b3ad-439851d82b06 | ] Validation failure on /api/v1/auth/login: {usernameOrEmail=Username or email is required}
2026-07-12 10:28:11.844 DEBUG 14848 --- [main] org.hibernate.SQL                        : [ | ] 
    select
        rt1_0.id,
        rt1_0.created_at,
        rt1_0.expires_at,
        rt1_0.revoked,
        rt1_0.token_hash,
        rt1_0.user_id 
    from
        public.refresh_tokens rt1_0
2026-07-12 10:28:11.847 DEBUG 14848 --- [main] org.hibernate.SQL                        : [ | ] 
    select
        u1_0.id,
        u1_0.created_at,
        u1_0.email,
        u1_0.enabled,
        u1_0.first_name,
        u1_0.last_name,
        u1_0.password_hash,
        u1_0.updated_at,
        u1_0.username 
    from
        public.users u1_0
2026-07-12 10:28:11.850 DEBUG 14848 --- [main] org.hibernate.SQL                        : [ | ] 
    select
        r1_0.id,
        r1_0.created_at,
        r1_0.description,
        r1_0.name 
    from
        public.roles r1_0
2026-07-12 10:28:11.851 DEBUG 14848 --- [main] org.hibernate.SQL                        : [ | ] 
    insert 
    into
        public.roles
        (created_at, description, name, id) 
    values
        (?, ?, ?, default)
2026-07-12 10:28:11.857 DEBUG 14848 --- [main] c.f.modules.auth.service.AuthService     : [31c31402-ea31-4ee5-8316-c2a19742a141 | ] Attempting to register new user: alicesmith
2026-07-12 10:28:11.859 DEBUG 14848 --- [main] org.hibernate.SQL                        : [31c31402-ea31-4ee5-8316-c2a19742a141 | ] 
    select
        u1_0.id 
    from
        public.users u1_0 
    where
        u1_0.username=? 
    fetch
        first ? rows only
2026-07-12 10:28:11.861 DEBUG 14848 --- [main] org.hibernate.SQL                        : [31c31402-ea31-4ee5-8316-c2a19742a141 | ] 
    select
        u1_0.id 
    from
        public.users u1_0 
    where
        u1_0.email=? 
    fetch
        first ? rows only
2026-07-12 10:28:11.863 DEBUG 14848 --- [main] org.hibernate.SQL                        : [31c31402-ea31-4ee5-8316-c2a19742a141 | ] 
    select
        r1_0.id,
        r1_0.created_at,
        r1_0.description,
        r1_0.name 
    from
        public.roles r1_0 
    where
        r1_0.name=?
2026-07-12 10:28:12.431 DEBUG 14848 --- [main] org.hibernate.SQL                        : [31c31402-ea31-4ee5-8316-c2a19742a141 | ] 
    insert 
    into
        public.users
        (created_at, email, enabled, first_name, last_name, password_hash, updated_at, username, id) 
    values
        (?, ?, ?, ?, ?, ?, ?, ?, default)
2026-07-12 10:28:12.431  INFO 14848 --- [main] c.f.modules.auth.service.AuthService     : [31c31402-ea31-4ee5-8316-c2a19742a141 | ] Successfully registered user: alicesmith with ID: 9
2026-07-12 10:28:12.450 DEBUG 14848 --- [main] org.hibernate.SQL                        : [efb82ebd-98ca-4ceb-bcd4-e12481cc76bc | ] 
    select
        u1_0.id,
        u1_0.created_at,
        u1_0.email,
        u1_0.enabled,
        u1_0.first_name,
        u1_0.last_name,
        u1_0.password_hash,
        u1_0.updated_at,
        u1_0.username 
    from
        public.users u1_0 
    where
        u1_0.username=?
2026-07-12 10:28:12.454 DEBUG 14848 --- [main] org.hibernate.SQL                        : [efb82ebd-98ca-4ceb-bcd4-e12481cc76bc | ] 
    select
        u1_0.id,
        u1_0.created_at,
        u1_0.email,
        u1_0.enabled,
        u1_0.first_name,
        u1_0.last_name,
        u1_0.password_hash,
        u1_0.updated_at,
        u1_0.username 
    from
        public.users u1_0 
    where
        u1_0.username=?
2026-07-12 10:28:13.012 DEBUG 14848 --- [main] org.hibernate.SQL                        : [efb82ebd-98ca-4ceb-bcd4-e12481cc76bc | ] 
    delete 
    from
        public.refresh_tokens rt1_0 
    where
        rt1_0.expires_at<?
2026-07-12 10:28:13.012 DEBUG 14848 --- [main] org.hibernate.SQL                        : [efb82ebd-98ca-4ceb-bcd4-e12481cc76bc | ] 
    insert 
    into
        public.refresh_tokens
        (created_at, expires_at, revoked, token_hash, user_id, id) 
    values
        (?, ?, ?, ?, ?, default)
2026-07-12 10:28:13.017  INFO 14848 --- [main] c.f.modules.auth.service.AuthService     : [efb82ebd-98ca-4ceb-bcd4-e12481cc76bc | ] User 'alicesmith' (ID: 9) logged in successfully
2026-07-12 10:28:13.148 DEBUG 14848 --- [main] org.hibernate.SQL                        : [ | ] 
    select
        count(*) 
    from
        public.refresh_tokens rt1_0
2026-07-12 10:28:13.161 DEBUG 14848 --- [main] org.hibernate.SQL                        : [ | ] 
    select
        rt1_0.id,
        rt1_0.created_at,
        rt1_0.expires_at,
        rt1_0.revoked,
        rt1_0.token_hash,
        rt1_0.user_id 
    from
        public.refresh_tokens rt1_0
2026-07-12 10:28:13.188 DEBUG 14848 --- [main] org.hibernate.SQL                        : [ | ] 
    select
        rt1_0.id,
        rt1_0.created_at,
        rt1_0.expires_at,
        rt1_0.revoked,
        rt1_0.token_hash,
        rt1_0.user_id 
    from
        public.refresh_tokens rt1_0
2026-07-12 10:28:13.191 DEBUG 14848 --- [main] org.hibernate.SQL                        : [ | ] 
    select
        u1_0.id,
        u1_0.created_at,
        u1_0.email,
        u1_0.enabled,
        u1_0.first_name,
        u1_0.last_name,
        u1_0.password_hash,
        u1_0.updated_at,
        u1_0.username 
    from
        public.users u1_0
2026-07-12 10:28:13.193 DEBUG 14848 --- [main] org.hibernate.SQL                        : [ | ] 
    select
        r1_0.id,
        r1_0.created_at,
        r1_0.description,
        r1_0.name 
    from
        public.roles r1_0
2026-07-12 10:28:13.196 DEBUG 14848 --- [main] org.hibernate.SQL                        : [ | ] 
    insert 
    into
        public.roles
        (created_at, description, name, id) 
    values
        (?, ?, ?, default)
2026-07-12 10:28:13.204 DEBUG 14848 --- [main] c.f.modules.auth.service.AuthService     : [b2d1ecfa-7578-4f40-9d67-620715ceb77f | ] Attempting to register new user: alicesmith
2026-07-12 10:28:13.206 DEBUG 14848 --- [main] org.hibernate.SQL                        : [b2d1ecfa-7578-4f40-9d67-620715ceb77f | ] 
    select
        u1_0.id 
    from
        public.users u1_0 
    where
        u1_0.username=? 
    fetch
        first ? rows only
2026-07-12 10:28:13.206 DEBUG 14848 --- [main] org.hibernate.SQL                        : [b2d1ecfa-7578-4f40-9d67-620715ceb77f | ] 
    select
        u1_0.id 
    from
        public.users u1_0 
    where
        u1_0.email=? 
    fetch
        first ? rows only
2026-07-12 10:28:13.214 DEBUG 14848 --- [main] org.hibernate.SQL                        : [b2d1ecfa-7578-4f40-9d67-620715ceb77f | ] 
    select
        r1_0.id,
        r1_0.created_at,
        r1_0.description,
        r1_0.name 
    from
        public.roles r1_0 
    where
        r1_0.name=?
2026-07-12 10:28:13.798 DEBUG 14848 --- [main] org.hibernate.SQL                        : [b2d1ecfa-7578-4f40-9d67-620715ceb77f | ] 
    insert 
    into
        public.users
        (created_at, email, enabled, first_name, last_name, password_hash, updated_at, username, id) 
    values
        (?, ?, ?, ?, ?, ?, ?, ?, default)
2026-07-12 10:28:13.801  INFO 14848 --- [main] c.f.modules.auth.service.AuthService     : [b2d1ecfa-7578-4f40-9d67-620715ceb77f | ] Successfully registered user: alicesmith with ID: 10
2026-07-12 10:28:13.812 DEBUG 14848 --- [main] org.hibernate.SQL                        : [bb03ecff-28c4-4dc1-bcd8-c51132f18bfd | ] 
    select
        u1_0.id,
        u1_0.created_at,
        u1_0.email,
        u1_0.enabled,
        u1_0.first_name,
        u1_0.last_name,
        u1_0.password_hash,
        u1_0.updated_at,
        u1_0.username 
    from
        public.users u1_0 
    where
        u1_0.username=?
2026-07-12 10:28:13.815 DEBUG 14848 --- [main] org.hibernate.SQL                        : [bb03ecff-28c4-4dc1-bcd8-c51132f18bfd | ] 
    select
        u1_0.id,
        u1_0.created_at,
        u1_0.email,
        u1_0.enabled,
        u1_0.first_name,
        u1_0.last_name,
        u1_0.password_hash,
        u1_0.updated_at,
        u1_0.username 
    from
        public.users u1_0 
    where
        u1_0.email=?
2026-07-12 10:28:13.818  WARN 14848 --- [main] c.f.c.exception.GlobalExceptionHandler   : [bb03ecff-28c4-4dc1-bcd8-c51132f18bfd | ] Domain exception on /api/v1/auth/login: INVALID_CREDENTIALS - Invalid username/email or password
2026-07-12 10:28:13.839 DEBUG 14848 --- [main] org.hibernate.SQL                        : [ | ] 
    select
        rt1_0.id,
        rt1_0.created_at,
        rt1_0.expires_at,
        rt1_0.revoked,
        rt1_0.token_hash,
        rt1_0.user_id 
    from
        public.refresh_tokens rt1_0
2026-07-12 10:28:13.841 DEBUG 14848 --- [main] org.hibernate.SQL                        : [ | ] 
    select
        u1_0.id,
        u1_0.created_at,
        u1_0.email,
        u1_0.enabled,
        u1_0.first_name,
        u1_0.last_name,
        u1_0.password_hash,
        u1_0.updated_at,
        u1_0.username 
    from
        public.users u1_0
2026-07-12 10:28:13.845 DEBUG 14848 --- [main] org.hibernate.SQL                        : [ | ] 
    select
        r1_0.id,
        r1_0.created_at,
        r1_0.description,
        r1_0.name 
    from
        public.roles r1_0
2026-07-12 10:28:13.846 DEBUG 14848 --- [main] org.hibernate.SQL                        : [ | ] 
    insert 
    into
        public.roles
        (created_at, description, name, id) 
    values
        (?, ?, ?, default)
2026-07-12 10:28:13.854 DEBUG 14848 --- [main] c.f.modules.auth.service.AuthService     : [438a0498-bc55-4db0-9d12-79425a6c1da5 | ] Attempting to register new user: alicesmith
2026-07-12 10:28:13.857 DEBUG 14848 --- [main] org.hibernate.SQL                        : [438a0498-bc55-4db0-9d12-79425a6c1da5 | ] 
    select
        u1_0.id 
    from
        public.users u1_0 
    where
        u1_0.username=? 
    fetch
        first ? rows only
2026-07-12 10:28:13.859 DEBUG 14848 --- [main] org.hibernate.SQL                        : [438a0498-bc55-4db0-9d12-79425a6c1da5 | ] 
    select
        u1_0.id 
    from
        public.users u1_0 
    where
        u1_0.email=? 
    fetch
        first ? rows only
2026-07-12 10:28:13.863 DEBUG 14848 --- [main] org.hibernate.SQL                        : [438a0498-bc55-4db0-9d12-79425a6c1da5 | ] 
    select
        r1_0.id,
        r1_0.created_at,
        r1_0.description,
        r1_0.name 
    from
        public.roles r1_0 
    where
        r1_0.name=?
2026-07-12 10:28:14.437 DEBUG 14848 --- [main] org.hibernate.SQL                        : [438a0498-bc55-4db0-9d12-79425a6c1da5 | ] 
    insert 
    into
        public.users
        (created_at, email, enabled, first_name, last_name, password_hash, updated_at, username, id) 
    values
        (?, ?, ?, ?, ?, ?, ?, ?, default)
2026-07-12 10:28:14.439  INFO 14848 --- [main] c.f.modules.auth.service.AuthService     : [438a0498-bc55-4db0-9d12-79425a6c1da5 | ] Successfully registered user: alicesmith with ID: 11
2026-07-12 10:28:14.447 DEBUG 14848 --- [main] org.hibernate.SQL                        : [866712d5-10d9-46ab-ab3b-596c3724dccc | ] 
    select
        u1_0.id,
        u1_0.created_at,
        u1_0.email,
        u1_0.enabled,
        u1_0.first_name,
        u1_0.last_name,
        u1_0.password_hash,
        u1_0.updated_at,
        u1_0.username 
    from
        public.users u1_0 
    where
        u1_0.username=?
2026-07-12 10:28:14.452 DEBUG 14848 --- [main] org.hibernate.SQL                        : [866712d5-10d9-46ab-ab3b-596c3724dccc | ] 
    select
        u1_0.id,
        u1_0.created_at,
        u1_0.email,
        u1_0.enabled,
        u1_0.first_name,
        u1_0.last_name,
        u1_0.password_hash,
        u1_0.updated_at,
        u1_0.username 
    from
        public.users u1_0 
    where
        u1_0.username=?
2026-07-12 10:28:14.996 DEBUG 14848 --- [main] c.f.modules.auth.service.AuthService     : [866712d5-10d9-46ab-ab3b-596c3724dccc | ] Authentication failure for identifier 'alicesmith': BadCredentialsException
2026-07-12 10:28:14.997  WARN 14848 --- [main] c.f.c.exception.GlobalExceptionHandler   : [866712d5-10d9-46ab-ab3b-596c3724dccc | ] Domain exception on /api/v1/auth/login: INVALID_CREDENTIALS - Invalid username/email or password
2026-07-12 10:28:15.009 DEBUG 14848 --- [main] org.hibernate.SQL                        : [a22e01d5-bd78-4772-87cc-32be52b6b286 | ] 
    select
        u1_0.id,
        u1_0.created_at,
        u1_0.email,
        u1_0.enabled,
        u1_0.first_name,
        u1_0.last_name,
        u1_0.password_hash,
        u1_0.updated_at,
        u1_0.username 
    from
        public.users u1_0 
    where
        u1_0.username=?
2026-07-12 10:28:15.012 DEBUG 14848 --- [main] org.hibernate.SQL                        : [a22e01d5-bd78-4772-87cc-32be52b6b286 | ] 
    select
        u1_0.id,
        u1_0.created_at,
        u1_0.email,
        u1_0.enabled,
        u1_0.first_name,
        u1_0.last_name,
        u1_0.password_hash,
        u1_0.updated_at,
        u1_0.username 
    from
        public.users u1_0 
    where
        u1_0.email=?
2026-07-12 10:28:15.014  WARN 14848 --- [main] c.f.c.exception.GlobalExceptionHandler   : [a22e01d5-bd78-4772-87cc-32be52b6b286 | ] Domain exception on /api/v1/auth/login: INVALID_CREDENTIALS - Invalid username/email or password
2026-07-12 10:28:15.044 DEBUG 14848 --- [main] org.hibernate.SQL                        : [ | ] 
    select
        rt1_0.id,
        rt1_0.created_at,
        rt1_0.expires_at,
        rt1_0.revoked,
        rt1_0.token_hash,
        rt1_0.user_id 
    from
        public.refresh_tokens rt1_0
2026-07-12 10:28:15.049 DEBUG 14848 --- [main] org.hibernate.SQL                        : [ | ] 
    select
        u1_0.id,
        u1_0.created_at,
        u1_0.email,
        u1_0.enabled,
        u1_0.first_name,
        u1_0.last_name,
        u1_0.password_hash,
        u1_0.updated_at,
        u1_0.username 
    from
        public.users u1_0
2026-07-12 10:28:15.052 DEBUG 14848 --- [main] org.hibernate.SQL                        : [ | ] 
    select
        r1_0.id,
        r1_0.created_at,
        r1_0.description,
        r1_0.name 
    from
        public.roles r1_0
2026-07-12 10:28:15.055 DEBUG 14848 --- [main] org.hibernate.SQL                        : [ | ] 
    insert 
    into
        public.roles
        (created_at, description, name, id) 
    values
        (?, ?, ?, default)
2026-07-12 10:28:15.061 DEBUG 14848 --- [main] c.f.modules.auth.service.AuthService     : [6b203320-190b-47d3-b758-715fae57b3eb | ] Attempting to register new user: alicesmith
2026-07-12 10:28:15.063 DEBUG 14848 --- [main] org.hibernate.SQL                        : [6b203320-190b-47d3-b758-715fae57b3eb | ] 
    select
        u1_0.id 
    from
        public.users u1_0 
    where
        u1_0.username=? 
    fetch
        first ? rows only
2026-07-12 10:28:15.066 DEBUG 14848 --- [main] org.hibernate.SQL                        : [6b203320-190b-47d3-b758-715fae57b3eb | ] 
    select
        u1_0.id 
    from
        public.users u1_0 
    where
        u1_0.email=? 
    fetch
        first ? rows only
2026-07-12 10:28:15.068 DEBUG 14848 --- [main] org.hibernate.SQL                        : [6b203320-190b-47d3-b758-715fae57b3eb | ] 
    select
        r1_0.id,
        r1_0.created_at,
        r1_0.description,
        r1_0.name 
    from
        public.roles r1_0 
    where
        r1_0.name=?
2026-07-12 10:28:15.636 DEBUG 14848 --- [main] org.hibernate.SQL                        : [6b203320-190b-47d3-b758-715fae57b3eb | ] 
    insert 
    into
        public.users
        (created_at, email, enabled, first_name, last_name, password_hash, updated_at, username, id) 
    values
        (?, ?, ?, ?, ?, ?, ?, ?, default)
2026-07-12 10:28:15.638  INFO 14848 --- [main] c.f.modules.auth.service.AuthService     : [6b203320-190b-47d3-b758-715fae57b3eb | ] Successfully registered user: alicesmith with ID: 12
2026-07-12 10:28:15.645  WARN 14848 --- [main] c.f.c.exception.GlobalExceptionHandler   : [3798aad6-ffca-45d4-b399-f1f12c0bdbf3 | ] Validation failure on /api/v1/auth/login: {password=Password is required}
2026-07-12 10:28:15.658 DEBUG 14848 --- [main] org.hibernate.SQL                        : [ | ] 
    select
        rt1_0.id,
        rt1_0.created_at,
        rt1_0.expires_at,
        rt1_0.revoked,
        rt1_0.token_hash,
        rt1_0.user_id 
    from
        public.refresh_tokens rt1_0
2026-07-12 10:28:15.660 DEBUG 14848 --- [main] org.hibernate.SQL                        : [ | ] 
    select
        u1_0.id,
        u1_0.created_at,
        u1_0.email,
        u1_0.enabled,
        u1_0.first_name,
        u1_0.last_name,
        u1_0.password_hash,
        u1_0.updated_at,
        u1_0.username 
    from
        public.users u1_0
2026-07-12 10:28:15.662 DEBUG 14848 --- [main] org.hibernate.SQL                        : [ | ] 
    select
        r1_0.id,
        r1_0.created_at,
        r1_0.description,
        r1_0.name 
    from
        public.roles r1_0
2026-07-12 10:28:15.663 DEBUG 14848 --- [main] org.hibernate.SQL                        : [ | ] 
    insert 
    into
        public.roles
        (created_at, description, name, id) 
    values
        (?, ?, ?, default)
2026-07-12 10:28:15.668 DEBUG 14848 --- [main] c.f.modules.auth.service.AuthService     : [daf9c997-0544-49a5-9be1-b413c4774dbb | ] Attempting to register new user: alicesmith
2026-07-12 10:28:15.671 DEBUG 14848 --- [main] org.hibernate.SQL                        : [daf9c997-0544-49a5-9be1-b413c4774dbb | ] 
    select
        u1_0.id 
    from
        public.users u1_0 
    where
        u1_0.username=? 
    fetch
        first ? rows only
2026-07-12 10:28:15.673 DEBUG 14848 --- [main] org.hibernate.SQL                        : [daf9c997-0544-49a5-9be1-b413c4774dbb | ] 
    select
        u1_0.id 
    from
        public.users u1_0 
    where
        u1_0.email=? 
    fetch
        first ? rows only
2026-07-12 10:28:15.676 DEBUG 14848 --- [main] org.hibernate.SQL                        : [daf9c997-0544-49a5-9be1-b413c4774dbb | ] 
    select
        r1_0.id,
        r1_0.created_at,
        r1_0.description,
        r1_0.name 
    from
        public.roles r1_0 
    where
        r1_0.name=?
2026-07-12 10:28:16.202 DEBUG 14848 --- [main] org.hibernate.SQL                        : [daf9c997-0544-49a5-9be1-b413c4774dbb | ] 
    insert 
    into
        public.users
        (created_at, email, enabled, first_name, last_name, password_hash, updated_at, username, id) 
    values
        (?, ?, ?, ?, ?, ?, ?, ?, default)
2026-07-12 10:28:16.204  INFO 14848 --- [main] c.f.modules.auth.service.AuthService     : [daf9c997-0544-49a5-9be1-b413c4774dbb | ] Successfully registered user: alicesmith with ID: 13
2026-07-12 10:28:16.214 DEBUG 14848 --- [main] org.hibernate.SQL                        : [d40855d1-1aec-4de2-9da0-3de6ec7e71a9 | ] 
    select
        u1_0.id,
        u1_0.created_at,
        u1_0.email,
        u1_0.enabled,
        u1_0.first_name,
        u1_0.last_name,
        u1_0.password_hash,
        u1_0.updated_at,
        u1_0.username 
    from
        public.users u1_0 
    where
        u1_0.username=?
2026-07-12 10:28:16.219 DEBUG 14848 --- [main] org.hibernate.SQL                        : [d40855d1-1aec-4de2-9da0-3de6ec7e71a9 | ] 
    select
        u1_0.id,
        u1_0.created_at,
        u1_0.email,
        u1_0.enabled,
        u1_0.first_name,
        u1_0.last_name,
        u1_0.password_hash,
        u1_0.updated_at,
        u1_0.username 
    from
        public.users u1_0 
    where
        u1_0.email=?
2026-07-12 10:28:16.220  WARN 14848 --- [main] c.f.c.exception.GlobalExceptionHandler   : [d40855d1-1aec-4de2-9da0-3de6ec7e71a9 | ] Domain exception on /api/v1/auth/login: INVALID_CREDENTIALS - Invalid username/email or password
2026-07-12 10:28:16.233 DEBUG 14848 --- [main] org.hibernate.SQL                        : [ | ] 
    select
        rt1_0.id,
        rt1_0.created_at,
        rt1_0.expires_at,
        rt1_0.revoked,
        rt1_0.token_hash,
        rt1_0.user_id 
    from
        public.refresh_tokens rt1_0
2026-07-12 10:28:16.236 DEBUG 14848 --- [main] org.hibernate.SQL                        : [ | ] 
    select
        u1_0.id,
        u1_0.created_at,
        u1_0.email,
        u1_0.enabled,
        u1_0.first_name,
        u1_0.last_name,
        u1_0.password_hash,
        u1_0.updated_at,
        u1_0.username 
    from
        public.users u1_0
2026-07-12 10:28:16.239 DEBUG 14848 --- [main] org.hibernate.SQL                        : [ | ] 
    select
        r1_0.id,
        r1_0.created_at,
        r1_0.description,
        r1_0.name 
    from
        public.roles r1_0
2026-07-12 10:28:16.240 DEBUG 14848 --- [main] org.hibernate.SQL                        : [ | ] 
    insert 
    into
        public.roles
        (created_at, description, name, id) 
    values
        (?, ?, ?, default)
2026-07-12 10:28:16.247 DEBUG 14848 --- [main] c.f.modules.auth.service.AuthService     : [f85b4120-8243-49e4-b658-307ac32fe6e0 | ] Attempting to register new user: alicesmith
2026-07-12 10:28:16.249 DEBUG 14848 --- [main] org.hibernate.SQL                        : [f85b4120-8243-49e4-b658-307ac32fe6e0 | ] 
    select
        u1_0.id 
    from
        public.users u1_0 
    where
        u1_0.username=? 
    fetch
        first ? rows only
2026-07-12 10:28:16.253 DEBUG 14848 --- [main] org.hibernate.SQL                        : [f85b4120-8243-49e4-b658-307ac32fe6e0 | ] 
    select
        u1_0.id 
    from
        public.users u1_0 
    where
        u1_0.email=? 
    fetch
        first ? rows only
2026-07-12 10:28:16.257 DEBUG 14848 --- [main] org.hibernate.SQL                        : [f85b4120-8243-49e4-b658-307ac32fe6e0 | ] 
    select
        r1_0.id,
        r1_0.created_at,
        r1_0.description,
        r1_0.name 
    from
        public.roles r1_0 
    where
        r1_0.name=?
2026-07-12 10:28:16.780 DEBUG 14848 --- [main] org.hibernate.SQL                        : [f85b4120-8243-49e4-b658-307ac32fe6e0 | ] 
    insert 
    into
        public.users
        (created_at, email, enabled, first_name, last_name, password_hash, updated_at, username, id) 
    values
        (?, ?, ?, ?, ?, ?, ?, ?, default)
2026-07-12 10:28:16.780  INFO 14848 --- [main] c.f.modules.auth.service.AuthService     : [f85b4120-8243-49e4-b658-307ac32fe6e0 | ] Successfully registered user: alicesmith with ID: 14
2026-07-12 10:28:16.788 DEBUG 14848 --- [main] org.hibernate.SQL                        : [3ab67e22-f312-46c2-a716-0cd87e3615ae | ] 
    select
        u1_0.id,
        u1_0.created_at,
        u1_0.email,
        u1_0.enabled,
        u1_0.first_name,
        u1_0.last_name,
        u1_0.password_hash,
        u1_0.updated_at,
        u1_0.username 
    from
        public.users u1_0 
    where
        u1_0.username=?
2026-07-12 10:28:16.795 DEBUG 14848 --- [main] org.hibernate.SQL                        : [3ab67e22-f312-46c2-a716-0cd87e3615ae | ] 
    select
        u1_0.id,
        u1_0.created_at,
        u1_0.email,
        u1_0.enabled,
        u1_0.first_name,
        u1_0.last_name,
        u1_0.password_hash,
        u1_0.updated_at,
        u1_0.username 
    from
        public.users u1_0 
    where
        u1_0.email=?
2026-07-12 10:28:16.796 DEBUG 14848 --- [main] org.hibernate.SQL                        : [3ab67e22-f312-46c2-a716-0cd87e3615ae | ] 
    select
        u1_0.id,
        u1_0.created_at,
        u1_0.email,
        u1_0.enabled,
        u1_0.first_name,
        u1_0.last_name,
        u1_0.password_hash,
        u1_0.updated_at,
        u1_0.username 
    from
        public.users u1_0 
    where
        u1_0.username=?
2026-07-12 10:28:17.325 DEBUG 14848 --- [main] org.hibernate.SQL                        : [3ab67e22-f312-46c2-a716-0cd87e3615ae | ] 
    delete 
    from
        public.refresh_tokens rt1_0 
    where
        rt1_0.expires_at<?
2026-07-12 10:28:17.325 DEBUG 14848 --- [main] org.hibernate.SQL                        : [3ab67e22-f312-46c2-a716-0cd87e3615ae | ] 
    insert 
    into
        public.refresh_tokens
        (created_at, expires_at, revoked, token_hash, user_id, id) 
    values
        (?, ?, ?, ?, ?, default)
2026-07-12 10:28:17.325  INFO 14848 --- [main] c.f.modules.auth.service.AuthService     : [3ab67e22-f312-46c2-a716-0cd87e3615ae | ] User 'alicesmith' (ID: 14) logged in successfully
2026-07-12 10:28:17.344 DEBUG 14848 --- [main] org.hibernate.SQL                        : [ | ] 
    select
        rt1_0.id,
        rt1_0.created_at,
        rt1_0.expires_at,
        rt1_0.revoked,
        rt1_0.token_hash,
        rt1_0.user_id 
    from
        public.refresh_tokens rt1_0
2026-07-12 10:28:17.347 DEBUG 14848 --- [main] org.hibernate.SQL                        : [ | ] 
    select
        u1_0.id,
        u1_0.created_at,
        u1_0.email,
        u1_0.enabled,
        u1_0.first_name,
        u1_0.last_name,
        u1_0.password_hash,
        u1_0.updated_at,
        u1_0.username 
    from
        public.users u1_0
2026-07-12 10:28:17.348 DEBUG 14848 --- [main] org.hibernate.SQL                        : [ | ] 
    select
        r1_0.id,
        r1_0.created_at,
        r1_0.description,
        r1_0.name 
    from
        public.roles r1_0
2026-07-12 10:28:17.350 DEBUG 14848 --- [main] org.hibernate.SQL                        : [ | ] 
    insert 
    into
        public.roles
        (created_at, description, name, id) 
    values
        (?, ?, ?, default)
2026-07-12 10:28:17.356 DEBUG 14848 --- [main] c.f.modules.auth.service.AuthService     : [a055cdaa-b794-4cc8-8fc3-bc04b9e4c0e0 | ] Attempting to register new user: alicesmith
2026-07-12 10:28:17.356 DEBUG 14848 --- [main] org.hibernate.SQL                        : [a055cdaa-b794-4cc8-8fc3-bc04b9e4c0e0 | ] 
    select
        u1_0.id 
    from
        public.users u1_0 
    where
        u1_0.username=? 
    fetch
        first ? rows only
2026-07-12 10:28:17.356 DEBUG 14848 --- [main] org.hibernate.SQL                        : [a055cdaa-b794-4cc8-8fc3-bc04b9e4c0e0 | ] 
    select
        u1_0.id 
    from
        public.users u1_0 
    where
        u1_0.email=? 
    fetch
        first ? rows only
2026-07-12 10:28:17.364 DEBUG 14848 --- [main] org.hibernate.SQL                        : [a055cdaa-b794-4cc8-8fc3-bc04b9e4c0e0 | ] 
    select
        r1_0.id,
        r1_0.created_at,
        r1_0.description,
        r1_0.name 
    from
        public.roles r1_0 
    where
        r1_0.name=?
2026-07-12 10:28:17.897 DEBUG 14848 --- [main] org.hibernate.SQL                        : [a055cdaa-b794-4cc8-8fc3-bc04b9e4c0e0 | ] 
    insert 
    into
        public.users
        (created_at, email, enabled, first_name, last_name, password_hash, updated_at, username, id) 
    values
        (?, ?, ?, ?, ?, ?, ?, ?, default)
2026-07-12 10:28:17.897  INFO 14848 --- [main] c.f.modules.auth.service.AuthService     : [a055cdaa-b794-4cc8-8fc3-bc04b9e4c0e0 | ] Successfully registered user: alicesmith with ID: 15
2026-07-12 10:28:17.910 DEBUG 14848 --- [main] org.hibernate.SQL                        : [57450b4a-4c29-478c-8833-144c85102836 | ] 
    select
        u1_0.id,
        u1_0.created_at,
        u1_0.email,
        u1_0.enabled,
        u1_0.first_name,
        u1_0.last_name,
        u1_0.password_hash,
        u1_0.updated_at,
        u1_0.username 
    from
        public.users u1_0 
    where
        u1_0.username=?
2026-07-12 10:28:17.913 DEBUG 14848 --- [main] org.hibernate.SQL                        : [57450b4a-4c29-478c-8833-144c85102836 | ] 
    select
        u1_0.id,
        u1_0.created_at,
        u1_0.email,
        u1_0.enabled,
        u1_0.first_name,
        u1_0.last_name,
        u1_0.password_hash,
        u1_0.updated_at,
        u1_0.username 
    from
        public.users u1_0 
    where
        u1_0.username=?
2026-07-12 10:28:18.449 DEBUG 14848 --- [main] org.hibernate.SQL                        : [57450b4a-4c29-478c-8833-144c85102836 | ] 
    delete 
    from
        public.refresh_tokens rt1_0 
    where
        rt1_0.expires_at<?
2026-07-12 10:28:18.450 DEBUG 14848 --- [main] org.hibernate.SQL                        : [57450b4a-4c29-478c-8833-144c85102836 | ] 
    insert 
    into
        public.refresh_tokens
        (created_at, expires_at, revoked, token_hash, user_id, id) 
    values
        (?, ?, ?, ?, ?, default)
2026-07-12 10:28:18.452  INFO 14848 --- [main] c.f.modules.auth.service.AuthService     : [57450b4a-4c29-478c-8833-144c85102836 | ] User 'alicesmith' (ID: 15) logged in successfully
2026-07-12 10:28:18.465 DEBUG 14848 --- [main] org.hibernate.SQL                        : [ | ] 
    select
        rt1_0.id,
        rt1_0.created_at,
        rt1_0.expires_at,
        rt1_0.revoked,
        rt1_0.token_hash,
        rt1_0.user_id 
    from
        public.refresh_tokens rt1_0
2026-07-12 10:28:18.468 DEBUG 14848 --- [main] org.hibernate.SQL                        : [ | ] 
    select
        u1_0.id,
        u1_0.created_at,
        u1_0.email,
        u1_0.enabled,
        u1_0.first_name,
        u1_0.last_name,
        u1_0.password_hash,
        u1_0.updated_at,
        u1_0.username 
    from
        public.users u1_0
2026-07-12 10:28:18.469 DEBUG 14848 --- [main] org.hibernate.SQL                        : [ | ] 
    select
        r1_0.id,
        r1_0.created_at,
        r1_0.description,
        r1_0.name 
    from
        public.roles r1_0
2026-07-12 10:28:18.471 DEBUG 14848 --- [main] org.hibernate.SQL                        : [ | ] 
    insert 
    into
        public.roles
        (created_at, description, name, id) 
    values
        (?, ?, ?, default)
2026-07-12 10:28:18.475 DEBUG 14848 --- [main] c.f.modules.auth.service.AuthService     : [32688619-2a29-4478-9b90-d6525bf1b8b6 | ] Attempting to register new user: alicesmith
2026-07-12 10:28:18.477 DEBUG 14848 --- [main] org.hibernate.SQL                        : [32688619-2a29-4478-9b90-d6525bf1b8b6 | ] 
    select
        u1_0.id 
    from
        public.users u1_0 
    where
        u1_0.username=? 
    fetch
        first ? rows only
2026-07-12 10:28:18.479 DEBUG 14848 --- [main] org.hibernate.SQL                        : [32688619-2a29-4478-9b90-d6525bf1b8b6 | ] 
    select
        u1_0.id 
    from
        public.users u1_0 
    where
        u1_0.email=? 
    fetch
        first ? rows only
2026-07-12 10:28:18.482 DEBUG 14848 --- [main] org.hibernate.SQL                        : [32688619-2a29-4478-9b90-d6525bf1b8b6 | ] 
    select
        r1_0.id,
        r1_0.created_at,
        r1_0.description,
        r1_0.name 
    from
        public.roles r1_0 
    where
        r1_0.name=?
2026-07-12 10:28:19.013 DEBUG 14848 --- [main] org.hibernate.SQL                        : [32688619-2a29-4478-9b90-d6525bf1b8b6 | ] 
    insert 
    into
        public.users
        (created_at, email, enabled, first_name, last_name, password_hash, updated_at, username, id) 
    values
        (?, ?, ?, ?, ?, ?, ?, ?, default)
2026-07-12 10:28:19.016  INFO 14848 --- [main] c.f.modules.auth.service.AuthService     : [32688619-2a29-4478-9b90-d6525bf1b8b6 | ] Successfully registered user: alicesmith with ID: 16
2026-07-12 10:28:19.028 DEBUG 14848 --- [main] org.hibernate.SQL                        : [31317831-dbd9-4e42-9a94-1d716517a132 | ] 
    select
        u1_0.id,
        u1_0.created_at,
        u1_0.email,
        u1_0.enabled,
        u1_0.first_name,
        u1_0.last_name,
        u1_0.password_hash,
        u1_0.updated_at,
        u1_0.username 
    from
        public.users u1_0 
    where
        u1_0.username=?
2026-07-12 10:28:19.034 DEBUG 14848 --- [main] org.hibernate.SQL                        : [31317831-dbd9-4e42-9a94-1d716517a132 | ] 
    select
        u1_0.id,
        u1_0.created_at,
        u1_0.email,
        u1_0.enabled,
        u1_0.first_name,
        u1_0.last_name,
        u1_0.password_hash,
        u1_0.updated_at,
        u1_0.username 
    from
        public.users u1_0 
    where
        u1_0.username=?
2026-07-12 10:28:19.571 DEBUG 14848 --- [main] c.f.modules.auth.service.AuthService     : [31317831-dbd9-4e42-9a94-1d716517a132 | ] Authentication failure for identifier 'alicesmith': BadCredentialsException
2026-07-12 10:28:19.572  WARN 14848 --- [main] c.f.c.exception.GlobalExceptionHandler   : [31317831-dbd9-4e42-9a94-1d716517a132 | ] Domain exception on /api/v1/auth/login: INVALID_CREDENTIALS - Invalid username/email or password
2026-07-12 10:28:19.810  INFO 14848 --- [main] c.f.m.a.repository.RoleRepositoryTest    : [ | ] Starting RoleRepositoryTest using Java 21.0.11 with PID 14848 (started by varun in C:\Users\varun\OneDrive\Documents\flutter1\Forgemind\ForgeMind\backend)
2026-07-12 10:28:19.810 DEBUG 14848 --- [main] c.f.m.a.repository.RoleRepositoryTest    : [ | ] Running with Spring Boot v3.3.1, Spring v6.1.10
2026-07-12 10:28:19.810  INFO 14848 --- [main] c.f.m.a.repository.RoleRepositoryTest    : [ | ] The following 1 profile is active: "test"
2026-07-12 10:28:20.719 DEBUG 14848 --- [main] org.hibernate.SQL                        : [ | ] 
    drop table if exists public.activities cascade 
2026-07-12 10:28:20.721 DEBUG 14848 --- [main] org.hibernate.SQL                        : [ | ] 
    drop table if exists public.knowledge_chunks cascade 
2026-07-12 10:28:20.721 DEBUG 14848 --- [main] org.hibernate.SQL                        : [ | ] 
    drop table if exists public.knowledge_documents cascade 
2026-07-12 10:28:20.722 DEBUG 14848 --- [main] org.hibernate.SQL                        : [ | ] 
    drop table if exists public.projects cascade 
2026-07-12 10:28:20.722 DEBUG 14848 --- [main] org.hibernate.SQL                        : [ | ] 
    drop table if exists public.refresh_tokens cascade 
2026-07-12 10:28:20.722 DEBUG 14848 --- [main] org.hibernate.SQL                        : [ | ] 
    drop table if exists public.roles cascade 
2026-07-12 10:28:20.722 DEBUG 14848 --- [main] org.hibernate.SQL                        : [ | ] 
    drop table if exists public.tasks cascade 
2026-07-12 10:28:20.723 DEBUG 14848 --- [main] org.hibernate.SQL                        : [ | ] 
    drop table if exists public.team_members cascade 
2026-07-12 10:28:20.723 DEBUG 14848 --- [main] org.hibernate.SQL                        : [ | ] 
    drop table if exists public.teams cascade 
2026-07-12 10:28:20.723 DEBUG 14848 --- [main] org.hibernate.SQL                        : [ | ] 
    drop table if exists public.user_roles cascade 
2026-07-12 10:28:20.723 DEBUG 14848 --- [main] org.hibernate.SQL                        : [ | ] 
    drop table if exists public.users cascade 
2026-07-12 10:28:20.724 DEBUG 14848 --- [main] org.hibernate.SQL                        : [ | ] 
    create table public.activities (
        actor_id bigint not null,
        created_at timestamp(6) with time zone not null,
        id uuid not null,
        project_id uuid,
        task_id uuid,
        team_id uuid,
        message TEXT not null,
        metadata TEXT,
        activity_type enum ('PROJECT_CREATED','PROJECT_DELETED','PROJECT_UPDATED','TASK_ASSIGNED','TASK_COMPLETED','TASK_CREATED','TASK_DELETED','TASK_STATUS_CHANGED','TASK_UPDATED','TEAM_CREATED','TEAM_MEMBER_ADDED','TEAM_MEMBER_REMOVED','USER_UPDATED') not null,
        primary key (id)
    )
2026-07-12 10:28:20.727 DEBUG 14848 --- [main] org.hibernate.SQL                        : [ | ] 
    create table public.knowledge_chunks (
        chunk_index integer not null,
        created_at timestamp(6) with time zone not null,
        document_id uuid not null,
        id uuid not null,
        project_id uuid not null,
        chunk_text TEXT not null,
        metadata JSONB,
        source_id varchar(255) not null,
        source_type enum ('ACTIVITY','DOCUMENTATION','PROJECT','TASK','TEAM') not null,
        primary key (id)
    )
2026-07-12 10:28:20.729  WARN 14848 --- [main] o.h.t.s.i.ExceptionHandlerLoggedImpl     : [ | ] GenerationTarget encountered exception accepting command : Error executing DDL "
    create table public.knowledge_chunks (
        chunk_index integer not null,
        created_at timestamp(6) with time zone not null,
        document_id uuid not null,
        id uuid not null,
        project_id uuid not null,
        chunk_text TEXT not null,
        metadata JSONB,
        source_id varchar(255) not null,
        source_type enum ('ACTIVITY','DOCUMENTATION','PROJECT','TASK','TEAM') not null,
        primary key (id)
    )" via JDBC [Unknown data type: "JSONB";]

org.hibernate.tool.schema.spi.CommandAcceptanceException: Error executing DDL "
    create table public.knowledge_chunks (
        chunk_index integer not null,
        created_at timestamp(6) with time zone not null,
        document_id uuid not null,
        id uuid not null,
        project_id uuid not null,
        chunk_text TEXT not null,
        metadata JSONB,
        source_id varchar(255) not null,
        source_type enum ('ACTIVITY','DOCUMENTATION','PROJECT','TASK','TEAM') not null,
        primary key (id)
    )" via JDBC [Unknown data type: "JSONB";]
	at org.hibernate.tool.schema.internal.exec.GenerationTargetToDatabase.accept(GenerationTargetToDatabase.java:94)
	at org.hibernate.tool.schema.internal.Helper.applySqlString(Helper.java:233)
	at org.hibernate.tool.schema.internal.Helper.applySqlStrings(Helper.java:217)
	at org.hibernate.tool.schema.internal.SchemaCreatorImpl.createTables(SchemaCreatorImpl.java:428)
	at org.hibernate.tool.schema.internal.SchemaCreatorImpl.createSequencesTablesConstraints(SchemaCreatorImpl.java:344)
	at org.hibernate.tool.schema.internal.SchemaCreatorImpl.createFromMetadata(SchemaCreatorImpl.java:239)
	at org.hibernate.tool.schema.internal.SchemaCreatorImpl.performCreation(SchemaCreatorImpl.java:172)
	at org.hibernate.tool.schema.internal.SchemaCreatorImpl.doCreation(SchemaCreatorImpl.java:142)
	at org.hibernate.tool.schema.internal.SchemaCreatorImpl.doCreation(SchemaCreatorImpl.java:118)
	at org.hibernate.tool.schema.spi.SchemaManagementToolCoordinator.performDatabaseAction(SchemaManagementToolCoordinator.java:250)
	at org.hibernate.tool.schema.spi.SchemaManagementToolCoordinator.lambda$process$5(SchemaManagementToolCoordinator.java:144)
	at java.base/java.util.HashMap.forEach(HashMap.java:1429)
	at org.hibernate.tool.schema.spi.SchemaManagementToolCoordinator.process(SchemaManagementToolCoordinator.java:141)
	at org.hibernate.boot.internal.SessionFactoryObserverForSchemaExport.sessionFactoryCreated(SessionFactoryObserverForSchemaExport.java:37)
	at org.hibernate.internal.SessionFactoryObserverChain.sessionFactoryCreated(SessionFactoryObserverChain.java:35)
	at org.hibernate.internal.SessionFactoryImpl.<init>(SessionFactoryImpl.java:322)
	at org.hibernate.boot.internal.SessionFactoryBuilderImpl.build(SessionFactoryBuilderImpl.java:457)
	at org.hibernate.jpa.boot.internal.EntityManagerFactoryBuilderImpl.build(EntityManagerFactoryBuilderImpl.java:1506)
	at org.springframework.orm.jpa.vendor.SpringHibernateJpaPersistenceProvider.createContainerEntityManagerFactory(SpringHibernateJpaPersistenceProvider.java:75)
	at org.springframework.orm.jpa.LocalContainerEntityManagerFactoryBean.createNativeEntityManagerFactory(LocalContainerEntityManagerFactoryBean.java:390)
	at org.springframework.orm.jpa.AbstractEntityManagerFactoryBean.buildNativeEntityManagerFactory(AbstractEntityManagerFactoryBean.java:409)
	at org.springframework.orm.jpa.AbstractEntityManagerFactoryBean.afterPropertiesSet(AbstractEntityManagerFactoryBean.java:396)
	at org.springframework.orm.jpa.LocalContainerEntityManagerFactoryBean.afterPropertiesSet(LocalContainerEntityManagerFactoryBean.java:366)
	at org.springframework.beans.factory.support.AbstractAutowireCapableBeanFactory.invokeInitMethods(AbstractAutowireCapableBeanFactory.java:1835)
	at org.springframework.beans.factory.support.AbstractAutowireCapableBeanFactory.initializeBean(AbstractAutowireCapableBeanFactory.java:1784)
	at org.springframework.beans.factory.support.AbstractAutowireCapableBeanFactory.doCreateBean(AbstractAutowireCapableBeanFactory.java:600)
	at org.springframework.beans.factory.support.AbstractAutowireCapableBeanFactory.createBean(AbstractAutowireCapableBeanFactory.java:522)
	at org.springframework.beans.factory.support.AbstractBeanFactory.lambda$doGetBean$0(AbstractBeanFactory.java:337)
	at org.springframework.beans.factory.support.DefaultSingletonBeanRegistry.getSingleton(DefaultSingletonBeanRegistry.java:234)
	at org.springframework.beans.factory.support.AbstractBeanFactory.doGetBean(AbstractBeanFactory.java:335)
	at org.springframework.beans.factory.support.AbstractBeanFactory.getBean(AbstractBeanFactory.java:205)
	at org.springframework.context.support.AbstractApplicationContext.finishBeanFactoryInitialization(AbstractApplicationContext.java:952)
	at org.springframework.context.support.AbstractApplicationContext.refresh(AbstractApplicationContext.java:624)
	at org.springframework.boot.SpringApplication.refresh(SpringApplication.java:754)
	at org.springframework.boot.SpringApplication.refreshContext(SpringApplication.java:456)
	at org.springframework.boot.SpringApplication.run(SpringApplication.java:335)
	at org.springframework.boot.test.context.SpringBootContextLoader.lambda$loadContext$3(SpringBootContextLoader.java:137)
	at org.springframework.util.function.ThrowingSupplier.get(ThrowingSupplier.java:58)
	at org.springframework.util.function.ThrowingSupplier.get(ThrowingSupplier.java:46)
	at org.springframework.boot.SpringApplication.withHook(SpringApplication.java:1463)
	at org.springframework.boot.test.context.SpringBootContextLoader$ContextLoaderHook.run(SpringBootContextLoader.java:553)
	at org.springframework.boot.test.context.SpringBootContextLoader.loadContext(SpringBootContextLoader.java:137)
	at org.springframework.boot.test.context.SpringBootContextLoader.loadContext(SpringBootContextLoader.java:108)
	at org.springframework.test.context.cache.DefaultCacheAwareContextLoaderDelegate.loadContextInternal(DefaultCacheAwareContextLoaderDelegate.java:225)
	at org.springframework.test.context.cache.DefaultCacheAwareContextLoaderDelegate.loadContext(DefaultCacheAwareContextLoaderDelegate.java:152)
	at org.springframework.test.context.support.DefaultTestContext.getApplicationContext(DefaultTestContext.java:130)
	at org.springframework.test.context.support.DependencyInjectionTestExecutionListener.injectDependencies(DependencyInjectionTestExecutionListener.java:142)
	at org.springframework.test.context.support.DependencyInjectionTestExecutionListener.prepareTestInstance(DependencyInjectionTestExecutionListener.java:98)
	at org.springframework.test.context.TestContextManager.prepareTestInstance(TestContextManager.java:260)
	at org.springframework.test.context.junit.jupiter.SpringExtension.postProcessTestInstance(SpringExtension.java:163)
	at org.junit.jupiter.engine.descriptor.ClassBasedTestDescriptor.lambda$invokeTestInstancePostProcessors$10(ClassBasedTestDescriptor.java:378)
	at org.junit.jupiter.engine.descriptor.ClassBasedTestDescriptor.executeAndMaskThrowable(ClassBasedTestDescriptor.java:383)
	at org.junit.jupiter.engine.descriptor.ClassBasedTestDescriptor.lambda$invokeTestInstancePostProcessors$11(ClassBasedTestDescriptor.java:378)
	at java.base/java.util.stream.ReferencePipeline$3$1.accept(ReferencePipeline.java:197)
	at java.base/java.util.stream.ReferencePipeline$2$1.accept(ReferencePipeline.java:179)
	at java.base/java.util.ArrayList$ArrayListSpliterator.forEachRemaining(ArrayList.java:1708)
	at java.base/java.util.stream.AbstractPipeline.copyInto(AbstractPipeline.java:509)
	at java.base/java.util.stream.AbstractPipeline.wrapAndCopyInto(AbstractPipeline.java:499)
	at java.base/java.util.stream.StreamSpliterators$WrappingSpliterator.forEachRemaining(StreamSpliterators.java:310)
	at java.base/java.util.stream.Streams$ConcatSpliterator.forEachRemaining(Streams.java:735)
	at java.base/java.util.stream.Streams$ConcatSpliterator.forEachRemaining(Streams.java:734)
	at java.base/java.util.stream.ReferencePipeline$Head.forEach(ReferencePipeline.java:762)
	at org.junit.jupiter.engine.descriptor.ClassBasedTestDescriptor.invokeTestInstancePostProcessors(ClassBasedTestDescriptor.java:377)
	at org.junit.jupiter.engine.descriptor.ClassBasedTestDescriptor.lambda$instantiateAndPostProcessTestInstance$6(ClassBasedTestDescriptor.java:290)
	at org.junit.platform.engine.support.hierarchical.ThrowableCollector.execute(ThrowableCollector.java:73)
	at org.junit.jupiter.engine.descriptor.ClassBasedTestDescriptor.instantiateAndPostProcessTestInstance(ClassBasedTestDescriptor.java:289)
	at org.junit.jupiter.engine.descriptor.ClassBasedTestDescriptor.lambda$testInstancesProvider$4(ClassBasedTestDescriptor.java:279)
	at java.base/java.util.Optional.orElseGet(Optional.java:364)
	at org.junit.jupiter.engine.descriptor.ClassBasedTestDescriptor.lambda$testInstancesProvider$5(ClassBasedTestDescriptor.java:278)
	at org.junit.jupiter.engine.execution.TestInstancesProvider.getTestInstances(TestInstancesProvider.java:31)
	at org.junit.jupiter.engine.descriptor.TestMethodTestDescriptor.lambda$prepare$0(TestMethodTestDescriptor.java:106)
	at org.junit.platform.engine.support.hierarchical.ThrowableCollector.execute(ThrowableCollector.java:73)
	at org.junit.jupiter.engine.descriptor.TestMethodTestDescriptor.prepare(TestMethodTestDescriptor.java:105)
	at org.junit.jupiter.engine.descriptor.TestMethodTestDescriptor.prepare(TestMethodTestDescriptor.java:69)
	at org.junit.platform.engine.support.hierarchical.NodeTestTask.lambda$prepare$2(NodeTestTask.java:123)
	at org.junit.platform.engine.support.hierarchical.ThrowableCollector.execute(ThrowableCollector.java:73)
	at org.junit.platform.engine.support.hierarchical.NodeTestTask.prepare(NodeTestTask.java:123)
	at org.junit.platform.engine.support.hierarchical.NodeTestTask.execute(NodeTestTask.java:90)
	at java.base/java.util.ArrayList.forEach(ArrayList.java:1596)
	at org.junit.platform.engine.support.hierarchical.SameThreadHierarchicalTestExecutorService.invokeAll(SameThreadHierarchicalTestExecutorService.java:41)
	at org.junit.platform.engine.support.hierarchical.NodeTestTask.lambda$executeRecursively$6(NodeTestTask.java:155)
	at org.junit.platform.engine.support.hierarchical.ThrowableCollector.execute(ThrowableCollector.java:73)
	at org.junit.platform.engine.support.hierarchical.NodeTestTask.lambda$executeRecursively$8(NodeTestTask.java:141)
	at org.junit.platform.engine.support.hierarchical.Node.around(Node.java:137)
	at org.junit.platform.engine.support.hierarchical.NodeTestTask.lambda$executeRecursively$9(NodeTestTask.java:139)
	at org.junit.platform.engine.support.hierarchical.ThrowableCollector.execute(ThrowableCollector.java:73)
	at org.junit.platform.engine.support.hierarchical.NodeTestTask.executeRecursively(NodeTestTask.java:138)
	at org.junit.platform.engine.support.hierarchical.NodeTestTask.execute(NodeTestTask.java:95)
	at java.base/java.util.ArrayList.forEach(ArrayList.java:1596)
	at org.junit.platform.engine.support.hierarchical.SameThreadHierarchicalTestExecutorService.invokeAll(SameThreadHierarchicalTestExecutorService.java:41)
	at org.junit.platform.engine.support.hierarchical.NodeTestTask.lambda$executeRecursively$6(NodeTestTask.java:155)
	at org.junit.platform.engine.support.hierarchical.ThrowableCollector.execute(ThrowableCollector.java:73)
	at org.junit.platform.engine.support.hierarchical.NodeTestTask.lambda$executeRecursively$8(NodeTestTask.java:141)
	at org.junit.platform.engine.support.hierarchical.Node.around(Node.java:137)
	at org.junit.platform.engine.support.hierarchical.NodeTestTask.lambda$executeRecursively$9(NodeTestTask.java:139)
	at org.junit.platform.engine.support.hierarchical.ThrowableCollector.execute(ThrowableCollector.java:73)
	at org.junit.platform.engine.support.hierarchical.NodeTestTask.executeRecursively(NodeTestTask.java:138)
	at org.junit.platform.engine.support.hierarchical.NodeTestTask.execute(NodeTestTask.java:95)
	at org.junit.platform.engine.support.hierarchical.SameThreadHierarchicalTestExecutorService.submit(SameThreadHierarchicalTestExecutorService.java:35)
	at org.junit.platform.engine.support.hierarchical.HierarchicalTestExecutor.execute(HierarchicalTestExecutor.java:57)
	at org.junit.platform.engine.support.hierarchical.HierarchicalTestEngine.execute(HierarchicalTestEngine.java:54)
	at org.junit.platform.launcher.core.EngineExecutionOrchestrator.execute(EngineExecutionOrchestrator.java:198)
	at org.junit.platform.launcher.core.EngineExecutionOrchestrator.execute(EngineExecutionOrchestrator.java:169)
	at org.junit.platform.launcher.core.EngineExecutionOrchestrator.execute(EngineExecutionOrchestrator.java:93)
	at org.junit.platform.launcher.core.EngineExecutionOrchestrator.lambda$execute$0(EngineExecutionOrchestrator.java:58)
	at org.junit.platform.launcher.core.EngineExecutionOrchestrator.withInterceptedStreams(EngineExecutionOrchestrator.java:141)
	at org.junit.platform.launcher.core.EngineExecutionOrchestrator.execute(EngineExecutionOrchestrator.java:57)
	at org.junit.platform.launcher.core.DefaultLauncher.execute(DefaultLauncher.java:103)
	at org.junit.platform.launcher.core.DefaultLauncher.execute(DefaultLauncher.java:85)
	at org.junit.platform.launcher.core.DelegatingLauncher.execute(DelegatingLauncher.java:47)
	at org.apache.maven.surefire.junitplatform.LazyLauncher.execute(LazyLauncher.java:56)
	at org.apache.maven.surefire.junitplatform.JUnitPlatformProvider.execute(JUnitPlatformProvider.java:184)
	at org.apache.maven.surefire.junitplatform.JUnitPlatformProvider.invokeAllTests(JUnitPlatformProvider.java:148)
	at org.apache.maven.surefire.junitplatform.JUnitPlatformProvider.invoke(JUnitPlatformProvider.java:122)
	at org.apache.maven.surefire.booter.ForkedBooter.runSuitesInProcess(ForkedBooter.java:385)
	at org.apache.maven.surefire.booter.ForkedBooter.execute(ForkedBooter.java:162)
	at org.apache.maven.surefire.booter.ForkedBooter.run(ForkedBooter.java:507)
	at org.apache.maven.surefire.booter.ForkedBooter.main(ForkedBooter.java:495)
Caused by: org.h2.jdbc.JdbcSQLNonTransientException: Unknown data type: "JSONB"; SQL statement:

    create table public.knowledge_chunks (
        chunk_index integer not null,
        created_at timestamp(6) with time zone not null,
        document_id uuid not null,
        id uuid not null,
        project_id uuid not null,
        chunk_text TEXT not null,
        metadata JSONB,
        source_id varchar(255) not null,
        source_type enum ('ACTIVITY','DOCUMENTATION','PROJECT','TASK','TEAM') not null,
        primary key (id)
    ) [50004-224]
	at org.h2.message.DbException.getJdbcSQLException(DbException.java:566)
	at org.h2.message.DbException.getJdbcSQLException(DbException.java:489)
	at org.h2.message.DbException.get(DbException.java:223)
	at org.h2.message.DbException.get(DbException.java:199)
	at org.h2.command.Parser.readIfDataType1(Parser.java:5866)
	at org.h2.command.Parser.readIfDataType(Parser.java:5704)
	at org.h2.command.Parser.parseColumnWithType(Parser.java:5686)
	at org.h2.command.Parser.parseColumnForTable(Parser.java:5565)
	at org.h2.command.Parser.parseTableColumnDefinition(Parser.java:8999)
	at org.h2.command.Parser.parseCreateTable(Parser.java:8939)
	at org.h2.command.Parser.parseCreate(Parser.java:6404)
	at org.h2.command.Parser.parsePrepared(Parser.java:666)
	at org.h2.command.Parser.parse(Parser.java:592)
	at org.h2.command.Parser.parse(Parser.java:564)
	at org.h2.command.Parser.prepareCommand(Parser.java:483)
	at org.h2.engine.SessionLocal.prepareLocal(SessionLocal.java:639)
	at org.h2.engine.SessionLocal.prepareCommand(SessionLocal.java:559)
	at org.h2.jdbc.JdbcConnection.prepareCommand(JdbcConnection.java:1166)
	at org.h2.jdbc.JdbcStatement.executeInternal(JdbcStatement.java:245)
	at org.h2.jdbc.JdbcStatement.execute(JdbcStatement.java:231)
	at org.hibernate.tool.schema.internal.exec.GenerationTargetToDatabase.accept(GenerationTargetToDatabase.java:80)
	... 117 common frames omitted

2026-07-12 10:28:20.732 DEBUG 14848 --- [main] org.hibernate.SQL                        : [ | ] 
    create table public.knowledge_documents (
        chunk_count integer not null,
        created_at timestamp(6) with time zone not null,
        indexed_at timestamp(6) with time zone not null,
        updated_at timestamp(6) with time zone not null,
        id uuid not null,
        project_id uuid not null,
        checksum varchar(64),
        title varchar(500),
        source_id varchar(255) not null,
        source_type enum ('ACTIVITY','DOCUMENTATION','PROJECT','TASK','TEAM') not null,
        primary key (id)
    )
2026-07-12 10:28:20.734 DEBUG 14848 --- [main] org.hibernate.SQL                        : [ | ] 
    create table public.projects (
        created_at timestamp(6) with time zone not null,
        owner_id bigint not null,
        updated_at timestamp(6) with time zone not null,
        id uuid not null,
        name varchar(100) not null,
        description TEXT,
        status enum ('ACTIVE','ARCHIVED','COMPLETED') not null,
        primary key (id)
    )
2026-07-12 10:28:20.736 DEBUG 14848 --- [main] org.hibernate.SQL                        : [ | ] 
    create table public.refresh_tokens (
        revoked boolean not null,
        created_at timestamp(6) with time zone not null,
        expires_at timestamp(6) with time zone not null,
        id bigint generated by default as identity,
        user_id bigint not null,
        token_hash varchar(255) not null unique,
        primary key (id)
    )
2026-07-12 10:28:20.738 DEBUG 14848 --- [main] org.hibernate.SQL                        : [ | ] 
    create table public.roles (
        created_at timestamp(6) with time zone not null,
        id bigint generated by default as identity,
        name varchar(50) not null unique,
        description varchar(255),
        primary key (id)
    )
2026-07-12 10:28:20.739 DEBUG 14848 --- [main] org.hibernate.SQL                        : [ | ] 
    create table public.tasks (
        assignee_id bigint,
        created_at timestamp(6) with time zone not null,
        created_by bigint not null,
        due_date timestamp(6) with time zone,
        updated_at timestamp(6) with time zone not null,
        id uuid not null,
        project_id uuid not null,
        description TEXT,
        title varchar(255) not null,
        priority enum ('CRITICAL','HIGH','LOW','MEDIUM') not null,
        status enum ('BLOCKED','DONE','IN_PROGRESS','IN_REVIEW','TODO') not null,
        primary key (id)
    )
2026-07-12 10:28:20.741 DEBUG 14848 --- [main] org.hibernate.SQL                        : [ | ] 
    create table public.team_members (
        joined_at timestamp(6) with time zone not null,
        user_id bigint not null,
        id uuid not null,
        team_id uuid not null,
        role enum ('ADMIN','MEMBER','OWNER') not null,
        primary key (id),
        unique (team_id, user_id)
    )
2026-07-12 10:28:20.743 DEBUG 14848 --- [main] org.hibernate.SQL                        : [ | ] 
    create table public.teams (
        created_at timestamp(6) with time zone not null,
        updated_at timestamp(6) with time zone not null,
        id uuid not null,
        description TEXT,
        name varchar(255) not null,
        primary key (id)
    )
2026-07-12 10:28:20.743 DEBUG 14848 --- [main] org.hibernate.SQL                        : [ | ] 
    create table public.user_roles (
        role_id bigint not null,
        user_id bigint not null,
        primary key (role_id, user_id)
    )
2026-07-12 10:28:20.745 DEBUG 14848 --- [main] org.hibernate.SQL                        : [ | ] 
    create table public.users (
        enabled boolean not null,
        created_at timestamp(6) with time zone not null,
        id bigint generated by default as identity,
        updated_at timestamp(6) with time zone not null,
        username varchar(50) not null unique,
        first_name varchar(100) not null,
        last_name varchar(100) not null,
        email varchar(255) not null unique,
        password_hash varchar(255) not null,
        primary key (id)
    )
2026-07-12 10:28:20.747 DEBUG 14848 --- [main] org.hibernate.SQL                        : [ | ] 
    alter table if exists public.activities 
       add constraint FKmfjrc8jdvy0yrr7x67qmrxkue 
       foreign key (actor_id) 
       references public.users
2026-07-12 10:28:20.749 DEBUG 14848 --- [main] org.hibernate.SQL                        : [ | ] 
    alter table if exists public.projects 
       add constraint FKmueqy6cpcwpfl8gnnag4idjt9 
       foreign key (owner_id) 
       references public.users
2026-07-12 10:28:20.752 DEBUG 14848 --- [main] org.hibernate.SQL                        : [ | ] 
    alter table if exists public.refresh_tokens 
       add constraint FK1lih5y2npsf8u5o3vhdb9y0os 
       foreign key (user_id) 
       references public.users
2026-07-12 10:28:20.753 DEBUG 14848 --- [main] org.hibernate.SQL                        : [ | ] 
    alter table if exists public.tasks 
       add constraint FKekr1dgiqktpyoip3qmp6lxsit 
       foreign key (assignee_id) 
       references public.users
2026-07-12 10:28:20.756 DEBUG 14848 --- [main] org.hibernate.SQL                        : [ | ] 
    alter table if exists public.tasks 
       add constraint FK9dgm9t7wn4w3gh57h63g712lo 
       foreign key (created_by) 
       references public.users
2026-07-12 10:28:20.758 DEBUG 14848 --- [main] org.hibernate.SQL                        : [ | ] 
    alter table if exists public.tasks 
       add constraint FKsfhn82y57i3k9uxww1s007acc 
       foreign key (project_id) 
       references public.projects
2026-07-12 10:28:20.759 DEBUG 14848 --- [main] org.hibernate.SQL                        : [ | ] 
    alter table if exists public.team_members 
       add constraint FKtgca08el3ofisywcf11f0f76t 
       foreign key (team_id) 
       references public.teams
2026-07-12 10:28:20.760 DEBUG 14848 --- [main] org.hibernate.SQL                        : [ | ] 
    alter table if exists public.team_members 
       add constraint FKee8x7x5026imwmma9kndkxs36 
       foreign key (user_id) 
       references public.users
2026-07-12 10:28:20.762 DEBUG 14848 --- [main] org.hibernate.SQL                        : [ | ] 
    alter table if exists public.user_roles 
       add constraint FKh8ciramu9cc9q3qcqiv4ue8a6 
       foreign key (role_id) 
       references public.roles
2026-07-12 10:28:20.764 DEBUG 14848 --- [main] org.hibernate.SQL                        : [ | ] 
    alter table if exists public.user_roles 
       add constraint FKhfh9dx7w3ubf1co1vdev94g3f 
       foreign key (user_id) 
       references public.users
2026-07-12 10:28:20.985  INFO 14848 --- [main] c.f.m.a.repository.RoleRepositoryTest    : [ | ] Started RoleRepositoryTest in 1.261 seconds (process running for 53.115)
2026-07-12 10:28:21.007 DEBUG 14848 --- [main] org.hibernate.SQL                        : [ | ] 
    insert 
    into
        public.roles
        (created_at, description, name, id) 
    values
        (?, ?, ?, default)
2026-07-12 10:28:21.021 DEBUG 14848 --- [main] org.hibernate.SQL                        : [ | ] 
    select
        r1_0.id,
        r1_0.created_at,
        r1_0.description,
        r1_0.name 
    from
        public.roles r1_0 
    where
        r1_0.name=?
2026-07-12 10:28:21.034 DEBUG 14848 --- [main] org.hibernate.SQL                        : [ | ] 
    insert 
    into
        public.roles
        (created_at, description, name, id) 
    values
        (?, ?, ?, default)
2026-07-12 10:28:21.040 DEBUG 14848 --- [main] org.hibernate.SQL                        : [ | ] 
    select
        r1_0.id 
    from
        public.roles r1_0 
    where
        r1_0.name=? 
    fetch
        first ? rows only
2026-07-12 10:28:21.052 DEBUG 14848 --- [main] org.hibernate.SQL                        : [ | ] 
    insert 
    into
        public.roles
        (created_at, description, name, id) 
    values
        (?, ?, ?, default)
2026-07-12 10:28:21.059 DEBUG 14848 --- [main] org.hibernate.SQL                        : [ | ] 
    select
        r1_0.id,
        r1_0.created_at,
        r1_0.description,
        r1_0.name 
    from
        public.roles r1_0
2026-07-12 10:28:21.082 DEBUG 14848 --- [main] org.hibernate.SQL                        : [ | ] 
    insert 
    into
        public.roles
        (created_at, description, name, id) 
    values
        (?, ?, ?, default)
2026-07-12 10:28:21.088 DEBUG 14848 --- [main] org.hibernate.SQL                        : [ | ] 
    insert 
    into
        public.roles
        (created_at, description, name, id) 
    values
        (?, ?, ?, default)
2026-07-12 10:28:21.109 DEBUG 14848 --- [main] org.hibernate.SQL                        : [ | ] 
    insert 
    into
        public.roles
        (created_at, description, name, id) 
    values
        (?, ?, ?, default)
2026-07-12 10:28:21.119 DEBUG 14848 --- [main] org.hibernate.SQL                        : [ | ] 
    select
        r1_0.id,
        r1_0.created_at,
        r1_0.description,
        r1_0.name 
    from
        public.roles r1_0 
    where
        r1_0.name=?
2026-07-12 10:28:21.130 DEBUG 14848 --- [main] org.hibernate.SQL                        : [ | ] 
    insert 
    into
        public.roles
        (created_at, description, name, id) 
    values
        (?, ?, ?, default)
2026-07-12 10:28:21.138 DEBUG 14848 --- [main] org.hibernate.SQL                        : [ | ] 
    select
        r1_0.id 
    from
        public.roles r1_0 
    where
        r1_0.name=? 
    fetch
        first ? rows only
2026-07-12 10:28:21.209 DEBUG 14848 --- [main] org.hibernate.SQL                        : [ | ] 
    insert 
    into
        public.roles
        (created_at, description, name, id) 
    values
        (?, ?, ?, default)
2026-07-12 10:28:21.213 DEBUG 14848 --- [main] org.hibernate.SQL                        : [ | ] 
    insert 
    into
        public.users
        (created_at, email, enabled, first_name, last_name, password_hash, updated_at, username, id) 
    values
        (?, ?, ?, ?, ?, ?, ?, ?, default)
2026-07-12 10:28:21.218 DEBUG 14848 --- [main] org.hibernate.SQL                        : [ | ] 
    select
        u1_0.id,
        u1_0.created_at,
        u1_0.email,
        u1_0.enabled,
        u1_0.first_name,
        u1_0.last_name,
        u1_0.password_hash,
        u1_0.updated_at,
        u1_0.username 
    from
        public.users u1_0 
    where
        u1_0.username=?
2026-07-12 10:28:21.230 DEBUG 14848 --- [main] org.hibernate.SQL                        : [ | ] 
    insert 
    into
        public.roles
        (created_at, description, name, id) 
    values
        (?, ?, ?, default)
2026-07-12 10:28:21.233 DEBUG 14848 --- [main] org.hibernate.SQL                        : [ | ] 
    insert 
    into
        public.users
        (created_at, email, enabled, first_name, last_name, password_hash, updated_at, username, id) 
    values
        (?, ?, ?, ?, ?, ?, ?, ?, default)
2026-07-12 10:28:21.241 DEBUG 14848 --- [main] org.hibernate.SQL                        : [ | ] 
    select
        u1_0.id,
        u1_0.created_at,
        u1_0.email,
        u1_0.enabled,
        u1_0.first_name,
        u1_0.last_name,
        u1_0.password_hash,
        u1_0.updated_at,
        u1_0.username 
    from
        public.users u1_0 
    where
        u1_0.email=?
2026-07-12 10:28:21.277 DEBUG 14848 --- [main] org.hibernate.SQL                        : [ | ] 
    insert 
    into
        public.roles
        (created_at, description, name, id) 
    values
        (?, ?, ?, default)
2026-07-12 10:28:21.282 DEBUG 14848 --- [main] org.hibernate.SQL                        : [ | ] 
    insert 
    into
        public.users
        (created_at, email, enabled, first_name, last_name, password_hash, updated_at, username, id) 
    values
        (?, ?, ?, ?, ?, ?, ?, ?, default)
2026-07-12 10:28:21.289 DEBUG 14848 --- [main] org.hibernate.SQL                        : [ | ] 
    select
        u1_0.id,
        u1_0.created_at,
        u1_0.email,
        u1_0.enabled,
        u1_0.first_name,
        u1_0.last_name,
        u1_0.password_hash,
        u1_0.updated_at,
        u1_0.username 
    from
        public.users u1_0 
    where
        u1_0.username=?
2026-07-12 10:28:21.315 DEBUG 14848 --- [main] org.hibernate.SQL                        : [ | ] 
    insert 
    into
        public.roles
        (created_at, description, name, id) 
    values
        (?, ?, ?, default)
2026-07-12 10:28:21.319 DEBUG 14848 --- [main] org.hibernate.SQL                        : [ | ] 
    insert 
    into
        public.users
        (created_at, email, enabled, first_name, last_name, password_hash, updated_at, username, id) 
    values
        (?, ?, ?, ?, ?, ?, ?, ?, default)
2026-07-12 10:28:21.324 DEBUG 14848 --- [main] org.hibernate.SQL                        : [ | ] 
    select
        u1_0.id,
        u1_0.created_at,
        u1_0.email,
        u1_0.enabled,
        u1_0.first_name,
        u1_0.last_name,
        u1_0.password_hash,
        u1_0.updated_at,
        u1_0.username 
    from
        public.users u1_0 
    where
        u1_0.username=?
2026-07-12 10:28:21.334 DEBUG 14848 --- [main] org.hibernate.SQL                        : [ | ] 
    insert 
    into
        public.roles
        (created_at, description, name, id) 
    values
        (?, ?, ?, default)
2026-07-12 10:28:21.339 DEBUG 14848 --- [main] org.hibernate.SQL                        : [ | ] 
    insert 
    into
        public.users
        (created_at, email, enabled, first_name, last_name, password_hash, updated_at, username, id) 
    values
        (?, ?, ?, ?, ?, ?, ?, ?, default)
2026-07-12 10:28:21.344 DEBUG 14848 --- [main] org.hibernate.SQL                        : [ | ] 
    select
        u1_0.id 
    from
        public.users u1_0 
    where
        u1_0.email=? 
    fetch
        first ? rows only
2026-07-12 10:28:21.373 DEBUG 14848 --- [main] org.hibernate.SQL                        : [ | ] 
    insert 
    into
        public.roles
        (created_at, description, name, id) 
    values
        (?, ?, ?, default)
2026-07-12 10:28:21.378 DEBUG 14848 --- [main] org.hibernate.SQL                        : [ | ] 
    insert 
    into
        public.users
        (created_at, email, enabled, first_name, last_name, password_hash, updated_at, username, id) 
    values
        (?, ?, ?, ?, ?, ?, ?, ?, default)
2026-07-12 10:28:21.386 DEBUG 14848 --- [main] org.hibernate.SQL                        : [ | ] 
    select
        u1_0.id 
    from
        public.users u1_0 
    where
        u1_0.username=? 
    fetch
        first ? rows only
2026-07-12 10:28:21.399 DEBUG 14848 --- [main] org.hibernate.SQL                        : [ | ] 
    insert 
    into
        public.roles
        (created_at, description, name, id) 
    values
        (?, ?, ?, default)
2026-07-12 10:28:21.403 DEBUG 14848 --- [main] org.hibernate.SQL                        : [ | ] 
    insert 
    into
        public.users
        (created_at, email, enabled, first_name, last_name, password_hash, updated_at, username, id) 
    values
        (?, ?, ?, ?, ?, ?, ?, ?, default)
2026-07-12 10:28:21.407 DEBUG 14848 --- [main] org.hibernate.SQL                        : [ | ] 
    select
        u1_0.id 
    from
        public.users u1_0 
    where
        u1_0.email=? 
    fetch
        first ? rows only
2026-07-12 10:28:21.416 DEBUG 14848 --- [main] org.hibernate.SQL                        : [ | ] 
    insert 
    into
        public.roles
        (created_at, description, name, id) 
    values
        (?, ?, ?, default)
2026-07-12 10:28:21.421 DEBUG 14848 --- [main] org.hibernate.SQL                        : [ | ] 
    insert 
    into
        public.users
        (created_at, email, enabled, first_name, last_name, password_hash, updated_at, username, id) 
    values
        (?, ?, ?, ?, ?, ?, ?, ?, default)
2026-07-12 10:28:21.427 DEBUG 14848 --- [main] org.hibernate.SQL                        : [ | ] 
    select
        u1_0.id,
        u1_0.created_at,
        u1_0.email,
        u1_0.enabled,
        u1_0.first_name,
        u1_0.last_name,
        u1_0.password_hash,
        u1_0.updated_at,
        u1_0.username 
    from
        public.users u1_0 
    where
        u1_0.username=?
2026-07-12 10:28:21.439 DEBUG 14848 --- [main] org.hibernate.SQL                        : [ | ] 
    insert 
    into
        public.roles
        (created_at, description, name, id) 
    values
        (?, ?, ?, default)
2026-07-12 10:28:21.442 DEBUG 14848 --- [main] org.hibernate.SQL                        : [ | ] 
    insert 
    into
        public.users
        (created_at, email, enabled, first_name, last_name, password_hash, updated_at, username, id) 
    values
        (?, ?, ?, ?, ?, ?, ?, ?, default)
2026-07-12 10:28:21.446 DEBUG 14848 --- [main] org.hibernate.SQL                        : [ | ] 
    select
        u1_0.id 
    from
        public.users u1_0 
    where
        u1_0.username=? 
    fetch
        first ? rows only
2026-07-12 10:28:21.456 DEBUG 14848 --- [main] org.hibernate.SQL                        : [ | ] 
    insert 
    into
        public.roles
        (created_at, description, name, id) 
    values
        (?, ?, ?, default)
2026-07-12 10:28:21.458 DEBUG 14848 --- [main] org.hibernate.SQL                        : [ | ] 
    insert 
    into
        public.users
        (created_at, email, enabled, first_name, last_name, password_hash, updated_at, username, id) 
    values
        (?, ?, ?, ?, ?, ?, ?, ?, default)
2026-07-12 10:28:21.462 DEBUG 14848 --- [main] org.hibernate.SQL                        : [ | ] 
    select
        u1_0.id,
        u1_0.created_at,
        u1_0.email,
        u1_0.enabled,
        u1_0.first_name,
        u1_0.last_name,
        u1_0.password_hash,
        u1_0.updated_at,
        u1_0.username 
    from
        public.users u1_0 
    where
        u1_0.username=?
2026-07-12 10:28:21.472 DEBUG 14848 --- [main] org.hibernate.SQL                        : [ | ] 
    insert 
    into
        public.roles
        (created_at, description, name, id) 
    values
        (?, ?, ?, default)
2026-07-12 10:28:21.474 DEBUG 14848 --- [main] org.hibernate.SQL                        : [ | ] 
    insert 
    into
        public.users
        (created_at, email, enabled, first_name, last_name, password_hash, updated_at, username, id) 
    values
        (?, ?, ?, ?, ?, ?, ?, ?, default)
2026-07-12 10:28:21.484 DEBUG 14848 --- [main] org.hibernate.SQL                        : [ | ] 
    insert 
    into
        public.roles
        (created_at, description, name, id) 
    values
        (?, ?, ?, default)
2026-07-12 10:28:21.486 DEBUG 14848 --- [main] org.hibernate.SQL                        : [ | ] 
    insert 
    into
        public.users
        (created_at, email, enabled, first_name, last_name, password_hash, updated_at, username, id) 
    values
        (?, ?, ?, ?, ?, ?, ?, ?, default)
2026-07-12 10:28:21.490 DEBUG 14848 --- [main] org.hibernate.SQL                        : [ | ] 
    select
        u1_0.id,
        u1_0.created_at,
        u1_0.email,
        u1_0.enabled,
        u1_0.first_name,
        u1_0.last_name,
        u1_0.password_hash,
        u1_0.updated_at,
        u1_0.username 
    from
        public.users u1_0 
    where
        u1_0.email=?
2026-07-12 10:28:22.328  INFO 14848 --- [main] c.f.modules.auth.service.AuthService     : [ | ] User 'alicesmith' (ID: 1) logged in successfully
2026-07-12 10:28:22.338  INFO 14848 --- [main] c.f.modules.auth.service.AuthService     : [ | ] User 'alicesmith' (ID: 1) logged in successfully
2026-07-12 10:28:22.347  INFO 14848 --- [main] c.f.modules.auth.service.AuthService     : [ | ] User 'alicesmith' (ID: 1) logged in successfully
2026-07-12 10:28:22.371  INFO 14848 --- [main] c.f.modules.auth.service.AuthService     : [ | ] User 'alicesmith' (ID: 1) logged in successfully
2026-07-12 10:28:22.382  INFO 14848 --- [main] c.f.modules.auth.service.AuthService     : [ | ] User 'alicesmith' (ID: 1) logged in successfully
2026-07-12 10:28:22.407 DEBUG 14848 --- [main] c.f.modules.auth.service.AuthService     : [ | ] Authentication failure for identifier 'alicesmith': DisabledException
2026-07-12 10:28:22.418 DEBUG 14848 --- [main] c.f.modules.auth.service.AuthService     : [ | ] Authentication failure for identifier 'alicesmith': BadCredentialsException
2026-07-12 10:28:22.426  INFO 14848 --- [main] c.f.modules.auth.service.AuthService     : [ | ] User 'alicesmith' (ID: 1) logged in successfully
2026-07-12 10:28:22.447  INFO 14848 --- [main] c.f.modules.auth.service.AuthService     : [ | ] User 'alicesmith' (ID: 1) logged in successfully
2026-07-12 10:28:22.458 DEBUG 14848 --- [main] c.f.modules.auth.service.AuthService     : [ | ] Attempting to register new user: johndoe
2026-07-12 10:28:22.459  INFO 14848 --- [main] c.f.modules.auth.service.AuthService     : [ | ] Successfully registered user: johndoe with ID: 2
2026-07-12 10:28:22.463 DEBUG 14848 --- [main] c.f.modules.auth.service.AuthService     : [ | ] Attempting to register new user: johndoe
2026-07-12 10:28:22.466  INFO 14848 --- [main] c.f.modules.auth.service.AuthService     : [ | ] Successfully registered user: johndoe with ID: 3
2026-07-12 10:28:22.470 DEBUG 14848 --- [main] c.f.modules.auth.service.AuthService     : [ | ] Attempting to register new user: johndoe
2026-07-12 10:28:22.480 DEBUG 14848 --- [main] c.f.modules.auth.service.AuthService     : [ | ] Attempting to register new user: johndoe
2026-07-12 10:28:22.480  INFO 14848 --- [main] c.f.modules.auth.service.AuthService     : [ | ] Successfully registered user: johndoe with ID: 1
2026-07-12 10:28:22.487 DEBUG 14848 --- [main] c.f.modules.auth.service.AuthService     : [ | ] Attempting to register new user: johndoe
2026-07-12 10:28:22.499  INFO 14848 --- [main] c.f.m.auth.service.UserServiceImpl       : [ | ] User testuser updated their profile
2026-07-12 10:28:22.519  INFO 14848 --- [main] c.f.m.auth.service.UserServiceImpl       : [ | ] User testuser deactivated their account
2026-07-12 10:28:22.837  INFO 14848 --- [main] c.f.m.p.service.ProjectServiceImpl       : [ | ] Project updated: id=b64b9993-24fd-4131-8d14-b6ca6e4879ef, name=Test Project
2026-07-12 10:28:22.851  WARN 14848 --- [main] c.f.m.p.service.ProjectServiceImpl       : [ | ] Project not found: id=5bbc403d-5f2c-493f-8c2a-d866ea51d325
2026-07-12 10:28:22.858  WARN 14848 --- [main] c.f.m.p.service.ProjectServiceImpl       : [ | ] Access denied: User 2 attempted to modify Project 5d4bd303-ec54-483b-a18b-62c11163d985 owned by User 1
2026-07-12 10:28:22.863  INFO 14848 --- [main] c.f.m.p.service.ProjectServiceImpl       : [ | ] Project deleted: id=f39c0e26-5752-405e-a3b3-37de1b3f5559
2026-07-12 10:28:22.870  INFO 14848 --- [main] c.f.m.p.service.ProjectServiceImpl       : [ | ] Project created: id=37e007ee-6d9e-406b-ae19-e58b0f5a178c, name=Test Project
2026-07-12 10:28:23.113  INFO 14848 --- [main] c.f.m.task.service.TaskServiceImpl       : [ | ] Task created: id=a7218f81-3c7f-488b-80f1-ed9eaf5c94ff, title=Test Task, project=c9a6d87d-ef1d-405a-a10a-c32186f299af, by=1
2026-07-12 10:28:23.120  WARN 14848 --- [main] c.f.m.task.service.TaskServiceImpl       : [ | ] Unauthorized access: user=1 attempted action on project=013d3366-7dff-49ca-aaf8-5d781f654753 owned by=2
2026-07-12 10:28:23.127  INFO 14848 --- [main] c.f.m.task.service.TaskServiceImpl       : [ | ] Task deleted: id=b86eaa28-43b8-4fcd-9d1b-31dc81dcc01c, by=1
2026-07-12 10:28:23.134  WARN 14848 --- [main] c.f.m.task.service.TaskServiceImpl       : [ | ] Task not found: id=6f4ad355-04dc-472a-94b9-57c9db5860b7
2026-07-12 10:28:23.174  INFO 14848 --- [SpringApplicationShutdownHook] org.springframework.web.SimpLogging      : [ | ] Stopping...
2026-07-12 10:28:23.175  INFO 14848 --- [SpringApplicationShutdownHook] org.springframework.web.SimpLogging      : [ | ] BrokerAvailabilityEvent[available=false, SimpleBrokerMessageHandler [org.springframework.messaging.simp.broker.DefaultSubscriptionRegistry@38421084]]
2026-07-12 10:28:23.175  INFO 14848 --- [SpringApplicationShutdownHook] org.springframework.web.SimpLogging      : [ | ] Stopped.
2026-07-12 10:28:23.206 DEBUG 14848 --- [SpringApplicationShutdownHook] org.hibernate.SQL                        : [ | ] 
    drop table if exists public.activities cascade 
2026-07-12 10:28:23.209 DEBUG 14848 --- [SpringApplicationShutdownHook] org.hibernate.SQL                        : [ | ] 
    drop table if exists public.knowledge_chunks cascade 
2026-07-12 10:28:23.209 DEBUG 14848 --- [SpringApplicationShutdownHook] org.hibernate.SQL                        : [ | ] 
    drop table if exists public.knowledge_documents cascade 
2026-07-12 10:28:23.209 DEBUG 14848 --- [SpringApplicationShutdownHook] org.hibernate.SQL                        : [ | ] 
    drop table if exists public.projects cascade 
2026-07-12 10:28:23.209 DEBUG 14848 --- [SpringApplicationShutdownHook] org.hibernate.SQL                        : [ | ] 
    drop table if exists public.refresh_tokens cascade 
2026-07-12 10:28:23.209 DEBUG 14848 --- [SpringApplicationShutdownHook] org.hibernate.SQL                        : [ | ] 
    drop table if exists public.roles cascade 
2026-07-12 10:28:23.209 DEBUG 14848 --- [SpringApplicationShutdownHook] org.hibernate.SQL                        : [ | ] 
    drop table if exists public.tasks cascade 
2026-07-12 10:28:23.209 DEBUG 14848 --- [SpringApplicationShutdownHook] org.hibernate.SQL                        : [ | ] 
    drop table if exists public.team_members cascade 
2026-07-12 10:28:23.209 DEBUG 14848 --- [SpringApplicationShutdownHook] org.hibernate.SQL                        : [ | ] 
    drop table if exists public.teams cascade 
2026-07-12 10:28:23.209 DEBUG 14848 --- [SpringApplicationShutdownHook] org.hibernate.SQL                        : [ | ] 
    drop table if exists public.user_roles cascade 
2026-07-12 10:28:23.209 DEBUG 14848 --- [SpringApplicationShutdownHook] org.hibernate.SQL                        : [ | ] 
    drop table if exists public.users cascade 
2026-07-12 10:28:23.231  INFO 14848 --- [SpringApplicationShutdownHook] org.springframework.web.SimpLogging      : [ | ] Stopping...
2026-07-12 10:28:23.231  INFO 14848 --- [SpringApplicationShutdownHook] org.springframework.web.SimpLogging      : [ | ] BrokerAvailabilityEvent[available=false, SimpleBrokerMessageHandler [org.springframework.messaging.simp.broker.DefaultSubscriptionRegistry@2c297832]]
2026-07-12 10:28:23.231  INFO 14848 --- [SpringApplicationShutdownHook] org.springframework.web.SimpLogging      : [ | ] Stopped.
2026-07-12 10:28:23.243 DEBUG 14848 --- [SpringApplicationShutdownHook] org.hibernate.SQL                        : [ | ] 
    drop table if exists public.activities cascade 
2026-07-12 10:28:23.243 DEBUG 14848 --- [SpringApplicationShutdownHook] org.hibernate.SQL                        : [ | ] 
    drop table if exists public.knowledge_chunks cascade 
2026-07-12 10:28:23.243 DEBUG 14848 --- [SpringApplicationShutdownHook] org.hibernate.SQL                        : [ | ] 
    drop table if exists public.knowledge_documents cascade 
2026-07-12 10:28:23.243 DEBUG 14848 --- [SpringApplicationShutdownHook] org.hibernate.SQL                        : [ | ] 
    drop table if exists public.projects cascade 
2026-07-12 10:28:23.243 DEBUG 14848 --- [SpringApplicationShutdownHook] org.hibernate.SQL                        : [ | ] 
    drop table if exists public.refresh_tokens cascade 
2026-07-12 10:28:23.243 DEBUG 14848 --- [SpringApplicationShutdownHook] org.hibernate.SQL                        : [ | ] 
    drop table if exists public.roles cascade 
2026-07-12 10:28:23.243 DEBUG 14848 --- [SpringApplicationShutdownHook] org.hibernate.SQL                        : [ | ] 
    drop table if exists public.tasks cascade 
2026-07-12 10:28:23.243 DEBUG 14848 --- [SpringApplicationShutdownHook] org.hibernate.SQL                        : [ | ] 
    drop table if exists public.team_members cascade 
2026-07-12 10:28:23.248 DEBUG 14848 --- [SpringApplicationShutdownHook] org.hibernate.SQL                        : [ | ] 
    drop table if exists public.teams cascade 
2026-07-12 10:28:23.248 DEBUG 14848 --- [SpringApplicationShutdownHook] org.hibernate.SQL                        : [ | ] 
    drop table if exists public.user_roles cascade 
2026-07-12 10:28:23.248 DEBUG 14848 --- [SpringApplicationShutdownHook] org.hibernate.SQL                        : [ | ] 
    drop table if exists public.users cascade 
2026-07-12 10:28:23.255 DEBUG 14848 --- [SpringApplicationShutdownHook] org.hibernate.SQL                        : [ | ] 
    drop table if exists public.activities cascade 
2026-07-12 10:28:23.259 DEBUG 14848 --- [SpringApplicationShutdownHook] org.hibernate.SQL                        : [ | ] 
    drop table if exists public.knowledge_chunks cascade 
2026-07-12 10:28:23.259 DEBUG 14848 --- [SpringApplicationShutdownHook] org.hibernate.SQL                        : [ | ] 
    drop table if exists public.knowledge_documents cascade 
2026-07-12 10:28:23.260 DEBUG 14848 --- [SpringApplicationShutdownHook] org.hibernate.SQL                        : [ | ] 
    drop table if exists public.projects cascade 
2026-07-12 10:28:23.260 DEBUG 14848 --- [SpringApplicationShutdownHook] org.hibernate.SQL                        : [ | ] 
    drop table if exists public.refresh_tokens cascade 
2026-07-12 10:28:23.260 DEBUG 14848 --- [SpringApplicationShutdownHook] org.hibernate.SQL                        : [ | ] 
    drop table if exists public.roles cascade 
2026-07-12 10:28:23.260 DEBUG 14848 --- [SpringApplicationShutdownHook] org.hibernate.SQL                        : [ | ] 
    drop table if exists public.tasks cascade 
2026-07-12 10:28:23.263 DEBUG 14848 --- [SpringApplicationShutdownHook] org.hibernate.SQL                        : [ | ] 
    drop table if exists public.team_members cascade 
2026-07-12 10:28:23.263 DEBUG 14848 --- [SpringApplicationShutdownHook] org.hibernate.SQL                        : [ | ] 
    drop table if exists public.teams cascade 
2026-07-12 10:28:23.263 DEBUG 14848 --- [SpringApplicationShutdownHook] org.hibernate.SQL                        : [ | ] 
    drop table if exists public.user_roles cascade 
2026-07-12 10:28:23.263 DEBUG 14848 --- [SpringApplicationShutdownHook] org.hibernate.SQL                        : [ | ] 
    drop table if exists public.users cascade 
